time,class,RMS_ch1,MAV_ch1,RMS_ch2,MAV_ch2,RMS_ch3,MAV_ch3,RMS_ch4,MAV_ch4,RMS_ch5,MAV_ch5,RMS_ch6,MAV_ch6,RMS_ch7,MAV_ch7,RMS_ch8,MAV_ch8
65,0,6.770512732017542e-06,5.537493546144673e-06,2.533827061404182e-05,2.0941934295356763e-05,2.9618933242399127e-05,2.6281849678617217e-05,2.4622926079204837e-05,2.0465397224460808e-05,1.0004673795254876e-05,8.240174944231306e-06,8.554126577811981e-06,6.293434256932376e-06,6.281354074329794e-06,4.55633723906155e-06,8.01599211585952e-06,5.571817638975338e-06
117,0,9.616903078377498e-06,7.323377376222712e-06,2.1915920759744538e-05,1.8086544335106682e-05,2.7161668256118006e-05,2.3095956120817263e-05,2.3990064505011686e-05,1.7937701492393366e-05,9.928449918946951e-06,8.107953322556588e-06,4.441248026401506e-06,3.0351508807246196e-06,6.048596372492633e-06,4.525963857970047e-06,6.144528780070829e-06,5.0647821222954065e-06
170,0,1.1396012331909556e-05,9.460489870588773e-06,1.652149006492412e-05,1.2222271122087316e-05,2.2743933129753465e-05,1.7116460246319145e-05,2.1781825832909913e-05,1.5247149840043873e-05,1.0047018637303402e-05,7.694955232497652e-06,3.745438981952437e-06,2.8446379820568746e-06,8.400832168922646e-06,6.523642255464366e-06,6.139365511044938e-06,5.084787044768667e-06
222,0,1.1104096441982702e-05,8.723473599836898e-06,1.416840186771583e-05,9.122005458257793e-06,1.464595487800094e-05,1.265765401439493e-05,1.2326741214878451e-05,9.356849314034605e-06,8.917998639176908e-06,6.239212242385291e-06,5.0148508089648894e-06,3.4651228345315997e-06,9.133305389811903e-06,6.61374819247609e-06,3.7223507172182766e-06,2.856207758125669e-06
278,0,1.1644948882371577e-05,9.557801941982186e-06,1.6422713339866698e-05,1.184021617794012e-05,1.2849394176770458e-05,1.0846696775254233e-05,1.4202434423233232e-05,1.2305109782543145e-05,1.085830134669476e-05,8.443973487938261e-06,4.753576986541722e-06,3.3800537841741264e-06,7.193042280103075e-06,4.991482824668367e-06,7.1296974716726834e-06,5.499745987020731e-06
333,0,9.05471036659359e-06,7.451479225992333e-06,1.7257784868000203e-05,1.4337417001329804e-05,1.1165958181255965e-05,8.77617574707362e-06,1.9773417416425947e-05,1.6433641115469805e-05,1.0525124360239896e-05,8.985002299632864e-06,5.1659415836212865e-06,4.047860748944358e-06,5.231951151729797e-06,3.828501259382152e-06,1.0112867473169968e-05,8.462015831994532e-06
389,0,7.13044510687209e-06,5.713253564317229e-06,1.4670002612158648e-05,9.954605326926596e-06,1.572569868065922e-05,1.2521370242454904e-05,1.7123940670419466e-05,1.2062659499323835e-05,8.724191370651074e-06,7.347205157296898e-06,5.016818169900383e-06,3.815312433981671e-06,4.362412643338797e-06,3.508873782936387e-06,7.955288597184703e-06,5.699097503627415e-06
441,0,6.968817255569099e-06,5.623395679113454e-06,7.315716247876904e-06,5.06050246157565e-06,2.1413013401250778e-05,1.7051791570436456e-05,8.424591924683686e-06,6.290314095330593e-06,8.347020761547283e-06,6.584112926215694e-06,4.8167191675048254e-06,3.981961063283461e-06,5.472082179869737e-06,4.771514763339595e-06,3.091881579618841e-06,2.706272719413171e-06
494,0,5.29610852895175e-06,3.58702674088811e-06,1.3474002483897336e-05,9.935309937596098e-06,2.0209698195879376e-05,1.526368004935195e-05,1.3397051776913825e-05,9.6757091648852e-06,6.438194664400047e-06,4.776436309258263e-06,6.150323450668353e-06,5.026035358192908e-06,4.083637947714596e-06,3.0546324169290903e-06,5.136060123918391e-06,4.290741402822504e-06
549,0,3.6263183345269482e-06,2.4867654166796355e-06,1.3790703552602072e-05,1.0465398549803053e-05,1.4589547747703962e-05,1.1767306226805197e-05,1.5504057496721783e-05,1.2494418852698443e-05,7.733988522876045e-06,5.582778418448107e-06,7.911794323387118e-06,6.07062405015538e-06,3.6658987217630977e-06,2.403481362093035e-06,6.378725972864486e-06,5.265574765221504e-06
600,0,6.124068247260845e-06,4.949354302071954e-06,9.634161504930309e-06,8.153626067870979e-06,1.1346306467190881e-05,9.278042719328161e-06,1.1404624815424032e-05,9.151645580319896e-06,7.490895092534883e-06,5.077099179287606e-06,8.458382666708775e-06,6.969778921618979e-06,5.380375755846361e-06,3.915927938594351e-06,7.201903362748711e-06,5.314439301628658e-06
652,0,1.2299612402480398e-05,9.559680331877757e-06,1.595194698222733e-05,1.2420733364202922e-05,9.259223881811026e-06,7.24894489898097e-06,6.529766653508948e-06,4.985472773550799e-06,3.3518211975271602e-06,2.0087712822346725e-06,1.1227693411747112e-05,8.48234025282405e-06,8.006052247061958e-06,6.041788994045334e-06,8.052753306125046e-06,6.620739205838739e-06
705,0,1.2605005088332928e-05,9.772030871646787e-06,1.8053444197026744e-05,1.3124254512198426e-05,1.2854195879882245e-05,9.714286724163999e-06,6.01529097044263e-06,4.564583894634773e-06,4.363603567614843e-06,2.3968161366581723e-06,1.0316916969463787e-05,6.743955960699666e-06,7.849896333338419e-06,5.8366125176146144e-06,7.3228176456340685e-06,6.269579169576969e-06
757,0,7.027695439755749e-06,4.996816408255969e-06,1.2218187812011884e-05,7.524750966074558e-06,1.3134065848811587e-05,1.0327024404242395e-05,1.1300544442785198e-05,8.83500261657286e-06,6.549935961876937e-06,3.6681873642421767e-06,3.8669990486126466e-06,2.6358651692074017e-06,6.68350028639702e-06,5.47636260293483e-06,5.878765932771122e-06,4.577757732416791e-06
809,0,6.6559814810398024e-06,4.537285765152524e-06,1.6350279777203518e-05,1.2160579088996108e-05,1.597821507638844e-05,1.3092019972545234e-05,1.7114284097825454e-05,1.5489298976747727e-05,7.988356274815453e-06,5.182976264511469e-06,4.544697932776909e-06,3.2523156324748383e-06,7.890223322999977e-06,6.719106471022519e-06,6.3662268575370905e-06,4.774804016688311e-06
861,0,1.607704143409209e-05,1.1801234053236821e-05,2.0400536410262167e-05,1.672934539785412e-05,2.042484902078254e-05,1.655032098685138e-05,2.097184301914188e-05,1.7406516290472267e-05,1.2944817489553366e-05,9.673164208660896e-06,5.100444023654392e-06,4.03098005883118e-06,7.589590931561273e-06,6.381077676307905e-06,6.339158586554158e-06,4.9391970789196566e-06
914,0,1.720188446379629e-05,1.3687461006956625e-05,1.7062369908159967e-05,1.3249905489995087e-05,1.8533481027525263e-05,1.3171957856969087e-05,1.64925467626273e-05,1.0670337534446578e-05,1.2359930838282708e-05,9.031064871387837e-06,5.237976506981084e-06,4.445358511544967e-06,9.215750133922788e-06,8.22332707715976e-06,6.851064922523237e-06,5.664033648239897e-06
966,0,1.0418189619856118e-05,9.085258500896006e-06,1.4020203275244378e-05,1.0908575325270681e-05,1.385716760286228e-05,9.401912336796272e-06,8.014752914913755e-06,5.794050491282675e-06,6.813955006591283e-06,4.766159498193774e-06,5.935757637512611e-06,5.44468095182709e-06,8.872750717473926e-06,7.684489761033423e-06,6.801949055937414e-06,5.386249505695098e-06
1020,0,7.491606178050575e-06,6.597889184841833e-06,1.157006305939489e-05,9.326404347855703e-06,1.0490334400992563e-05,7.730899407131751e-06,7.462990479060542e-06,5.307039678814695e-06,8.030008696058652e-06,5.4505612303808626e-06,5.433250050293289e-06,4.60142395852072e-06,6.4178876632094965e-06,5.354061231044425e-06,7.2948662757667994e-06,5.7232435951845706e-06
1075,0,7.1010333263545615e-06,5.847223595611324e-06,8.536529229745193e-06,6.762567550313151e-06,8.597380835739791e-06,7.238443151718828e-06,6.1694144768259174e-06,5.199533409761732e-06,9.292614047421825e-06,7.762966426175939e-06,6.190467053563679e-06,4.37718923213876e-06,5.01377217114376e-06,3.6898194847820543e-06,8.915783767173399e-06,7.966632070116893e-06
1126,0,7.494868981996161e-06,5.921137470693072e-06,1.2705260985401774e-05,8.269552736952178e-06,1.3401067143198325e-05,1.000562895769487e-05,7.1171800177643296e-06,5.907748704356983e-06,8.549794443041343e-06,7.221076876058267e-06,6.218170134859083e-06,4.718980994058163e-06,4.333181035056358e-06,3.279408753161137e-06,7.253296444254908e-06,5.895735175392435e-06
1177,0,6.033124942702316e-06,4.594023182859597e-06,1.2780971005949038e-05,8.147729442253545e-06,1.3559339212045043e-05,1.0201201280856592e-05,8.261534047588056e-06,6.4588230371855895e-06,7.20939527051188e-06,5.9527979381739026e-06,4.585042350973627e-06,3.734041349767471e-06,5.7565087303594e-06,4.613475081395311e-06,5.345398352083597e-06,4.257852969226564e-06
1228,0,3.75048176729133e-06,2.8131710608602717e-06,1.1567133813738683e-05,7.94890430510757e-06,7.096671751335212e-06,5.8523932209925655e-06,7.072527701035829e-06,4.937360775365932e-06,6.952985455556912e-06,6.056544214298891e-06,7.681050418348495e-06,6.075706836474956e-06,4.386713376389831e-06,3.107250812847724e-06,6.390234885558256e-06,5.666883072620277e-06
1279,0,5.327045651175421e-06,3.873239035692678e-06,1.6292565661205053e-05,1.3690818850943795e-05,1.4695251520279438e-05,1.0908605539985104e-05,1.0213526982190326e-05,7.338052467203326e-06,9.54349495743561e-06,8.002213077114215e-06,9.133575958141374e-06,7.851513567403212e-06,5.53168261615241e-06,3.969783673709279e-06,7.300163337237895e-06,5.9996049996908716e-06
1332,0,8.480928253234083e-06,6.4402500195176185e-06,1.3751515621834008e-05,1.0854936865570526e-05,2.1527995700265628e-05,1.7774792465771044e-05,1.5030001828363173e-05,1.221525807387408e-05,1.0781149004022871e-05,8.584845511928478e-06,6.370377925309407e-06,4.673798416430119e-06,7.790458033624883e-06,5.716905301628563e-06,6.094692946515134e-06,4.562341468397817e-06
1384,0,9.452667008857027e-06,6.470358530350382e-06,1.1143812714755967e-05,7.306362484147322e-06,1.804850432641382e-05,1.3398984289125538e-05,1.300351955026953e-05,9.754480199964436e-06,8.113620132711151e-06,5.823950728814329e-06,4.368376829667829e-06,3.2158462589143903e-06,7.160293644953124e-06,5.123399945369864e-06,4.762142569983551e-06,3.7432309014487222e-06
1435,0,7.064399881677422e-06,4.0380256717645605e-06,1.0099913488882279e-05,6.632576600545015e-06,1.218738990462158e-05,1.0158223105466183e-05,7.824142054860384e-06,6.151854701747632e-06,4.691370959457443e-06,3.588377628209874e-06,3.9635514731646625e-06,2.7193281934300865e-06,5.383956582547082e-06,4.009457941507306e-06,4.5441233081976345e-06,3.388682731059676e-06
1486,0,6.5734806594104485e-06,4.5148806235191154e-06,8.507855580895734e-06,7.042426769890674e-06,1.749444767549222e-05,1.4694748199014345e-05,1.0017935897490307e-05,8.128927109821264e-06,4.494417679955783e-06,3.581843054457391e-06,6.466249281576203e-06,4.841183380850506e-06,5.37370959254193e-06,4.286753087895589e-06,7.048305169749957e-06,5.509379802049824e-06
1538,0,7.765067949743033e-06,6.0062286134460295e-06,1.02736496273945e-05,8.458841065709113e-06,1.695948102010401e-05,1.3131491205069109e-05,1.2678477383861555e-05,1.1603383731939325e-05,7.1281251838286625e-06,5.68064490631888e-06,8.567293012330088e-06,7.194922232746448e-06,6.651858360501627e-06,5.089935370076223e-06,7.230566764035359e-06,5.381077849083929e-06
1590,0,7.683056196134454e-06,5.735721234057543e-06,9.413297946566271e-06,7.024794192415506e-06,9.066404465588569e-06,6.000133850948238e-06,9.763423798250716e-06,8.065739161809003e-06,6.7645784874873785e-06,5.190776846539327e-06,6.637320308751745e-06,4.661550829909123e-06,6.329246773185846e-06,3.94366327970093e-06,4.101928700924673e-06,2.6159297773777404e-06
1641,0,7.650753447701568e-06,5.209249356570352e-06,8.054548478870048e-06,5.488987943492767e-06,7.2238161112104156e-06,4.539276827306531e-06,5.714706707004584e-06,4.366292251719457e-06,5.276371114406206e-06,3.6708777894438377e-06,6.2845400825627095e-06,4.685052097320653e-06,5.501822292990071e-06,3.5605259092668644e-06,3.5762139911964415e-06,2.4772255538419186e-06
1692,0,6.205612339319224e-06,4.275478997016202e-06,7.867815825895147e-06,5.291159199221243e-06,6.675169223292845e-06,4.651367754721145e-06,6.504712293324616e-06,5.156363015954327e-06,8.401414893714443e-06,6.6950461711434486e-06,6.548436009814783e-06,5.291862236672085e-06,5.495248094810556e-06,4.2219209569354416e-06,4.966188879165046e-06,3.7521944067690933e-06
1744,0,5.300213301619101e-06,4.324258809860096e-06,9.599272003913473e-06,7.438223156475686e-06,4.716809762195516e-06,3.7942925518475285e-06,8.661073336951692e-06,7.520229264033532e-06,7.677728679272694e-06,6.127890331525084e-06,4.253086979919524e-06,3.4641726262984616e-06,5.54199626752305e-06,4.70450380147779e-06,6.438383747999694e-06,5.366611375490323e-06
1795,0,5.672134951106517e-06,4.907890012463461e-06,9.330239698246139e-06,7.239002291161327e-06,6.351202826288822e-06,4.603548420667753e-06,1.0275246589651219e-05,9.310908680923304e-06,7.142029786709878e-06,4.828214500851848e-06,8.076397757110155e-06,5.9527243111424874e-06,7.659165681718446e-06,6.7991396795854974e-06,9.106122395825077e-06,7.429587995179584e-06
1846,0,6.2274567437375645e-06,5.352292357657338e-06,9.646783697491441e-06,7.403879075617623e-06,1.5740861509287305e-05,1.214049942565324e-05,1.4982276179335064e-05,1.3345912874377985e-05,7.263494029848866e-06,5.2802803989065585e-06,1.076387773153899e-05,9.215283075440473e-06,8.152566870524892e-06,7.303820046489018e-06,8.8401249341277e-06,7.313480139170118e-06
1897,0,6.9826430759919285e-06,5.878562094377908e-06,1.0855067418157191e-05,9.58596654518302e-06,1.8101542164946833e-05,1.5844175713389334e-05,1.5577763162121e-05,1.3276276920441484e-05,4.803166025920985e-06,3.917717757622608e-06,8.49589556705134e-06,6.911351098345339e-06,5.927407826104123e-06,4.7641875418537335e-06,5.837886792755132e-06,4.832271707401513e-06
1948,0,6.4965763381845584e-06,5.578500916548777e-06,1.0373195648198159e-05,9.676448415072559e-06,1.2724846610488336e-05,1.0903705113918771e-05,1.031139346765448e-05,7.600222786616784e-06,9.191301544610266e-06,7.663409456650856e-06,5.961603427047871e-06,5.274702473961465e-06,8.693694933510932e-06,6.4407180025004905e-06,5.147844563405973e-06,3.905817099132528e-06
1999,0,6.024260006509901e-06,4.7610271167288646e-06,1.0935341701026093e-05,9.586618952200748e-06,1.1498325055579046e-05,9.79549294618137e-06,9.445494021897399e-06,7.198609491984296e-06,1.2359577268873724e-05,1.0871626642613606e-05,6.649317168865223e-06,5.449765369653697e-06,1.0812343895140382e-05,8.727570178456974e-06,8.20104641815866e-06,6.0510788147934505e-06
2050,0,1.0071013520550799e-05,8.0116215051072e-06,1.4471916860330251e-05,1.1889584166627281e-05,2.6082849955832193e-05,2.0214147447789343e-05,1.4011483670276116e-05,1.1238699814582985e-05,1.1059472384467269e-05,9.333020680536826e-06,8.190622754434043e-06,5.940436593310145e-06,1.0924015941181937e-05,9.311165940029781e-06,7.929489562142771e-06,5.713644030971031e-06
2102,0,9.894706094067832e-06,8.428368478133368e-06,1.426816485287151e-05,1.1784046616490161e-05,2.9034695623743144e-05,2.3336220279680714e-05,1.852349953930153e-05,1.5162733491605634e-05,7.274220443566711e-06,6.118132165895753e-06,7.380656811386862e-06,5.711328791914222e-06,8.901800405166814e-06,7.340394935350791e-06,4.389308355948888e-06,3.4023719691031907e-06
2155,0,6.137346719139363e-06,5.367140755993248e-06,2.5805538105777006e-05,1.860957953967785e-05,2.570225494966303e-05,2.155678927385684e-05,1.5691176506983677e-05,1.1005224706461685e-05,4.83003772563716e-06,3.897099107045263e-06,4.68169875618399e-06,3.7547271513979566e-06,5.100493238296593e-06,4.298209891478843e-06,6.733245256077527e-06,5.419246086531295e-06
2207,0,5.238189560472183e-06,4.471916962462701e-06,3.312565740968064e-05,2.6347481392128034e-05,2.3686445710810453e-05,1.9514157863277534e-05,1.2572012089052072e-05,9.213436684549111e-06,7.191977519873017e-06,5.539558221098124e-06,7.033598261165416e-06,5.525617845509623e-06,5.4509962228305624e-06,4.568959719547103e-06,7.998708283676762e-06,6.565415194375138e-06
2258,0,4.651405332226955e-06,3.701324957504364e-06,2.420846664753359e-05,1.6557904624600842e-05,1.4808283579805354e-05,1.1666420706103486e-05,1.141236346728457e-05,8.293883659902011e-06,7.03078733028236e-06,5.014604764879699e-06,9.21313327626563e-06,7.815253486224045e-06,6.40965806793929e-06,4.943348262449383e-06,6.731945257389809e-06,5.1435717054951114e-06
2309,0,7.919109014404839e-06,5.787390345163576e-06,2.4047401540497723e-05,1.672708727606618e-05,1.9331100355760802e-05,1.5251476344099834e-05,1.5655123730793228e-05,1.1108411730456603e-05,1.0588285409589248e-05,7.082594064216416e-06,1.0427836617756304e-05,8.788120830429683e-06,8.43857369618913e-06,6.934903357760466e-06,5.528493750594856e-06,4.55647455939214e-06
2360,0,7.621204360057324e-06,5.541960988120243e-06,2.5075599589632894e-05,1.9005251809712206e-05,1.935738408734324e-05,1.524155515271578e-05,1.616755826775447e-05,1.2255733564414267e-05,1.0945888319814057e-05,8.135789367802979e-06,8.565872802984156e-06,6.645632939241361e-06,1.0595392889649172e-05,8.368869214211333e-06,6.512403106138577e-06,5.040095333477498e-06
2413,1,3.99435795830249e-06,2.9665114035177945e-06,1.5484832616132927e-05,1.172467020209123e-05,1.1382875052255435e-05,8.814225168914588e-06,1.2171453913256118e-05,9.749532163387476e-06,5.745422693546046e-06,4.886658659423086e-06,5.466276061598468e-06,4.33126470288103e-06,1.0281791359391337e-05,7.502764320446529e-06,5.779598778048266e-06,4.045700903017081e-06
2464,1,4.804580802113698e-06,4.010087632301004e-06,1.3529769382377898e-05,1.1298207365437373e-05,1.6592671110014193e-05,1.3240015929326734e-05,1.4284735466406209e-05,1.2782971715824925e-05,9.4325376748392e-06,7.953346064850133e-06,4.754231109884484e-06,3.6630892139432524e-06,7.885859222832388e-06,6.570908731035025e-06,5.102604476572092e-06,4.286420608582238e-06
2516,1,7.226680012356154e-06,6.326046155095016e-06,1.54731514285977e-05,1.3644331041667115e-05,1.7999904790338262e-05,1.5228752776452605e-05,1.079249834597474e-05,9.112705480769767e-06,9.505556303764493e-06,8.008492442881295e-06,5.02202323971614e-06,3.967450374383251e-06,5.049261450532474e-06,3.999198545411e-06,5.814388016037525e-06,5.078592031928608e-06
2567,1,7.723108885425763e-06,6.3583354605019696e-06,1.7712927424017495e-05,1.5102403175524339e-05,1.6135188810878804e-05,1.252872371513098e-05,1.0225114229981629e-05,7.5423510024809325e-06,1.0119803942929294e-05,7.5521625256022385e-06,8.95350635081906e-06,7.139770374542896e-06,2.7441884701881678e-06,2.144256570752482e-06,6.270115743645767e-06,5.109789471028685e-06
2618,1,5.382918349007231e-06,4.07055601200578e-06,1.4248248366626085e-05,1.1090066468590401e-05,2.0303183859838777e-05,1.59984788166787e-05,1.0169993773406878e-05,7.404040494799112e-06,1.1835446260242636e-05,9.254468126948783e-06,9.123697968032124e-06,6.768605539521774e-06,4.208146725304238e-06,3.3051751260501887e-06,6.381146625681009e-06,5.252562641912146e-06
2669,1,5.289426845368272e-06,4.454060823713354e-06,1.2031555000791885e-05,9.794982744984379e-06,2.2843356016793247e-05,1.8439980799540686e-05,8.447831595144204e-06,6.437089879566066e-06,8.76366015363893e-06,6.658669760413488e-06,6.252167640477933e-06,4.977316433810307e-06,6.003394885284309e-06,5.154857901163342e-06,4.695612071097408e-06,4.040912179288294e-06
2721,1,9.061338299130625e-06,7.82763361366643e-06,1.2381114999779955e-05,1.0202787015695857e-05,2.0726531558136637e-05,1.675960715140494e-05,1.0985359201077674e-05,9.145144448954574e-06,6.603399196432268e-06,4.39555179876735e-06,4.880624639399816e-06,4.192033632146612e-06,6.4956638501893604e-06,5.5263656371425225e-06,4.623754147506282e-06,3.8359126244567905e-06
2773,1,9.09695395670497e-06,7.975244500043869e-06,1.0834497852986502e-05,9.224973938559228e-06,1.9775409962511953e-05,1.6532441924522205e-05,1.3139758488904514e-05,1.0389089074160244e-05,6.272000911768353e-06,4.590620232795063e-06,6.3401604579886364e-06,5.172330860068814e-06,5.720866660753822e-06,4.506340680744283e-06,5.770902849637769e-06,4.4937396264818595e-06
2824,1,5.722786772624062e-06,4.879133774672891e-06,1.189944165480342e-05,1.0614516985671561e-05,2.3464516057385106e-05,2.1042845334421968e-05,1.5179117677474168e-05,1.140568265048902e-05,5.246222182922234e-06,4.436284789949462e-06,6.306391198907049e-06,5.329396410896433e-06,5.586597558142493e-06,4.51004914494151e-06,5.77785166300307e-06,4.50163762417139e-06
2875,1,5.695551223012858e-06,4.411356739961342e-06,1.5404923556346156e-05,1.3066246320886815e-05,2.4509936765294636e-05,2.2479453838733632e-05,1.268584781098098e-05,9.365213029242534e-06,4.445299822800434e-06,3.573302708058143e-06,3.9456660672598875e-06,3.435484201759048e-06,5.729191074291695e-06,4.65989997101794e-06,5.105469087007576e-06,4.159945406773743e-06
2926,1,6.284519073398395e-06,4.918985500097032e-06,1.8549691433363105e-05,1.5242341639640296e-05,1.9334651229882383e-05,1.6497507440357283e-05,6.936647301864438e-06,5.7816903254379105e-06,3.911054694684151e-06,3.3913761026058663e-06,5.854933702470545e-06,4.249421741088491e-06,7.000412741468879e-06,5.51011386162328e-06,5.929523693577162e-06,4.82889201038254e-06
2977,1,5.894285139672407e-06,4.743660384146187e-06,1.5541421795921835e-05,1.2380074388809477e-05,1.234464467478592e-05,9.588102241150064e-06,6.9974133270390074e-06,5.8318851995176195e-06,6.930275390383751e-06,5.256006736167952e-06,6.470406427697816e-06,4.425174511182877e-06,6.926257342213548e-06,5.4326962293391396e-06,9.070066727856232e-06,7.404919698861741e-06
3028,1,7.414806447656238e-06,6.0111082827975485e-06,1.2032178047119407e-05,1.0098208755650333e-05,1.356519657395151e-05,9.881965026526746e-06,1.2761827274149007e-05,9.833120581497353e-06,7.599854956003961e-06,5.98713057900059e-06,6.69644571174467e-06,4.593582432654565e-06,6.560996106517293e-06,5.060586496254449e-06,8.558685376056168e-06,6.143205433335982e-06
3079,1,9.697800814685503e-06,8.000449996247555e-06,1.2584997090207427e-05,9.975446733356327e-06,1.9655989191775638e-05,1.563847368217374e-05,2.1110712368917754e-05,1.732575647751074e-05,7.3540081638520045e-06,6.2788694409876025e-06,6.883881952316019e-06,5.57736607372063e-06,6.505764896320269e-06,5.298979260769414e-06,4.621538199249435e-06,2.8909945370602053e-06
3130,1,8.942837457047978e-06,7.410834359697833e-06,1.2611255215856142e-05,1.046804707576365e-05,1.8606480005923387e-05,1.5033400000385951e-05,2.0607873057063484e-05,1.5565563507566168e-05,7.659023832367461e-06,6.818966609911987e-06,5.889288019086994e-06,5.126610400920708e-06,8.20308274786724e-06,6.955391418822805e-06,5.091553703834292e-06,3.7497235320812666e-06
3181,1,7.2858479667561805e-06,6.198657076172345e-06,1.0344831111569953e-05,8.401317722405326e-06,1.5927043011440047e-05,1.3583984898023521e-05,1.647743485736816e-05,1.2347816466671873e-05,6.6669652962217526e-06,5.560064273079142e-06,5.967893026126149e-06,4.79338985023376e-06,9.646863034808405e-06,8.408569827167248e-06,6.885308801993152e-06,5.476629461866605e-06
3234,1,6.8390023886508845e-06,5.579995360344512e-06,9.50917361508477e-06,7.129164275759251e-06,1.6843351820692253e-05,1.3775031127086791e-05,1.72349738034095e-05,1.5204675649800662e-05,6.8152104251804676e-06,5.512415181509908e-06,9.26603424105553e-06,7.0934599357921824e-06,9.349071052715874e-06,7.760078702374548e-06,7.936258412406658e-06,6.1975400908337395e-06
3287,1,5.548376658388945e-06,4.552475088032542e-06,9.264642334149435e-06,6.736574236255198e-06,1.6687527779607593e-05,1.0882384839793633e-05,1.59559301321298e-05,1.4157130195336911e-05,5.5589930505700824e-06,4.361810700235243e-06,1.0590391845946222e-05,7.995848718303785e-06,7.703915373616501e-06,5.459018288679082e-06,7.787950178894189e-06,6.1044204870061866e-06
3340,1,5.950482152539952e-06,4.8007773550637155e-06,1.671250960150124e-05,1.2050324371291264e-05,2.109220079650861e-05,1.5527242011305722e-05,1.4218279639311637e-05,1.1923646151973531e-05,5.989546443769333e-06,4.665242872843374e-06,1.0777697649599114e-05,8.538195775347667e-06,4.4929798483236e-06,3.123078744371276e-06,5.972515198617844e-06,4.685768367559753e-06
3391,1,5.195546104769769e-06,3.923111594403945e-06,1.6890170281503723e-05,1.2984681862256043e-05,1.8072580067665094e-05,1.4450732930901658e-05,1.124016094192383e-05,9.380541481005769e-06,8.355958391123324e-06,7.169789409174044e-06,9.304096406741632e-06,7.32821414314873e-06,4.6417127667247255e-06,3.7698600670266127e-06,8.315633252513518e-06,6.3553413607374684e-06
3442,1,4.141229132825798e-06,2.7790510813213835e-06,8.986127076640836e-06,6.9075156830805534e-06,8.73445176755471e-06,6.810010797106735e-06,7.525904112280053e-06,6.005024817356051e-06,8.35270792394491e-06,6.675267300169087e-06,4.345341249572457e-06,2.818489907881135e-06,6.437451082544116e-06,4.662636188103924e-06,9.409909224004078e-06,7.668945181952293e-06
3495,1,6.989596961824883e-06,5.2286333536831486e-06,1.4749222804655417e-05,1.0795273985632504e-05,1.1189789125049337e-05,8.953220099310827e-06,6.960817263690996e-06,5.395141723890981e-06,1.0003282014025623e-05,7.741954414572564e-06,2.3612867782475706e-06,1.0553463933353676e-06,8.565558808000846e-06,6.5014434507173674e-06,1.0612771506207106e-05,8.486930144168264e-06
3547,1,1.1545647182075807e-05,9.84346875494483e-06,1.836297697309541e-05,1.4391495219939873e-05,2.2024399063641535e-05,1.7792721502952105e-05,1.407435415238358e-05,1.0758920341202526e-05,1.1802563721461361e-05,1.037578823220451e-05,3.906368156087484e-06,1.838950523086484e-06,8.7541972157408e-06,7.597669592092378e-06,1.2170329503852008e-05,9.735532051685435e-06
3599,1,1.1536432109362944e-05,9.681703351037796e-06,1.6174519113676864e-05,1.2652348671179521e-05,2.029966837376911e-05,1.4558433742510575e-05,1.3929808942550832e-05,1.0603051413486465e-05,9.619839774294605e-06,8.66122238760798e-06,6.075911178224911e-06,4.196377398819073e-06,6.323693629933145e-06,5.413508526392254e-06,8.794289082002652e-06,6.1700547440496435e-06
3650,1,6.353193794783014e-06,4.74028311060843e-06,1.13181298058181e-05,9.195146146718045e-06,6.097342775217109e-06,5.335388434772188e-06,6.171527502978259e-06,4.814874244129726e-06,6.36525764505626e-06,5.427966582460802e-06,5.9926109738303175e-06,4.392479704750071e-06,5.2085859136000056e-06,3.7657049466163212e-06,6.500205926607141e-06,4.852163727648842e-06
3701,1,7.010720103087809e-06,4.84881876577084e-06,1.4672804957075596e-05,1.1178839711911128e-05,1.3643949207199992e-05,9.232899444745465e-06,1.0617726082807802e-05,7.896865637824945e-06,6.817197064719431e-06,5.022101549981923e-06,7.530161989862385e-06,5.912834435766552e-06,7.677997922679542e-06,5.860993579594395e-06,7.140363585346684e-06,6.108835923939148e-06
3754,1,1.0661899670724365e-05,8.386899975208477e-06,1.692013915156399e-05,1.3202094595235318e-05,1.491776112349958e-05,1.0180059490206624e-05,1.1444279710436095e-05,9.015886211553056e-06,7.1495733516387794e-06,5.32423569574016e-06,9.166330668584292e-06,7.648633729557414e-06,9.546724445086319e-06,8.561944988199992e-06,7.027989326905455e-06,6.374446388019001e-06
3806,1,9.166560050143661e-06,6.949943303535595e-06,1.097691461693505e-05,7.820252784546745e-06,1.0421687241268797e-05,7.6194966000306245e-06,7.320789279356979e-06,5.895977247016266e-06,5.612084901178071e-06,4.32034312666626e-06,8.469876253750864e-06,6.841817618474669e-06,8.737326663869197e-06,7.820345513503174e-06,6.497091389656282e-06,4.9040631279192865e-06
3859,1,6.11037945695322e-06,4.205074888689615e-06,1.231689789471967e-05,8.657936799570729e-06,1.480606498150123e-05,1.200951649682982e-05,9.363764493736423e-06,7.136535014271434e-06,8.26140304381587e-06,6.17623231618875e-06,6.93832877239147e-06,5.8401776024970155e-06,5.469377444758733e-06,4.249110753814047e-06,9.13653586218272e-06,5.8485871797779044e-06
3911,1,7.015338288724023e-06,5.0224316268313846e-06,1.536942104654774e-05,1.2409838566139265e-05,1.8936274992445833e-05,1.509752435384146e-05,1.0025626069771177e-05,7.849950621018042e-06,1.0463121969448943e-05,8.906940737764058e-06,5.390101442406185e-06,4.718027096093433e-06,3.2983764497150314e-06,2.3596406841988664e-06,9.76721549179502e-06,6.80672012947236e-06
3964,1,7.677004767173558e-06,6.022663875468955e-06,1.4014632536320863e-05,1.1872864894226675e-05,1.4910798558488767e-05,1.032912749313822e-05,7.371041180479951e-06,6.183466569725876e-06,1.0608828502742425e-05,9.000583508647413e-06,8.196803932730146e-06,6.690431106402255e-06,7.0657585791877355e-06,5.628785921616082e-06,7.101465057989822e-06,5.5326537475915505e-06
4015,1,7.75816026505668e-06,6.101266379264061e-06,1.8435856980483026e-05,1.5329332203251254e-05,1.5522211949209727e-05,1.0862650769065413e-05,8.192978201548496e-06,6.717345843401966e-06,8.95743498614104e-06,7.039352384914457e-06,9.05308381208596e-06,7.5974168697509375e-06,8.084005335715452e-06,6.733887663361023e-06,5.790878026110099e-06,4.5845890853128205e-06
4066,1,8.76730274254025e-06,7.278496152817702e-06,2.1276016669330417e-05,1.881130301938114e-05,2.2300368446225695e-05,1.6116301705429587e-05,1.4518821626261453e-05,1.066755541631638e-05,6.36217872711232e-06,5.082711859113296e-06,6.273542328516161e-06,5.312754574430007e-06,6.409910847316061e-06,4.861863866950689e-06,5.168124267817738e-06,3.8742365977806076e-06
4117,1,1.021674015830041e-05,8.97458690893633e-06,2.240439584234574e-05,2.0324234385576168e-05,2.195336709493846e-05,1.5608812215655623e-05,1.4197163377600666e-05,1.0012516110740064e-05,6.564439592357478e-06,4.6733761292409785e-06,5.343536337611461e-06,4.7359321155719975e-06,5.125085539368445e-06,3.768100085874346e-06,7.631371591059137e-06,6.24831159772486e-06
4168,1,9.402722423292744e-06,7.666232186817772e-06,1.800262981590984e-05,1.4286062159128957e-05,1.9780767296616212e-05,1.598592418740109e-05,1.0327981452244172e-05,8.178526628806288e-06,5.9198681121424695e-06,4.439122760534566e-06,5.96399319111501e-06,5.37917850327497e-06,8.295976114973866e-06,6.119484065148168e-06,8.158351735195718e-06,7.2799617253219315e-06
4219,1,8.041334379148378e-06,5.898414636262518e-06,7.994406130225075e-06,6.142377404734101e-06,1.9546972189437937e-05,1.7747500853866825e-05,9.971893549906127e-06,7.817929175597063e-06,7.794936903315075e-06,5.907812945971299e-06,6.623187779721359e-06,5.063249248695928e-06,8.753969324213673e-06,7.1796160496874925e-06,1.1216488926198787e-05,9.040042525518917e-06
4271,1,8.992988045944665e-06,6.998720071503845e-06,9.517282725773295e-06,7.572093143728039e-06,1.8475150055339175e-05,1.6202505576208423e-05,5.921373525188693e-06,4.133995120739195e-06,8.45240820151324e-06,6.7149166105624415e-06,8.339895504382154e-06,6.352104120923715e-06,7.728203090557254e-06,6.154752652014478e-06,1.3251090097523122e-05,1.1372423446987216e-05
4322,1,1.0957885335935994e-05,8.617974681911918e-06,1.2052658936541349e-05,1.0431634019021678e-05,1.7055958238442928e-05,1.4684044681151649e-05,7.905750388565368e-06,5.324332825411913e-06,6.829484056826046e-06,5.7568784067929775e-06,9.695962142346265e-06,8.573795106090445e-06,1.2048007073791333e-05,1.0297575118787664e-05,1.2034751215629213e-05,1.1022666668072127e-05
4374,1,1.0460072720111305e-05,7.584789371326684e-06,1.5538636548800564e-05,1.2833045211858565e-05,1.3824173526236781e-05,1.1120916322848942e-05,8.687081352189515e-06,5.749167519426071e-06,5.229687518857791e-06,3.7085815391615614e-06,8.341612700640825e-06,7.354371996315435e-06,1.1799856483236806e-05,1.0311788247318297e-05,1.0509671828969346e-05,9.192067206317086e-06
4426,1,6.43391709314728e-06,3.9599116286099165e-06,1.4957510736584716e-05,1.0875653431377325e-05,1.5111236195380701e-05,1.1282333815611834e-05,4.725532116406787e-06,2.702941985809793e-06,4.25976609501617e-06,3.246086070002254e-06,5.40507489161967e-06,4.822081859238054e-06,7.467570031774293e-06,5.980090053927185e-06,7.082071935507979e-06,5.285791648078514e-06
4477,1,1.0853906166765547e-05,7.289408633276243e-06,1.3077343124982568e-05,9.866158345589274e-06,1.7931346767215435e-05,1.3896679615828875e-05,6.918871996327126e-06,4.819796304545155e-06,7.482516039709928e-06,6.166447794399646e-06,3.4997706601108108e-06,3.050212312019176e-06,4.370111011578519e-06,3.019887276014519e-06,8.827047161682793e-06,5.719053152896798e-06
4528,1,1.2294081865438798e-05,1.0021798226360242e-05,1.1504562272404005e-05,9.517311917774587e-06,1.3720114471059004e-05,9.862794017110725e-06,1.194226185236349e-05,9.30140755844206e-06,9.492004639889696e-06,7.908999239581674e-06,4.3677496968522655e-06,3.4763308873538963e-06,7.206066148987985e-06,4.666757402255375e-06,1.0786310828891083e-05,8.175808517672864e-06
4579,1,9.54896051483656e-06,7.893865091199765e-06,1.317208164771535e-05,1.0234381769718187e-05,1.246815597829144e-05,9.65226670016428e-06,1.2499572536053208e-05,1.0079764250929964e-05,1.0044884024776434e-05,7.638810077754229e-06,6.067979590531089e-06,5.394520607431932e-06,9.610724097272722e-06,7.778109892632934e-06,8.308308670302653e-06,6.597093028345473e-06
4630,0,9.36959788653466e-06,7.2980997624981285e-06,1.6225655214335195e-05,1.3916640218472106e-05,2.3170514146573362e-05,1.9588541860755294e-05,7.90549302357839e-06,6.049667515684901e-06,7.893261646381824e-06,5.406101049573603e-06,5.558622482410169e-06,4.9146825733469175e-06,7.470250007097258e-06,6.416257051337297e-06,6.785238051786455e-06,5.518658258817887e-06
4681,0,7.185332982867959e-06,4.89212342615839e-06,1.2196089166171618e-05,1.0380881014057163e-05,2.9846848585809946e-05,2.7393432926312285e-05,7.573634231677112e-06,5.76985380270645e-06,6.915155917028062e-06,4.866779728328089e-06,5.770655272195547e-06,4.4800116767771035e-06,5.789651217844381e-06,4.99025914040298e-06,5.67134464003136e-06,4.466182541359562e-06
4732,0,6.402258908339383e-06,4.463589823545228e-06,1.0995616525649733e-05,8.563157410644135e-06,3.147319946930285e-05,2.8456651491942933e-05,1.0532935303158406e-05,8.427397694699835e-06,1.1036936880474968e-05,8.241774165445244e-06,6.115706595649737e-06,4.73837621935453e-06,9.427132433460141e-06,7.728679553325057e-06,6.220065782482387e-06,4.661334820605419e-06
4784,0,7.5789155465852505e-06,5.414667731212777e-06,1.1192999991498979e-05,8.012690210946172e-06,2.919011352607623e-05,2.6264107195965555e-05,1.2483008811395387e-05,1.0128375268390407e-05,1.1081863305191495e-05,8.772716696925721e-06,9.9190303495795e-06,8.076540951484235e-06,9.289972818451834e-06,7.467269400780187e-06,8.255595090011578e-06,7.1008770551814204e-06
4835,0,1.1265940552690072e-05,8.269783338769484e-06,1.3556376435915835e-05,1.067925763869056e-05,2.8798902061523234e-05,2.5473371595975295e-05,1.7341095266874995e-05,1.4562064780433393e-05,9.258895148547141e-06,7.489508863533029e-06,9.770726814466793e-06,7.474228626890683e-06,5.509361119614965e-06,4.082892737908308e-06,8.189960889617597e-06,7.355265171988335e-06
4886,0,1.2115039832001362e-05,9.509360725243375e-06,2.0932768097933478e-05,1.7421826113050138e-05,3.3882873624835334e-05,2.8319287624184115e-05,1.9670444796080806e-05,1.6132836272535257e-05,9.526716910872366e-06,7.662058306636902e-06,5.920337167676658e-06,4.209129955682838e-06,5.450832352967643e-06,4.273578788879484e-06,6.35654303287349e-06,5.347593490939947e-06
4938,0,8.885880950388805e-06,6.639774148465932e-06,1.9035185410494463e-05,1.2991036502279125e-05,2.6815711309159577e-05,1.8861726442038876e-05,1.6195824681489662e-05,1.2889332513170798e-05,7.1954576879834556e-06,5.105221502422625e-06,8.156685830299276e-06,6.610915821183991e-06,6.494927733384624e-06,5.460041805630983e-06,5.028045266314026e-06,3.877045860695929e-06
4989,0,6.4665480021674645e-06,5.1676544585939745e-06,1.2460670064207991e-05,8.64760147193399e-06,1.2354826269330682e-05,9.46865566833696e-06,1.0351331313050154e-05,8.058102409417585e-06,8.753982100654879e-06,5.810879242010899e-06,1.1543459576243527e-05,9.618798411207087e-06,7.522345969189735e-06,5.731275836435343e-06,6.358291022256358e-06,5.0054383093513615e-06
5041,0,9.056896646132115e-06,6.979240795101335e-06,2.3548545761056843e-05,1.8727625211863078e-05,2.167998204162556e-05,1.6607440021068253e-05,1.0701669620388645e-05,7.618675715623843e-06,9.382257518074306e-06,7.193220493630588e-06,1.1002047766722473e-05,9.076036159339085e-06,1.0231775941893233e-05,8.123605893529459e-06,6.661331599215773e-06,5.796460748896656e-06
5092,0,1.013982486672793e-05,7.957228435325233e-06,2.8277038130175216e-05,2.2523555351585534e-05,2.1239248786048092e-05,1.6047825402868024e-05,1.1829587605961005e-05,8.398756193342617e-06,9.641696419708705e-06,7.308181792765352e-06,8.765403944558075e-06,6.976202506775364e-06,9.485432282963397e-06,7.509089315571565e-06,6.0474435532517405e-06,5.048879200161763e-06
5143,0,8.3154748598817e-06,6.0239734629352785e-06,1.9294702553068607e-05,1.2211666413228294e-05,1.4243937199840767e-05,1.1593041858904097e-05,1.273163636005837e-05,9.290572471000807e-06,1.0022288568629998e-05,7.156317444577929e-06,7.862155438299248e-06,6.026364312699566e-06,5.844677313689219e-06,4.056209372980913e-06,6.174860006667119e-06,4.813719307308673e-06
5195,0,5.956035609908495e-06,3.7990639888318605e-06,1.7228891616033736e-05,1.199694503882261e-05,1.367070666846702e-05,1.0578572479045185e-05,1.4177157491644653e-05,1.0878935071636125e-05,1.008863009006285e-05,7.529589523347278e-06,5.283778398602281e-06,4.400077035942498e-06,5.2056030600260575e-06,3.4742581642209585e-06,5.729159354624497e-06,3.811488945640837e-06
5247,0,5.1820714415608976e-06,3.34370162975564e-06,1.7307934372116407e-05,1.2663106314849501e-05,1.008034168500583e-05,7.837836868473069e-06,1.1537622524617599e-05,8.620844292471089e-06,1.3023313472795356e-05,1.0181023121921108e-05,7.745790348749948e-06,5.375754144432613e-06,6.7972392771631555e-06,4.340308366500381e-06,3.985324462806804e-06,2.0468766286075913e-06
5299,0,8.371641108962944e-06,6.1397939359283614e-06,8.407709792635707e-06,6.804628905449695e-06,9.549328025050056e-06,8.264564204709485e-06,8.045317765360418e-06,6.75222442572347e-06,1.0585880495684575e-05,7.375029721642263e-06,9.608815494061516e-06,7.208334058783281e-06,8.45617017339688e-06,6.104391545937466e-06,2.432583730389895e-06,1.6698569231127678e-06
5350,0,9.40051036237531e-06,7.114273393251062e-06,1.0605032969027162e-05,8.55973487239962e-06,1.2794369374792263e-05,1.0057400966840514e-05,1.2660743609740789e-05,1.026661526498754e-05,1.1813451303908925e-05,8.528425918306455e-06,7.93984564395362e-06,6.366801205884314e-06,6.738194942905893e-06,5.347114518102275e-06,6.183308006345071e-06,3.9697297898250455e-06
5401,0,1.0391151081296448e-05,8.166130006662648e-06,1.3146093269979924e-05,1.107045954977164e-05,1.631332723135754e-05,1.3295352009611171e-05,1.3191701841261247e-05,1.083594138697367e-05,1.1745068158829909e-05,8.412176786708175e-06,5.7555378036997985e-06,5.107635440122226e-06,4.0281255823178435e-06,3.544321158398649e-06,6.278422740152698e-06,4.184910227222803e-06
5452,0,9.145764729351929e-06,6.745375644535086e-06,1.1856855834402761e-05,9.812199157916606e-06,1.937235343617059e-05,1.6936003900562766e-05,1.3370394191451059e-05,1.107849747188307e-05,7.358692952207124e-06,5.575157881908251e-06,7.401104374969066e-06,6.47794149038615e-06,4.1925103226553876e-06,3.53973696786902e-06,5.302496886327658e-06,3.895602998159096e-06
5503,0,5.047082932835372e-06,3.2492305834440535e-06,1.0518331584278215e-05,8.519509118343046e-06,2.4859124476335293e-05,1.9552114418313516e-05,2.4346693991362096e-05,1.854065487061412e-05,1.6325428253674903e-05,1.167445220210052e-05,1.0400047284065127e-05,8.530821650663816e-06,4.842595298128081e-06,3.550557350562701e-06,5.991971103812808e-06,4.297194839790821e-06
5554,0,1.002769955071013e-05,5.873184799195544e-06,9.006513476302344e-06,6.638358647324143e-06,2.3655222535343105e-05,1.67262590417601e-05,4.0281422120114e-05,3.0016758384794314e-05,2.4477384231226422e-05,1.6320452093864562e-05,2.4055227432567184e-05,1.7380168173409097e-05,1.4730542934586071e-05,8.898887175773753e-06,7.514286267923938e-06,5.092786184384694e-06
5605,0,1.3049414759806752e-05,9.4569033623791e-06,2.4281146719966512e-05,1.6555399727990918e-05,7.259458697307217e-05,4.461678069518502e-05,4.343587736495944e-05,3.3376044602894864e-05,3.650462175470336e-05,2.5193824572455357e-05,7.883050837223773e-05,6.133092942997727e-05,3.619806075938006e-05,2.636358032331107e-05,1.982407398399959e-05,1.4776036185712984e-05
5657,0,4.249003595828643e-05,2.8759140885244765e-05,3.2390417667379794e-05,2.6935603566973424e-05,0.0001029073593008863,8.11003935568435e-05,6.390201083085314e-05,4.9123908968550877e-05,4.147754986222775e-05,3.236306045126108e-05,0.0001689851171815241,0.0001369092987927556,5.902319341180949e-05,4.841727221328422e-05,5.1383995736511764e-05,4.008084090054863e-05
5709,0,0.00012905235963457632,9.945230795180225e-05,3.247625137543174e-05,2.6445145004687855e-05,8.551050178434389e-05,6.649677662455428e-05,9.560606652858145e-05,8.003339283795021e-05,8.278996038189366e-05,5.9160300698858746e-05,0.00017363119252619745,0.0001378274755479679,0.0001830232992582449,0.00011995722480474699,0.00011928228828932275,9.48469092637514e-05
5761,0,0.00016360796305318393,0.00014186736001658843,4.100011441723954e-05,3.27476770055623e-05,8.032331123755527e-05,5.8641287475947123e-05,0.0001011814357911812,7.123131883596813e-05,0.00010131243569402835,7.24017681431176e-05,0.00014700743666815305,0.00012311840066104847,0.00021115068876380978,0.0001541660256845635,0.00014113185802413358,0.00011968546655556387
5813,0,0.00020415102628027398,0.00017527361022634126,9.551878060094467e-05,7.291776350917351e-05,0.0001631244766528962,0.00012436601435317275,0.00012612769715585086,7.595333580856017e-05,0.00016918793734764113,0.00011518392653312075,0.0002720227073359366,0.00019142959604106512,0.00031198196117819803,0.00023336971586227647,0.00018921324867161559,0.000154746960922978
5865,0,0.00023828299414735624,0.00019733467167491536,0.00012253230284901947,0.00010306576934606804,0.00022344744254978487,0.00018120545370793308,0.00014391880543718373,9.81130414503261e-05,0.00017446531146903142,0.0001310368316253364,0.0003408038850737525,0.00025142063147525715,0.00040468084779103663,0.0003365131983002288,0.0002225286451233054,0.0001837735454706636
5916,0,0.00021205381843829212,0.00015544000344805083,9.822922178968374e-05,7.99567552095274e-05,0.00016975712470861025,0.0001062384539735922,0.00016472504167731796,0.00012412554718063614,0.00018901117105858055,0.00015200020508534715,0.0003157239384832944,0.0002385965019101789,0.0003164307911526158,0.00023667955836117278,0.0001555510017150983,0.0001108443126707978
5967,0,0.00017609998913094616,0.0001286953518904652,8.369228493993696e-05,6.917115980732702e-05,6.288655653678502e-05,4.0930313148246364e-05,0.0001714445107166662,0.0001405572580030476,0.00020488168315635385,0.000170349946243608,0.0002577650779972812,0.00016748614556715761,0.0002649660248373869,0.00019325439924234179,0.00019340874465722472,0.00012756891102908368
6018,0,0.00016186500399481413,0.0001354992293262953,8.869006748303898e-05,7.627607696791213e-05,0.00010988964605865023,8.430851889227566e-05,0.00012090421913149295,9.623130848773061e-05,0.00014722061705091618,0.00011411626678560372,0.0002812874936326798,0.0002051845808283959,0.0003222060761439678,0.0002577570833608063,0.0002498130627952004,0.00018641541579223625
6070,0,0.000153500728772515,0.00012809254095602098,8.550345687615095e-05,6.608999867886481e-05,0.00012250831761260883,9.520109183367219e-05,0.00014616799976199075,0.00010277582387163222,0.00015329440849247666,9.957485168196678e-05,0.000273168606470164,0.00021903753531192385,0.0003549632738961294,0.00030298607330441206,0.00023926591359906408,0.00018629787460488638
6121,0,0.00010739397417517052,7.207109092523434e-05,7.4642840914465e-05,4.4963798340958916e-05,0.00011626768823882738,8.338888260823954e-05,0.00013816945942268262,8.798791072368552e-05,0.0002168156999277958,0.00014482279231396126,0.00021889118098676743,0.000163345548295733,0.00033152495507772175,0.00027763671061469263,0.00021906937452537346,0.00016758472833025724
6172,0,0.00019441032185197156,0.00012470628081329328,7.795853923151627e-05,5.3531710235714004e-05,0.0001488089598110224,0.00012105951819473675,0.00011101545084853873,7.773854670831833e-05,0.00022305217119650414,0.00016715187308517288,0.00024207504541920498,0.00018073238624459348,0.0003251583431427389,0.00025864180229484156,0.0002571267346846647,0.00019797754947234903
6224,0,0.0002161264008812545,0.00015246059396606837,0.00011825790445573127,8.986801578266015e-05,0.00019728275854458233,0.0001641912660785905,0.0001459753068427212,0.00011518797284637597,0.0001811667343350498,0.000135608657060942,0.00024142986487923343,0.00016581797527339255,0.0003427213399143224,0.00026958289839415197,0.00027297017356483306,0.00020502665886807628
6275,0,0.00011963762166109193,7.688380415996087e-05,0.00013243001996606656,0.00011118556450870305,0.0001910746137897279,0.00016327929221985552,0.00017239591446631646,0.00014718223931166094,0.00019640208793336112,0.00016481127497728864,0.0003012001438019941,0.00022650609715095635,0.00024673429933999525,0.00018406759884324084,0.00019095983082400357,0.00013812502604660707
6327,0,0.0001376721511710263,8.776582929503975e-05,0.00010023163864978824,8.010724698256602e-05,0.0001234405419287824,0.00010367362672978825,0.00015638521134430633,0.00012798527893269023,0.00019242246336867918,0.00016782579983625002,0.00034116901742501277,0.00028280334629922273,0.00014590651848461473,0.00011150041620033739,0.0001339528888573625,9.261397328433242e-05
6378,0,0.0001699480792150772,0.00012748744641599878,6.58607254847909e-05,5.082683270635567e-05,0.0001508799714092349,0.00012318412671066155,0.00014688143925259363,0.00012399459274711213,0.00016212023713170045,0.00012766753586403184,0.0002592326880766205,0.00018675700216272805,0.0002024631413125781,0.00016447937889849887,0.00012761943257686028,8.467904696990882e-05
6431,0,0.00017210107331215818,0.0001454929026314124,5.644090381858675e-05,4.631892406704851e-05,0.00016396899741990943,0.0001498158438739772,0.00014041530933534718,0.00012007276237253992,0.00015290841697229547,0.00011931126981405764,0.00022973214858981565,0.00016632627485390654,0.00023952207903832934,0.00020647476911178614,0.0001913692948825516,0.00015390181837748298
6482,0,0.00014869330766643696,0.0001230384298617801,6.134369257699067e-05,4.9453534282639136e-05,0.00010508141371276299,9.290193870232113e-05,8.955874154139847e-05,7.229689818608715e-05,0.0001352827429466918,0.00010862524337238587,0.00025686544759244667,0.00020347154282199923,0.00019242348852338477,0.0001468262935193127,0.0002009076804922735,0.00016364017811636576
6533,0,9.839935101066998e-05,8.248015357430746e-05,0.00011761749396401853,9.86042754848368e-05,0.00010075410783924298,8.911914013257282e-05,7.927076986472238e-05,5.687762135150802e-05,0.00011547427180208901,9.35090811620731e-05,0.00019789252072552088,0.00016304437745682374,0.00013813886781925116,0.00010416615689530575,0.00015549974640340146,0.00013530868254503766
6584,0,8.651215003063207e-05,6.386868437262246e-05,0.00011746815924051793,9.451691379780713e-05,9.15479628273829e-05,7.977234770966157e-05,3.718499995827425e-05,2.592471569583736e-05,0.00011351703614021114,8.892573043055798e-05,0.00017914313348987027,0.00014725062552551268,0.00014539405629604047,0.0001170819810071903,0.00017978765565810227,0.0001589865543185921
6636,0,8.005668330489466e-05,5.529103398369947e-05,5.79414868376282e-05,4.251889368741417e-05,0.0001097664072132876,7.634595400527535e-05,5.797690840866826e-05,4.334319076270529e-05,0.00010176166725312388,7.85856673652765e-05,0.00017453514354607465,0.0001392252308448227,0.00014354012163821314,0.00011679745989244838,0.00015127601076195607,0.00011764816047432892
6689,2,0.0002608086349338584,0.00015624453299633746,3.748583694525492e-05,2.8078202146150538e-05,0.00011316529991844197,7.785922261315386e-05,6.673787004475519e-05,5.7898458529237624e-05,7.709192131786343e-05,5.828909447916699e-05,0.00011285045705035974,7.823059522555252e-05,0.00013160333221125286,9.321991794381814e-05,0.00012663408868466384,8.953228827877938e-05
6741,2,0.00031213994886680817,0.00023771268685585407,5.6906633087834185e-05,4.508018941389901e-05,8.257932705070086e-05,5.9567345543115043e-05,9.855307293793183e-05,7.768607573400244e-05,6.780875584073512e-05,5.203339978708442e-05,0.000183885239040548,0.00012187248713397463,0.00022888715537949244,0.00017145142592075917,0.0001906335779979774,0.00015671278496392067
6794,2,0.0001843938726939964,0.00013629449747161983,5.995172521250076e-05,4.842632580367798e-05,9.283848135318445e-05,6.0542023688610356e-05,0.00011733144479950324,9.014921138916421e-05,7.228110809528313e-05,5.2724415909265665e-05,0.00024362367757822733,0.00019868020275601143,0.00025424600972149766,0.00021527812390441183,0.00018697284112502243,0.00015836933209647912
6845,2,0.00011818205255721657,9.054216658440784e-05,8.362961758376354e-05,6.197341729952116e-05,0.00010995636098404119,7.914042523968987e-05,9.0899083637628e-05,6.845476881604871e-05,6.819691948794498e-05,4.78834520743611e-05,0.00017386787026476004,0.00013408519499037537,0.00016491665974860783,0.00013405164882865266,0.00012508958593056253,9.590509436565213e-05
6896,2,0.00013568572508941155,0.00011243722625693323,8.453003624729261e-05,6.432798482484622e-05,0.00011188392821123322,9.119451497217608e-05,7.670732871675528e-05,6.352762846164643e-05,5.861750113641712e-05,4.2029337669259816e-05,7.762647395364097e-05,6.016921111389178e-05,0.000140648762412804,0.00011246771086939629,8.521248701578002e-05,6.49858692399344e-05
6947,2,0.0001351797744020335,0.00011015015758410125,4.1426851345080885e-05,3.324215701346016e-05,8.15281606084438e-05,6.527917767803058e-05,7.22582676489752e-05,5.7968341893681455e-05,5.93936963594531e-05,4.4043616018586996e-05,0.00011448260573687097,8.462290937951928e-05,0.00016353861792559672,0.000129083731242241,0.00017413548615866095,0.00012250023329402572
6998,2,0.00012245449758694536,8.070890781660711e-05,5.4872121279745563e-05,3.8544485192410624e-05,6.131361042418344e-05,4.417835646161572e-05,8.938446693467362e-05,6.95763394472205e-05,5.6535343633976146e-05,3.9678393745062774e-05,0.00013048733817770292,0.0001075771698131506,0.0001249409970295905,9.2492206905216e-05,0.00017264095181899127,0.00011562399813964086
7050,2,6.402167227675503e-05,3.2116298705556846e-05,5.902306884236254e-05,3.782354429030271e-05,6.288501195724013e-05,4.4173247667344904e-05,0.00012488214477451463,0.00010010680092182792,9.40580447682085e-05,6.905014902756953e-05,9.18541236490532e-05,6.876561539462096e-05,0.00011087307059134643,8.77556093073117e-05,6.444332327024137e-05,3.890848796330432e-05
7101,2,0.00013432385671788643,7.65294857278853e-05,4.7526848438174906e-05,3.2492896230205474e-05,6.843623382976308e-05,4.6677622056428836e-05,0.00013856545437131043,9.677474893111942e-05,0.00010901143781717836,9.25084920526658e-05,0.00012856918823259724,9.94845676472491e-05,0.00011632234173136749,9.371103934795976e-05,5.706588264796391e-05,3.273155898873714e-05
7153,2,0.00017593690980819327,0.00011946962853116427,9.24200442410647e-05,6.616328342126964e-05,9.20529863856147e-05,6.738155588721939e-05,0.00011388197910812504,6.777770461782539e-05,7.886436874257651e-05,5.9237160044188774e-05,0.00012700757981204047,9.923241316228225e-05,7.892677670024868e-05,6.384304942439481e-05,6.673357557320825e-05,4.3481348219947004e-05
7206,2,0.00017981560546882568,0.00012396761601070848,0.00011735721486546258,9.26343763758258e-05,0.00012394737308635812,9.448669422946596e-05,6.631852913882826e-05,4.69466648391578e-05,7.119618610719111e-05,5.543005807188888e-05,6.274682619074552e-05,4.8679993057137464e-05,0.00012438805681523713,8.278586368061416e-05,0.000139040383190835,9.694073693737579e-05
7257,2,0.0001510551997571545,9.771484367447366e-05,0.00010349714089248213,7.883587625354097e-05,0.00017132164388501144,0.00012478637171230766,4.84753539599174e-05,3.903993733022168e-05,6.815202183896272e-05,5.69492234644749e-05,5.377721532211329e-05,3.836459121990467e-05,0.00015887422590595416,9.547881622214145e-05,0.00013506338016939473,9.214357682540605e-05
7310,2,0.0001451481683967748,8.332971067901426e-05,0.00012063929004322045,8.017762561451684e-05,0.00020056338248642877,0.00012984380357873481,5.5665513573117874e-05,3.6118640021712686e-05,5.240705368751453e-05,3.858753036719189e-05,6.533355832553413e-05,4.32607767210802e-05,0.0001668021534412013,0.00011295004538540966,4.639698856942177e-05,3.5633432433276906e-05
7362,2,0.00018041575301873711,0.00012208708493576716,0.0001283333668585662,8.480443411466618e-05,0.00022799663832630875,0.00015185031017228603,0.00010371290434049027,6.95261558065328e-05,4.397099044056429e-05,3.207231729364549e-05,7.502352735118066e-05,5.425091609277957e-05,0.00016307739490209686,0.000139808581652823,0.00016093723095097885,0.00011642133561655724
7413,2,0.00013415835897029798,9.18137743844714e-05,8.795343478754434e-05,5.829221059772923e-05,0.00021115032129240672,0.00016620301428941115,0.00010302039804427903,7.60294678651688e-05,5.030187112503678e-05,3.699911858387738e-05,5.7558916088375256e-05,4.1952291590650396e-05,0.0001202908044628757,0.00010225164123871956,0.0001626110658796568,0.0001251928564017301
7464,2,0.00014149883854310148,9.312657232599531e-05,7.50569633197025e-05,5.051241054445064e-05,0.0001583767475439667,0.00012869466180845195,7.481770556583609e-05,4.728077755580792e-05,7.48428737101622e-05,4.459720290134721e-05,9.279267481305908e-05,6.154832499727212e-05,8.769568327518957e-05,7.324040692633198e-05,6.275283019586996e-05,4.861305133107882e-05
7515,2,0.0001824723782338946,0.0001415492776438984,8.512399976866841e-05,6.431372514148912e-05,0.00012136057873471559,8.012359346938336e-05,6.79692273435429e-05,3.978612664866253e-05,0.00010985713265319873,7.117201623496905e-05,0.00019502256500232945,0.00014187707368311644,0.0001268496845106652,9.571591508346164e-05,6.414374855799334e-05,4.6537587221163824e-05
7566,2,0.00013924747973909207,0.00010979747838425851,6.136637235945911e-05,4.619852100087999e-05,7.146707284983135e-05,4.696200180889608e-05,9.607134235135145e-05,6.409252503923179e-05,0.00015471507896500715,0.00012402479149892763,0.00018793339539153304,0.00013646839409871676,0.00012756784400314134,8.86214626422819e-05,7.038781971408021e-05,5.1096916966660636e-05
7617,2,7.67369767396045e-05,6.397547012747052e-05,2.9342274065133162e-05,1.9925474694658147e-05,5.86130930658563e-05,4.3001318880646224e-05,0.00010363656418112854,7.102659218294012e-05,0.0001373385421125144,0.00010614004471598525,7.443790798169762e-05,5.653978140776571e-05,6.524696065222929e-05,4.182236418629867e-05,7.186675126692659e-05,5.248381713113296e-05
7669,2,8.331972165690496e-05,6.450683850774668e-05,3.859065867283778e-05,2.775372068227051e-05,0.00010572485425782772,7.937845500929727e-05,5.124323437785316e-05,3.47602118857156e-05,8.751010307681396e-05,7.025151808595351e-05,6.91374613569562e-05,4.9303191414979874e-05,7.344102587189069e-05,4.379695749125743e-05,6.88913172647469e-05,5.294649499594024e-05
7720,2,0.00013741314384619713,0.00011046688386412814,5.018720096087566e-05,4.189283574174671e-05,0.00012132172507795636,9.92033919176447e-05,4.616205347333955e-05,3.7705900304035e-05,8.766289970162034e-05,6.33759309499202e-05,0.000148263320371046,0.00011569408233108872,0.00010771566114210522,8.259961352593856e-05,9.68825342507826e-05,8.16901283935522e-05
7771,2,0.00018991000137954438,0.00014155767679069865,7.42071189523847e-05,5.833669473403472e-05,7.833834794312986e-05,5.332951912776002e-05,5.999588197508295e-05,4.700995919350357e-05,9.561367130173369e-05,6.47030067298047e-05,0.00017451608088789566,0.00014557912773776333,0.000110215618615903,9.019374159177542e-05,8.28063996700371e-05,6.241096286946334e-05
7822,2,0.00018539471958257297,0.0001336407303854213,7.740064922291315e-05,6.007144714987854e-05,9.656048945536855e-05,6.215407662691201e-05,8.079352386346084e-05,5.2394519619344053e-05,8.462228972492532e-05,5.958617996057731e-05,0.00011299138382457896,7.04034231317958e-05,0.000103725633677382,7.929262606058538e-05,3.500403796943383e-05,2.524717787671518e-05
7873,2,0.00014465737775382168,0.00010657098656596933,6.114039635280426e-05,4.271219161516926e-05,0.0001224189193927437,8.676415813278962e-05,0.00010195846634486755,7.040324596465596e-05,8.936378926970918e-05,5.4805912545959744e-05,9.270538267082951e-05,4.218574326723861e-05,0.00012624444752340342,9.874153593791926e-05,5.0841216446684045e-05,3.251792151268612e-05
7924,2,9.626631614983056e-05,5.9293398436293524e-05,4.5693087899330275e-05,2.4417049689012772e-05,0.00010139102415932759,6.143851529379299e-05,9.39946841032881e-05,7.073114971235927e-05,0.00010189719817655078,7.300072104548795e-05,9.798037974554544e-05,5.375589444946226e-05,0.00010720215204035135,7.61677297610755e-05,5.0891779687408045e-05,3.0466317438279963e-05
7975,2,5.79562514207593e-05,4.687527405022357e-05,4.170562932992626e-05,2.5492559037113167e-05,6.290518591952996e-05,2.9384317288402368e-05,7.939605387103103e-05,5.9214167730713764e-05,8.023788739957637e-05,6.407014266758047e-05,7.141987489815208e-05,5.6062796387484766e-05,0.00010578189347793038,7.818800546552627e-05,8.14471888351713e-05,4.537047687542518e-05
8026,2,9.085724235929081e-05,7.141745268421857e-05,5.0211359020616104e-05,3.500895852046241e-05,6.943025529023466e-05,4.318155958685156e-05,7.464567991711648e-05,5.689019525722743e-05,6.733619803387525e-05,4.738738180007192e-05,8.016909558897697e-05,6.647420735467002e-05,0.00011048408554691887,8.799668194070237e-05,8.564249893851633e-05,5.44761016532268e-05
8077,2,0.00014626001925811545,0.00011875093593511134,6.438127481898325e-05,4.664912325629188e-05,0.00011124819989953973,8.850089196517399e-05,7.489712134573284e-05,6.0183452351708814e-05,6.504683676995503e-05,4.8981939966095686e-05,7.02976684045756e-05,5.917896982753475e-05,7.672865043488378e-05,6.416021098557361e-05,8.94977349908604e-05,6.503523449683031e-05
8128,2,0.00013363360332934655,0.0001062286499354367,6.757337842452292e-05,5.39664886485067e-05,0.00011396900767327398,9.14899927754214e-05,9.290603937124896e-05,6.876219464807553e-05,0.00011762858485873629,8.637539110241494e-05,0.00010811432551380535,7.554978260269132e-05,7.148668769564842e-05,5.4372364032918156e-05,0.00010010077162387807,7.423305623779631e-05
8180,2,0.00010850873013797352,7.792896246411445e-05,7.686217342812947e-05,5.252437757825746e-05,0.0001189480026845826,9.056792222230562e-05,0.00011926516996816849,8.738347341580035e-05,0.00012028600013458908,8.341615385966297e-05,0.00014641635454779777,9.88052556629366e-05,6.63819231121381e-05,5.181521872409195e-05,9.49987763904354e-05,7.198468613600411e-05
8232,2,0.00011965969139322062,8.242249589117223e-05,8.448257135477708e-05,5.8728564293477137e-05,0.00013355358284150847,0.00010115395595401996,0.00010495900604492466,7.272985400343318e-05,9.172307559015481e-05,6.300768841418213e-05,0.00014834195316752188,9.212837459209017e-05,9.629224820463334e-05,7.693947120579598e-05,0.0001100420712302958,8.902280216069394e-05
8283,2,8.879162663250252e-05,6.017090683855614e-05,9.471369752397178e-05,7.158860889056746e-05,0.00023649537274074658,0.00016935096668805724,0.0001517099184721988,0.00010510632652557758,7.860842747497732e-05,5.472313828272236e-05,0.00010552135066342997,5.9153462431690455e-05,0.0001597243002025725,0.000122624974941431,0.00011700506855132265,9.423574430530391e-05
8334,2,0.00013795055906845694,8.926292571129129e-05,0.00010565328228856729,7.815565384997542e-05,0.00024715466943920033,0.00017844301856335333,0.00017979412608357394,0.00013609067803463384,7.190713062313948e-05,5.794919899895958e-05,0.0001339581258746936,9.993967705228042e-05,0.00016606974140069615,0.00012561624096232954,0.00010798680032638926,8.355963187469427e-05
8387,2,0.0001449558928565928,0.00010526166813699597,7.893743677922892e-05,5.805841392721848e-05,0.00016901291656447185,0.0001327916988891076,0.0001436883193804356,0.00011153599009779887,8.2123677852114e-05,7.027648458224011e-05,0.00015498074282504343,0.0001283990899162327,0.00010960704817869767,7.689339920942737e-05,8.191984965170368e-05,5.451048874351047e-05
8440,2,0.00013551494102556768,9.980751071091181e-05,5.676497173173223e-05,4.420599886581274e-05,0.00014217390636993543,0.00011303984713926875,0.00010613610561550023,8.210034918683861e-05,7.066820345390454e-05,5.731821789188846e-05,0.00010259664319899247,7.843239642801543e-05,0.00010232155889742739,7.6546003869508e-05,6.360814983982197e-05,4.060956257701787e-05
8491,2,0.00012696942528244064,8.867194306022372e-05,8.53288122160885e-05,6.480496323511013e-05,0.00014100598763960607,0.00010732503385897864,6.15357173757316e-05,4.8578899145827246e-05,5.992407675261003e-05,4.789324297874373e-05,7.667326556577013e-05,6.114189587671108e-05,0.00016989156794534852,0.0001345030566370953,8.493173841073042e-05,6.381320497710245e-05
8543,0,6.356971799125461e-05,4.615702468949357e-05,0.0001031031025552992,8.589735004892624e-05,0.00018356275591428783,0.00015409165210060488,5.9975602390381264e-05,5.0499940045054235e-05,4.293102785706391e-05,3.559806490092334e-05,7.174701437128068e-05,5.460955941868253e-05,0.00018218367098476486,0.0001500020793057437,9.396483943729024e-05,7.65490760484853e-05
8594,0,5.7435737483464164e-05,3.687903828481652e-05,8.954791184868189e-05,7.243000710726048e-05,0.0001697968331515888,0.00013792110369776218,4.557004674520907e-05,3.448816683278972e-05,4.9919777428216314e-05,3.558818643245037e-05,8.625280374721042e-05,6.00078993558932e-05,0.0001504521724748602,0.0001247893738122201,9.99387982767037e-05,8.237981455213227e-05
8646,0,0.0001548121420410957,0.00011331099128475674,8.579381659184054e-05,6.960404631132693e-05,0.00010697716744654092,7.29171948346168e-05,4.347207044847251e-05,3.2159961953414983e-05,6.107664942706849e-05,4.403167723322742e-05,0.00010932691269155783,8.733794846667452e-05,0.00012026452864668639,8.611027792386117e-05,0.000109080046070726,9.120709319239076e-05
8698,0,0.0001956730393279229,0.00017080880140426995,9.991008265820172e-05,7.710168335266969e-05,0.00010651759517070793,7.504252371614291e-05,0.00012061201041793083,8.565049553635247e-05,0.00010528586611816301,7.34967919568032e-05,0.00012676457991571999,0.00010707355494996277,6.08467924103493e-05,4.0389739886056606e-05,0.0001469084346642796,0.00012227706270502358
8750,0,0.00014080438487569096,0.00010564375788787846,7.89826948433944e-05,5.290581260633625e-05,0.00014110800851617575,0.00011001410280905613,0.00013769113050783458,0.00011284138575185133,0.00011815862939717764,8.85649391949794e-05,9.717235240140253e-05,6.524881122730592e-05,7.32265300505363e-05,5.770789211432487e-05,0.0001511233122783018,0.00012080842121189196
8803,0,7.701898937805534e-05,5.2493967608413465e-05,4.948134359473078e-05,3.711292450420467e-05,0.00011500734383498595,8.610654631025877e-05,0.0001416105859950797,0.00011621506835539133,7.996592639652152e-05,6.034590677062782e-05,7.490605886118098e-05,5.405681138827096e-05,7.334324113822196e-05,5.396423875516204e-05,8.696620104120637e-05,6.167378382096437e-05
8855,0,0.00013591774005834977,0.0001007766460480784,4.998452386124075e-05,3.980435328075413e-05,9.413753857483172e-05,7.467665248870688e-05,0.00014358523519026603,0.00011327717670397714,7.495511400971006e-05,5.7269408426832465e-05,9.204688181113948e-05,7.507550052094344e-05,5.888090935428655e-05,3.850788080715777e-05,5.8711470556014564e-05,4.235379483393325e-05
8908,0,0.00015034656124058836,0.00012196330039879529,3.7953195983897304e-05,3.114998387016647e-05,9.298421258943419e-05,6.84870623577198e-05,0.00014014243718588022,0.00011761164173835863,8.016967815758205e-05,6.233304145988974e-05,7.051315564962689e-05,5.4446426268921955e-05,7.407026262862498e-05,5.807947122912609e-05,5.688098089681203e-05,3.726723780811688e-05
8959,0,0.00010071472572093521,7.677776390399517e-05,4.276412389217264e-05,3.2589329071919226e-05,8.513863324275378e-05,6.614967236909609e-05,0.00012054776745739792,9.275651925963802e-05,6.552855844343131e-05,5.15684820658721e-05,8.400834412496217e-05,6.3435943479899e-05,0.00010950332000248688,8.463910900418849e-05,7.324206967734766e-05,5.6378476559243065e-05
9010,0,0.00011553740374032932,8.949377521175128e-05,4.4705011966070434e-05,3.49799990924183e-05,8.41271886500199e-05,7.388724327939173e-05,8.061253654331998e-05,6.670613709344044e-05,6.118552745888664e-05,4.6747548579748655e-05,0.00015563042150095588,0.00012778069875106943,0.00017791158603068337,0.00014686055175162514,9.282698337942647e-05,7.421340418710072e-05
9061,0,0.00011080808270432619,8.719418677173872e-05,3.226546080304585e-05,2.3540875612499514e-05,6.487047212085637e-05,5.644543476514033e-05,9.530179157992116e-05,7.579935591486954e-05,8.851175034036896e-05,6.33622975110732e-05,0.00014185941214749795,0.00010717319821214563,0.0001693960469974315,0.00014088573423118815,8.699350821036423e-05,6.2379108063929e-05
9113,0,8.994380676070267e-05,6.353644909706589e-05,7.476203448836811e-05,5.397187282962377e-05,6.297620827650885e-05,5.117634327711442e-05,8.595844764910087e-05,6.785067271934298e-05,9.730957051634661e-05,7.714784779299087e-05,6.139454568309379e-05,4.553463093736154e-05,0.00010638819930812408,8.828940937996844e-05,7.360199556416091e-05,5.225154719350992e-05
9164,0,8.609468898315028e-05,5.786167849544523e-05,0.00010472336354985299,8.960068340187752e-05,0.00010249591812493831,8.05041613952762e-05,6.437016438094955e-05,4.9399497983184155e-05,8.243024895061531e-05,7.13787401164171e-05,8.690904652928995e-05,6.994761016230604e-05,0.00011233520279980847,9.537844519514118e-05,8.07607133474106e-05,5.9476468829807724e-05
9215,0,6.551675335357184e-05,5.193772644363872e-05,9.396899133258945e-05,7.063859258872041e-05,0.00014678450965068478,0.00010462849776157676,0.00010178826064498721,6.69869770390452e-05,0.00011087156531423455,8.868540099869437e-05,0.0001086545908003234,8.9015160650169e-05,0.00010285913992373361,8.411913844750042e-05,0.00011774430916887068,0.00010256717008903824
9266,0,9.745383005329311e-05,7.413500850705042e-05,6.809277729374399e-05,4.7926853087860744e-05,0.00012695317261296484,8.009996975796564e-05,0.00010398217950431896,7.320666162020939e-05,0.00010145527137971397,7.483274771940831e-05,9.171748185934496e-05,6.720150481721685e-05,9.248193060173526e-05,7.720191777647065e-05,0.00012042774868443707,0.00010945915718013318
9319,0,0.00014798770212392956,0.00011919056007495008,4.972372449572017e-05,3.717698895876393e-05,0.00011271348936080912,8.96802824731684e-05,9.76121946405194e-05,7.866380906167948e-05,0.00010894105620112717,8.19068378462042e-05,9.46625799417757e-05,7.430809663388307e-05,8.542174571761074e-05,6.5825209048729e-05,8.268204740106512e-05,6.745281941789163e-05
9373,0,0.00014996537471257497,0.00010840685979776261,4.546694710952014e-05,3.2272639897547885e-05,0.00010920075253932148,8.692527248200805e-05,9.908964487257941e-05,7.946519813129537e-05,0.00011761392184378299,9.258999186526182e-05,0.00010744634812121645,8.898701349767532e-05,7.058393532327772e-05,5.147077172323686e-05,5.689743924727738e-05,4.645579291785776e-05
9427,0,0.00018194755897106492,0.0001356399354480998,5.717341882077775e-05,4.3329706764868165e-05,6.530319606833427e-05,5.416868776701607e-05,6.13355635348463e-05,4.638982401030838e-05,7.877141865895076e-05,6.457770955713748e-05,0.00010551325838837705,8.349734669180972e-05,0.00011052858703739684,8.086568744656193e-05,9.778919009638194e-05,7.455593634021347e-05
9479,0,0.00032791038277428357,0.00024027393605318277,0.0002731230221283515,0.00015661524133494666,0.00031720274799350865,0.0001807339069338522,0.0002986514488918829,0.0001666300468632552,0.0002701288195932936,0.00015982905402956498,0.00030949359523968527,0.0001875456202167294,0.0002629616051659181,0.00016449429659183074,0.00028207332425815546,0.0001799829524659565
9530,0,0.0004442067232416637,0.0003206520703296576,0.0004341521780611843,0.00031205108933139226,0.00047538614306561275,0.0003653273184510892,0.00043888351714068075,0.00031513854728190975,0.00040281039074613155,0.0002865019511413366,0.00040994713126367763,0.00028817858184006717,0.000389939951344366,0.0002780675161510207,0.00041763152009215756,0.0003049945157849953
9581,0,0.0005102257949569571,0.0004093653089794228,0.0005052258542164851,0.00040523612855931327,0.0005082039946558063,0.00042674709339740103,0.0004613234951564011,0.00036854036255562733,0.00043427917748327,0.0003438634679719656,0.00041132550375773766,0.0003224031644298509,0.0004204397076215753,0.00033430419612713244,0.00045703247402325236,0.0003665970411909631
9632,0,0.0004289989660728394,0.00032442169375122024,0.0004306808195966595,0.00032486028262382035,0.00042889281190973416,0.00031563269759876905,0.00040375055938829803,0.0002994231397374453,0.00039834110850979054,0.00029257987616058316,0.00038175296721955,0.000279071676216176,0.00036419533547666424,0.00026915750156323426,0.0003813284299320742,0.0002815336324799559
9683,0,0.0003045101757379529,0.0001999002925288262,0.00032302872333867563,0.00020714963409218737,0.00033805472632241634,0.00021082079407659738,0.0003482562456960125,0.00021499885088034393,0.000374892435392165,0.00023427226156303482,0.00035194147998908633,0.0002168789166733862,0.0003351861172951026,0.00021350871053859658,0.00032264960963661543,0.00020496194087734474
9734,0,0.0002357798494410584,0.00012807696912160786,0.00024316637276675392,0.00012167280294528257,0.00024978135462895557,0.0001288030437611292,0.00025910670709535264,0.00012747543405438892,0.0002860109544221758,0.00015362575359940327,0.0002637288701033946,0.0001316958468516188,0.00026820639943329455,0.00016901878706754382,0.00027923251755569684,0.0001724578448871577
9785,0,4.492674183194997e-05,3.5422237729385325e-05,3.5500992077862524e-05,2.3007696963807243e-05,4.0006900154687527e-05,2.8196128965891713e-05,4.413355597710605e-05,2.7156577804618593e-05,6.620784802207986e-05,3.825601531344485e-05,4.33600863482017e-05,3.1358021341767e-05,9.911465393133378e-05,7.638527989208228e-05,0.00016098275666594436,0.00011593537505300926
9836,0,2.8718005157158363e-05,2.408386361318458e-05,2.0358836363493124e-05,1.6017402435891986e-05,2.366529812287691e-05,1.7332891350327796e-05,2.342185289532991e-05,1.7305409399732635e-05,3.205969319004201e-05,2.0685119010022183e-05,2.89211698795156e-05,2.129596540002477e-05,6.259414312200832e-05,4.767272948834845e-05,0.00013734611632047378,0.0001069839027923411
9889,0,2.6621566832854347e-05,2.1022429727957462e-05,1.861001680118491e-05,1.386535155821265e-05,2.2346702312422908e-05,1.5227938996338467e-05,1.6379484806230053e-05,1.1249171721100254e-05,2.0806207970947084e-05,1.4207214139893997e-05,1.5689463516112274e-05,1.0682543259035991e-05,5.2710192841121044e-05,4.209790195373411e-05,8.93065605723935e-05,7.170692157039941e-05
9940,0,1.9908084849748748e-05,1.3379937846655885e-05,1.097245535547724e-05,7.25735240332644e-06,1.4853698252383376e-05,1.1074469555076795e-05,1.4370652550147516e-05,1.1522990212006955e-05,1.0357885617014102e-05,7.633433305883515e-06,7.183582141817631e-06,4.596920564689709e-06,3.823958044522942e-05,2.8276951145978413e-05,5.7294101024344154e-05,3.744140579172171e-05
9993,0,1.560754708324325e-05,1.1610341590100827e-05,1.6850331189109425e-05,1.1361669420454362e-05,1.7436337331668404e-05,1.2913812125318326e-05,2.0227376528418597e-05,1.6557505664494483e-05,9.584600817773425e-06,7.837391114028657e-06,1.6374956851581725e-05,1.1662860672748982e-05,4.1959542578588106e-05,3.1469267060395547e-05,5.893381918168112e-05,4.159687019536836e-05
10052,0,1.0759300580432299e-05,8.359648068184297e-06,2.0695090423120046e-05,1.579522537454279e-05,1.703134947035595e-05,1.337024443192376e-05,1.632390690889659e-05,1.1707473451122538e-05,7.336127632639092e-06,5.586060925856437e-06,1.9760256860169528e-05,1.726812500121792e-05,5.030129885334026e-05,3.877764853814824e-05,7.13820131032639e-05,5.692144466698675e-05
10103,0,5.954630333506876e-06,4.776664836613823e-06,2.0623902763592595e-05,1.5012642905350233e-05,1.8854643970274284e-05,1.5623466562120243e-05,9.047982358340776e-06,7.474257367433073e-06,5.386805728035732e-06,4.10326290660347e-06,1.3620848935230385e-05,1.1365048084865834e-05,7.223359553181417e-05,5.313241513424117e-05,7.832652790390986e-05,5.901305516520173e-05
10154,0,7.80694776496787e-06,6.269199218767476e-06,1.9189012764624324e-05,1.492183328248126e-05,2.0491097903852706e-05,1.7204365872769486e-05,1.3761432116325016e-05,1.1558878164447417e-05,6.741791525373288e-06,5.492197475374652e-06,1.02298753192467e-05,8.418230673217255e-06,7.786333401675762e-05,5.8940583928700974e-05,8.930534832182776e-05,6.374505262290616e-05
10207,0,7.682817045519776e-06,5.998786352672766e-06,1.611737861837982e-05,1.3943309242587084e-05,2.865985122096787e-05,2.200570104872709e-05,1.2543022744156508e-05,9.633952725698798e-06,1.2132824410841309e-05,1.0325406576157228e-05,1.0438190969605488e-05,8.695255177422558e-06,5.160715271461566e-05,3.869907466981545e-05,8.185581048895012e-05,6.378863946177037e-05
10259,0,5.773883351680617e-06,4.216976287504356e-06,1.8166745883055314e-05,1.2665341825946436e-05,2.7293363930203886e-05,2.0006721880942092e-05,8.724291162110333e-06,5.972462127136881e-06,1.1903615624601887e-05,9.679673894176685e-06,7.746540408375133e-06,6.405951418864225e-06,3.735410797729444e-05,2.9287397432739407e-05,5.4034351791150875e-05,4.642956031344248e-05
10310,0,6.0768505089621005e-06,4.0249558996679285e-06,1.730050899701723e-05,1.1786928074844021e-05,1.4685648700391027e-05,1.2478431457665046e-05,1.382309070311929e-05,8.859901559196731e-06,7.518623222384893e-06,4.974035799415553e-06,8.478503213548573e-06,6.295780015039821e-06,3.1660447828445346e-05,2.181595482920233e-05,3.224459916245978e-05,2.0093130132016462e-05
10361,0,1.2900217492955935e-05,8.347101806535864e-06,1.5297157835782817e-05,1.2465714907187264e-05,2.12841551768093e-05,1.851493290631938e-05,1.7999024209346996e-05,1.2904833828847559e-05,9.837657451027099e-06,7.269854969019657e-06,1.2524071435962835e-05,8.698041388846205e-06,4.0834205292964766e-05,2.859828562378886e-05,4.1275160499154386e-05,2.591531300378638e-05
10413,0,1.6953839776599183e-05,1.075066087102785e-05,2.1475612860558503e-05,1.7873652804805316e-05,2.53895529542161e-05,2.0630457874797773e-05,1.5668183571212715e-05,1.1574118131108292e-05,1.0955428285434906e-05,9.556723102375455e-06,1.1871075777419525e-05,8.216799552623187e-06,3.9718859096236954e-05,2.8583642459445636e-05,4.423646202258223e-05,3.1359844981061916e-05
10464,0,1.2018036125870501e-05,5.6235325361721085e-06,2.146275031066189e-05,1.794201565131482e-05,2.5481649976141125e-05,2.0947642318116058e-05,8.325969491399869e-06,6.191021107169417e-06,9.848506936147678e-06,8.948336647507767e-06,8.24863404221519e-06,5.703751773423604e-06,1.389626919240242e-05,8.969666850212248e-06,1.899380163603873e-05,1.2736994955774321e-05
10516,0,5.652691862645498e-06,3.6969299856337157e-06,1.777587074832043e-05,1.3717832630103473e-05,2.240302434642522e-05,1.6606803343254962e-05,5.433349814049822e-06,3.8949633865090625e-06,1.0185835878219547e-05,8.3103817224731e-06,6.457812049712321e-06,4.420750861535094e-06,6.061812014887984e-06,4.749200978232355e-06,1.2712650646512552e-05,1.010208935421334e-05
10567,0,6.047241686439223e-06,4.361197545874183e-06,2.079751683089411e-05,1.5674959126390898e-05,1.5539748832746064e-05,1.0199200929316625e-05,9.726235742962572e-06,6.427682820632041e-06,1.0200149023570785e-05,7.402190104315593e-06,3.99532792437601e-06,3.250535027497248e-06,8.601817203494784e-06,6.249767185443487e-06,1.1708134977780172e-05,9.252741131837564e-06
10618,0,6.9709101754351985e-06,5.326657497445142e-06,2.011300707410919e-05,1.4217177087573415e-05,1.863228784857863e-05,1.4862820613785299e-05,1.1537106909221308e-05,8.235901622989088e-06,8.637213353588506e-06,6.900897344257072e-06,1.0301492991131753e-05,7.988244862101898e-06,1.1304831430599667e-05,8.763509382385893e-06,1.892157932148303e-05,1.4664839794000508e-05
10669,0,6.799431405136552e-06,5.13101661699156e-06,1.2631442940848957e-05,7.4321280793107385e-06,1.8479855608415888e-05,1.4215066762202392e-05,9.227978991418668e-06,6.821908804208968e-06,8.440780976348276e-06,6.8978576187575565e-06,1.1364583798156749e-05,1.0015631036581077e-05,9.823162847411141e-06,7.334667065686892e-06,2.335010924967308e-05,1.9929051666587626e-05
10720,0,5.119881908841886e-06,3.85704860722517e-06,1.0437865578055254e-05,7.366561563989327e-06,1.261333074688719e-05,9.983697529288653e-06,9.19369075061644e-06,7.724012284267768e-06,9.733272772363966e-06,7.54724250026443e-06,7.490645220041277e-06,6.000582262658541e-06,6.125403554668075e-06,3.862436341823101e-06,2.148356901600536e-05,1.62948432444577e-05
10771,0,8.29031632337743e-06,5.095083491582682e-06,1.3711091495148568e-05,9.5256275063706e-06,2.2793463357727858e-05,1.476581372948301e-05,1.1985534039421788e-05,8.693613167936638e-06,9.43632694896472e-06,6.644512792403642e-06,5.905263609484158e-06,3.7511459651148036e-06,8.566081067709433e-06,4.881818454135604e-06,1.967178509692872e-05,1.408900791108046e-05
10822,0,1.058835891498296e-05,7.280412870405382e-06,1.3202638828133462e-05,8.712519364126944e-06,2.240167361340132e-05,1.346129489909996e-05,1.033811381732593e-05,6.608684167350531e-06,1.01489255784435e-05,7.100850135980651e-06,5.76015545412215e-06,4.081700572832212e-06,2.0418406768286893e-05,1.2878535986916857e-05,2.5710927385212473e-05,1.9194363950440226e-05
10874,0,9.327964542591204e-06,7.303159758472602e-06,1.2135360955643e-05,8.797915292465049e-06,1.5339831082356725e-05,1.1523215156793143e-05,7.471761942268461e-06,5.407380876993911e-06,9.201376700549096e-06,6.547423116948603e-06,9.53139790712709e-06,7.347852542265701e-06,3.112554129750176e-05,2.4827338282473876e-05,2.8468256613568078e-05,2.1740919258214656e-05
10925,0,1.117130629853033e-05,8.931258947669969e-06,1.878602355681618e-05,1.4838315879769574e-05,2.839953301086106e-05,2.3984904813431437e-05,1.5150810071909812e-05,1.2197970749441482e-05,1.1270550578566341e-05,7.548084491847141e-06,9.460604611020618e-06,7.018353063769735e-06,3.129060317127949e-05,2.624906874059411e-05,2.9228280275063702e-05,2.4591062269641682e-05
10978,0,1.0981993036108086e-05,8.412801333020325e-06,1.837546187760814e-05,1.4628452392489748e-05,2.7004745796027834e-05,2.128269996786276e-05,1.55132237007987e-05,1.304805090532499e-05,1.1766239345131048e-05,8.422550373440812e-06,5.671544910982258e-06,3.965210157147829e-06,2.6104378419175244e-05,2.1081129739810963e-05,3.2337038030468415e-05,2.8435568256234343e-05
11029,0,1.7264359608538134e-05,1.2267783257748734e-05,2.4139752163420764e-05,1.613692069776688e-05,1.2292381393042113e-05,9.67443893404576e-06,8.686437997940644e-06,6.583551221476697e-06,1.0007804018037665e-05,7.40682741859142e-06,6.199974603840715e-06,4.212703849947432e-06,2.0154827103525464e-05,1.588374744042891e-05,2.9843440751132035e-05,2.5277054384333885e-05
11081,0,1.7310362335715294e-05,1.2223260597505843e-05,2.448685449051255e-05,1.701373702012158e-05,1.1570262361964977e-05,9.76771314741042e-06,9.313154052819821e-06,7.4013279689871944e-06,1.208954921433802e-05,9.33974183004771e-06,8.738111872314963e-06,7.235818153292073e-06,1.3884708365660892e-05,1.1223896344372624e-05,2.112582011006895e-05,1.668341006838743e-05
11132,0,8.553446326991322e-06,6.588566984122603e-06,9.483565725165305e-06,7.566149196444368e-06,1.3083085699737078e-05,1.1170393558453692e-05,1.0310436985670013e-05,8.910546487586152e-06,1.1480096808664131e-05,9.31515969632817e-06,9.443977800829008e-06,8.002743932612216e-06,1.0068253458090693e-05,6.70800905405594e-06,8.36418826610063e-06,6.6378921344875675e-06
11183,0,1.3831407464121165e-05,1.1561767333000332e-05,1.590862203509716e-05,1.1309891082800288e-05,2.5905297221305314e-05,2.2372350597302985e-05,9.350972485720131e-06,7.865473864129776e-06,9.698239886647128e-06,7.954116596764084e-06,9.221392267258486e-06,7.804548647128209e-06,9.11340435630297e-06,6.218321849614395e-06,1.5124549751310196e-05,1.13211300841857e-05
11234,0,1.2636789172920813e-05,9.057723896765034e-06,1.7206272023844365e-05,1.2958106823102639e-05,2.661718473541925e-05,2.350250232849616e-05,7.970917799993098e-06,5.747113689712874e-06,8.783118433851116e-06,6.1450054004517715e-06,7.4769033825067876e-06,6.375574222498996e-06,1.0322964645004016e-05,7.715256142948431e-06,1.5425794824480225e-05,1.1853187699148204e-05
11285,0,5.594403295125641e-06,3.7049230964984173e-06,1.2991536456615727e-05,7.693935541408037e-06,2.4239715933805064e-05,1.719496449019143e-05,9.892289579152803e-06,7.167721563748635e-06,1.198999421929598e-05,8.904592826239741e-06,4.927012400746182e-06,3.938714411417921e-06,5.9652922990886475e-06,4.4473248060881805e-06,1.1183669098078353e-05,7.948690684324767e-06
11338,0,7.928489019795855e-06,5.5070066188150685e-06,1.4152737962079553e-05,1.0006652811776569e-05,2.8543874960292164e-05,2.084584885110178e-05,1.0481969180605833e-05,8.687541609190758e-06,1.126631694814825e-05,8.45801051880273e-06,4.254289961650631e-06,3.2271246149648914e-06,1.0867324222278714e-05,7.994016910888417e-06,1.7587246204563233e-05,1.4450817853653965e-05
11389,0,1.343948986918941e-05,1.0392371613326076e-05,2.0206227939349364e-05,1.7055917241641068e-05,2.5790325042522322e-05,1.8766258515447848e-05,1.3317370725263501e-05,1.141078307597912e-05,1.4693762300839219e-05,1.1272286640878891e-05,8.051503060536087e-06,6.166925014970481e-06,1.240371432218778e-05,1.036591832488595e-05,1.56094932132737e-05,1.2516267351268963e-05
11440,0,1.2844866427360863e-05,9.354456160653617e-06,1.8613815972076117e-05,1.3443103285308174e-05,2.0612747413006897e-05,1.2757920343831478e-05,1.2466346097236789e-05,9.29018692368437e-06,1.4044178232022551e-05,1.0271176380111128e-05,9.924278125630764e-06,8.010672005482752e-06,1.1546996340650289e-05,8.084695710869284e-06,1.3831074696576038e-05,7.97436294399345e-06
11491,0,6.397531182537241e-06,3.6829334822680152e-06,9.75758980037971e-06,6.522841739471403e-06,1.7225001826333655e-05,1.0338922869735931e-05,5.0088160290812015e-06,2.8988942211760626e-06,6.53342349206531e-06,3.679219845541508e-06,7.176310392011884e-06,4.662835154970248e-06,1.0996507364065843e-05,6.381667198317417e-06,1.3166371330234916e-05,6.7782584046041575e-06
11542,0,2.790609640043987e-06,1.5566183279352124e-06,1.4820042730751289e-05,1.182290710338462e-05,2.8988455269834775e-05,2.0869938723211884e-05,2.8759739274656327e-05,1.7990328533633565e-05,2.93605428803111e-05,1.8619869963639744e-05,1.937565331594314e-05,1.2157855166309269e-05,1.6154365239463627e-05,1.050110250980767e-05,1.2001904751501648e-05,7.941183353910607e-06
11593,0,3.017148507592516e-06,2.056272098745618e-06,1.6023534858903287e-05,1.432166949059281e-05,2.657082978510765e-05,1.8149574238959357e-05,3.0176148858984696e-05,2.1471908713533747e-05,3.412283154710158e-05,2.517111534851779e-05,2.235115024420949e-05,1.7005425877111565e-05,1.6340280942169173e-05,1.1762739224227018e-05,1.2189846503449476e-05,8.75364832121332e-06
11644,0,3.4672105540101292e-06,2.826329650190441e-06,1.338351835446576e-05,1.2034442866435175e-05,9.498996866253533e-06,7.569197009107076e-06,2.3602331224614714e-05,1.6735909288943014e-05,3.867324350410547e-05,2.7720106346607636e-05,1.2721349447351547e-05,9.034499937809679e-06,9.248311378121504e-06,7.134399762654544e-06,5.302318088848481e-06,4.226008976969344e-06
11695,0,7.629356305404982e-06,5.118594865154815e-06,1.663341898550367e-05,1.4428665153064202e-05,1.864608734778397e-05,1.4516793728754715e-05,4.039188354671271e-05,2.9577875055816868e-05,6.908517831386842e-05,5.1450763113887074e-05,1.8119304403652184e-05,1.1805413942697859e-05,1.3584163956241303e-05,9.769761670474124e-06,1.5273682162199217e-05,1.0201962886130912e-05
11746,0,9.145568141518059e-06,6.882296621248893e-06,1.907213850744627e-05,1.585621217731351e-05,3.9729668515879066e-05,3.0425718295831002e-05,0.00013466371907543625,9.472706007843875e-05,0.00022359674402046327,0.0001589191987242041,6.703788449612913e-05,4.6978805550431796e-05,2.6662589924199456e-05,1.9918664665258794e-05,1.977776986398914e-05,1.6464359557026707e-05
11798,0,2.6343530216236247e-05,1.4121746607692319e-05,1.9179171079773585e-05,1.4165264875450902e-05,4.026914220150628e-05,3.120128229977612e-05,0.00014262981651191049,0.00010725755083997766,0.0002503918436527072,0.00018983617723822733,9.172130927055288e-05,6.301292596335407e-05,5.173439192897078e-05,3.2256137890620984e-05,0.00010651634287289206,4.9449767225613336e-05
11850,0,2.841805066243348e-05,1.7891507941776458e-05,1.8924652332935835e-05,1.3761339514260433e-05,2.7059721753143474e-05,2.009582552062704e-05,7.870035034394743e-05,5.796066228982056e-05,0.00015387048100817469,0.00010959136428440322,7.839177911339384e-05,4.9326915279134224e-05,5.9379724131040777e-05,3.959297501914485e-05,0.00011172162942658194,5.94477507003213e-05
11901,0,3.23923540866964e-05,2.4181587885101864e-05,1.4986963004520567e-05,1.1058060821162005e-05,2.198514511604548e-05,1.4539699947273858e-05,5.966140700217899e-05,4.4818894508027935e-05,0.00010498882699209123,8.562843760893542e-05,5.733879132893274e-05,4.841056330535946e-05,5.236931406670653e-05,4.418068358491371e-05,7.4866005037021e-05,5.733283920562009e-05
11952,0,5.080800863869415e-05,4.12618677137971e-05,1.639151895093363e-05,1.2792637787100074e-05,3.2874441616215944e-05,2.2506961353914726e-05,0.00010616681407152917,7.693990913911594e-05,0.00021188610819509538,0.00015329485412999153,0.00012844556175709598,9.378627768575842e-05,5.382048339144773e-05,4.781458466929974e-05,6.936940865675104e-05,5.247169811421114e-05
12003,0,5.454663930591413e-05,4.4297110055146934e-05,3.258436759620639e-05,2.54602676399151e-05,3.589126256548332e-05,2.781598438768476e-05,0.0001051195515062117,7.081305587245701e-05,0.00020641538301012852,0.00013044733277983806,0.00012653770467384363,8.374674226790966e-05,4.99429825895045e-05,4.388850773838978e-05,8.589524329013727e-05,5.439905325405446e-05
12056,0,4.972206012982571e-05,3.795663472703127e-05,3.757315659838663e-05,3.138754620911881e-05,1.794503252023308e-05,1.333657586730751e-05,2.4475085664484517e-05,1.5658554316944205e-05,3.9223390290914076e-05,2.326210449124274e-05,3.902903276279337e-05,2.9630179657353758e-05,4.146389797726065e-05,3.488127103009081e-05,0.00013633001670352007,9.910522132273822e-05
12107,0,7.55762183047623e-05,5.8877865142529785e-05,0.00014606739277492204,9.286173105803903e-05,3.159802294634376e-05,2.1557309206761467e-05,1.7914016995911827e-05,1.3356018893194618e-05,3.093642546253854e-05,2.2624133322321433e-05,0.00010109499958868398,7.867740954805808e-05,0.00012662615564656147,9.334889798056556e-05,0.00013322388287472309,0.00010292442896880265
12158,0,0.0002932218506822087,0.00023677308220916278,0.00046385714530949493,0.00037650528773485945,9.749887670356468e-05,7.882366505633124e-05,8.032661829850436e-05,5.317943839068114e-05,0.00014159014923566693,9.767218822701481e-05,0.00022850553089506806,0.00019833574584462204,0.0002420413211871327,0.00020741105183588683,0.00017951957840902125,0.00014371271339370817
12209,0,0.0003570556011664384,0.00029641171189073154,0.0005391403799144847,0.00044513502061148554,0.00010967569299740135,9.272583269710927e-05,0.00012837677354592507,0.00010439825801746746,0.00029088549445232577,0.00023022470721816325,0.0002459955563607064,0.00020353339525778588,0.00022244508347712247,0.00017878701423038192,0.00027043007292088537,0.0002419960289096593
12260,0,0.00021696996539701416,0.00011445122483839833,0.0003320014347835545,0.00020618292912865055,6.350996215969559e-05,4.3629245392079756e-05,0.00012264293156879577,9.699698156021411e-05,0.00028532532204054344,0.0002126631906911112,0.0001544894980620063,0.00011312941609644539,0.00010695316153863406,8.266806126838032e-05,0.00024399486199815483,0.0002025657486994814
12311,0,0.00017223548616260192,0.00011843476113783306,0.00020408422267449407,0.00016086502699892924,4.178141142929048e-05,2.980297368100188e-05,7.333092168174407e-05,5.312346396292687e-05,0.00013727290183615333,9.06560138168781e-05,0.00012428224559029167,0.00010301113509715272,8.53347433853238e-05,5.648085447930733e-05,0.0001417943182636862,0.00011127680939848214
12362,0,0.00018998248917388998,0.00015553979733399435,0.00023138871120232385,0.0001999452310494143,6.45990380059782e-05,4.881706544826351e-05,5.306925109636575e-05,4.556672243009815e-05,6.904709116350233e-05,5.245968931916644e-05,0.00012331307372837478,0.00010641600997500822,9.086826597572216e-05,7.052102362490537e-05,0.0001474494909925889,0.0001249439636834122
12414,0,0.00014755363705962012,0.00011929441368860609,0.0002104343570978852,0.00018044952575678864,6.849989927390297e-05,5.6326511900577004e-05,5.5446667410390426e-05,4.6666258093808874e-05,5.181735647239104e-05,3.739854873803943e-05,8.34351867996256e-05,6.214939672760025e-05,0.00011537436116587653,9.927374314272207e-05,0.0002865294835164449,0.00023590615354148834
12465,0,0.00012348318641447028,8.60893478165741e-05,0.00014458364426886048,0.00010223137852044187,4.4380488570589434e-05,3.345620447082157e-05,3.693841390622612e-05,2.6738476392118435e-05,7.035625492680622e-05,4.0997386643763156e-05,4.195100971689285e-05,2.431124824821247e-05,9.805665385171e-05,7.685656842257278e-05,0.00026814037182745835,0.00019581931885966102
12517,0,9.450246447014664e-05,5.121851541224755e-05,0.00015284311773780483,7.756274078965741e-05,3.810519037743433e-05,2.0556976145763112e-05,2.9510029985992632e-05,1.969726076777674e-05,7.418843459445252e-05,4.7321450052034725e-05,2.5655450763924116e-05,1.5635634073974907e-05,6.837370604601227e-05,4.0675900047718056e-05,7.152307682735348e-05,4.838776657034634e-05
12569,0,0.00010797968181293297,6.826165855526467e-05,0.0001797356569888717,0.00011383976658583946,4.180706286844055e-05,2.4463186746166683e-05,3.493505316774337e-05,2.2797443903076263e-05,5.060768616566486e-05,3.283199026056475e-05,4.118228443389044e-05,2.4490033791431558e-05,7.006370112583565e-05,3.754256902814713e-05,5.492282509467552e-05,3.657205946096581e-05
12620,0,6.789423525572257e-05,5.267943291054404e-05,0.00011643731785552141,8.033362219652846e-05,2.729535394467839e-05,1.9076671672943015e-05,3.572778369384945e-05,2.289338806512129e-05,5.6127891642914416e-05,3.712288183022178e-05,4.7692254921754614e-05,3.349772766819801e-05,6.491742094864813e-05,4.285612189651741e-05,6.301617925145006e-05,4.782921737837266e-05
12671,0,5.023557426979466e-05,3.785803736165422e-05,7.874119102167981e-05,5.168683245165099e-05,2.0045453101593045e-05,1.613332486763404e-05,5.148036759063752e-05,3.732792160296373e-05,0.0001067161904646687,7.852582248011252e-05,4.256321627218583e-05,3.439945173124437e-05,7.252557352813029e-05,5.5845842311402564e-05,5.3706531004878215e-05,4.287760743300235e-05
12723,0,7.428157539739862e-05,4.604488051964439e-05,8.884297873630289e-05,5.39693601909573e-05,2.1631044862838386e-05,1.6136793637455317e-05,6.95407311460545e-05,5.4897520662128835e-05,0.00015196891517321346,0.00011765617933574864,5.394389737538575e-05,4.5467026964945275e-05,6.46327566841323e-05,4.408737864034104e-05,6.200699097427886e-05,4.511179235697615e-05
12776,0,8.54540395565126e-05,5.566952766080457e-05,8.411492262321132e-05,5.413090181818658e-05,3.262900963744414e-05,2.3570038841167468e-05,5.809003521346132e-05,4.390172196686724e-05,0.00013146739423670236,9.364513957164371e-05,5.4715953059116e-05,4.2244856423620285e-05,3.149528650154373e-05,2.4149091831150294e-05,8.010059524511863e-05,6.403169483968363e-05
12828,0,8.733304236528561e-05,6.496395506230732e-05,9.74971575126098e-05,7.107897002153861e-05,4.499288906717697e-05,3.5954575616189535e-05,3.830498739242967e-05,2.5317755259180403e-05,9.886347816258345e-05,6.182037153911466e-05,4.648204457307133e-05,3.3056079424507956e-05,3.063493116061331e-05,2.331800048638274e-05,9.242664332289127e-05,6.262995049987474e-05
12879,0,0.00010647029931852033,8.599687678427139e-05,0.00011059802515564795,8.796230906671731e-05,5.160190092732367e-05,4.2192281311276626e-05,3.5627811086933886e-05,2.108402188452404e-05,9.421665015222209e-05,5.309983213328026e-05,6.448807400201442e-05,4.476499461434485e-05,3.47256884959271e-05,2.2064597838932663e-05,7.686736422379757e-05,3.934618843684713e-05
12930,0,9.837630708807831e-05,8.145846956210151e-05,8.578798148307152e-05,6.517406827909978e-05,4.7632881377040335e-05,4.168692412947525e-05,2.6839165565506507e-05,2.029089713302657e-05,6.590575231546489e-05,4.248409220416832e-05,6.745319303631432e-05,5.2641377160664895e-05,4.666236440490805e-05,3.663912659175998e-05,4.862614312495123e-05,3.372044949261539e-05
12984,3,7.613759285909295e-05,6.454948005137149e-05,6.683127905981033e-05,4.938481874948278e-05,3.911411679510593e-05,3.420937596196438e-05,2.6516704327492933e-05,2.1781180299726006e-05,6.630270674523631e-05,5.2015648605785626e-05,5.186248929859428e-05,4.390856855998708e-05,5.1408891628050506e-05,4.351240602300111e-05,6.268366555769565e-05,4.953318999274621e-05
13038,3,0.00014667176084618788,0.00010814034272920476,0.00010907874138228024,7.431406914279295e-05,3.1848549680395186e-05,2.462708369434363e-05,3.381156382039878e-05,2.699997079336579e-05,7.772566993369887e-05,6.403588263848633e-05,6.481435081840156e-05,4.5696229521536337e-05,4.509481747194884e-05,3.4201102161647e-05,6.953012220263665e-05,5.42445880443288e-05
13091,3,0.00020375410558224667,0.00015860903661387763,0.00016544397354606826,0.00011897714122983278,2.3857494533830026e-05,1.8641739863287596e-05,4.895165596245069e-05,3.5932492224579944e-05,0.00013175185518310827,9.427278777575593e-05,8.392536596081029e-05,5.9976556094766924e-05,2.812636208337392e-05,2.1169881420966793e-05,8.210714020984095e-05,6.338460772739432e-05
13143,3,0.00016547797988769337,0.00011275952895978955,0.00016404270960363438,0.00012638365542625582,2.3511252470163796e-05,1.8377530349806827e-05,5.412937108182967e-05,4.0940118995446056e-05,0.0001465207452713937,0.00010461665670961733,7.784878991406838e-05,5.9678797918220185e-05,3.7653657673164416e-05,2.859548805631492e-05,0.00010185507949086271,8.678415573042582e-05
13195,3,8.829583887230145e-05,4.856499354982885e-05,0.00012018273799135468,9.475290066822222e-05,2.0282822743317427e-05,1.5024344677557406e-05,5.375321848388197e-05,4.235989722560119e-05,0.00014841500076027384,0.00011235394114981486,7.032947283363723e-05,5.973175995148936e-05,5.340495488157201e-05,4.520292088972815e-05,8.30982565695735e-05,6.0712111499588524e-05
13247,3,8.217071846754077e-05,4.500902523193416e-05,8.93809289647018e-05,5.8990502576272634e-05,1.3000140331552782e-05,8.988732277529822e-06,4.406153789258965e-05,3.159496917642475e-05,0.00012861920370868223,9.716333873144628e-05,5.823134862649216e-05,4.4534748943807976e-05,4.4620838382245026e-05,3.207010190357118e-05,5.7030559605648334e-05,2.8223966885009442e-05
13300,3,9.599717314452553e-05,7.264413297349339e-05,6.331608951252023e-05,4.387028645772681e-05,3.0942892517681014e-05,2.2484775483892078e-05,2.5322495866796106e-05,1.7901202063957692e-05,6.907522465093457e-05,5.6712657251705556e-05,3.649171811903321e-05,2.5178810682650724e-05,2.576012446926494e-05,1.6402606118452964e-05,8.00221338521171e-05,4.945138061945705e-05
13351,3,9.522809789005845e-05,8.066587572474417e-05,6.261249367650492e-05,4.662502575692317e-05,3.7581265454134936e-05,3.0912577628337934e-05,3.27466618669605e-05,2.4983683090417893e-05,6.744006007384234e-05,5.2466471695930744e-05,5.254666828320634e-05,3.71671102693203e-05,5.277470268218426e-05,3.9659141075325176e-05,8.245645104570759e-05,6.36297824926928e-05
13402,3,0.00011939063072121443,8.561865902634265e-05,0.00010855747094018611,7.772224590871018e-05,3.787491741705685e-05,2.9210487667164974e-05,3.200081388745565e-05,2.3190735998150314e-05,7.427554227452393e-05,5.040728554971425e-05,6.235628358484689e-05,4.479853127779143e-05,5.741180684697379e-05,4.664754401036307e-05,6.576852541450261e-05,5.384366894579809e-05
13453,3,0.00015525796206722735,0.00010790426308228163,0.00014486996338389287,0.00010940522944273239,4.2389505895860946e-05,3.2611409029167073e-05,3.4935140071443997e-05,2.3678081467647657e-05,9.061231282102515e-05,6.597393550082238e-05,7.302122766492049e-05,5.2024280270207225e-05,3.280563786294261e-05,2.5543836797189086e-05,6.407875085118108e-05,4.924032772960761e-05
13505,3,0.00012003072662322176,7.939763803549947e-05,0.00011293691188452516,7.710649719632474e-05,4.352813730620236e-05,3.498139119196445e-05,3.269433658242793e-05,2.397529678726489e-05,7.065033056665422e-05,5.0633342309464175e-05,6.337423323218871e-05,4.505044617211903e-05,2.0817638737063723e-05,1.6023599288435634e-05,5.985547565681167e-05,4.6154736482470847e-05
13558,3,6.909080258814741e-05,5.6749853271939225e-05,5.715729928185409e-05,4.395732416663081e-05,3.937393279913367e-05,3.360900539824731e-05,1.7047757196927132e-05,1.157797313950226e-05,4.72560910785449e-05,3.203627798646224e-05,4.237151232681937e-05,3.112375481883791e-05,2.5479739597722354e-05,1.907819223221074e-05,7.425926847277772e-05,5.689678237778146e-05
13611,3,6.394730358246829e-05,4.894692007618358e-05,5.4192473681137803e-05,3.8142775552564994e-05,4.017769317705091e-05,3.189184620811315e-05,1.6565924497333385e-05,1.0454089497689828e-05,5.698321543628518e-05,3.883612224529223e-05,4.3940434738227164e-05,3.317180119975748e-05,3.807559661331546e-05,3.174415004583632e-05,9.342631409106038e-05,7.621924676094886e-05
13662,3,7.101093719131038e-05,5.432577086500974e-05,6.21516334954152e-05,4.7682600316944153e-05,4.570898577206158e-05,3.604023790153721e-05,2.2873035180813957e-05,1.568189711627878e-05,5.545577404951465e-05,3.9736796226926535e-05,4.232150210397341e-05,2.9965754899026714e-05,3.406850089984458e-05,2.6264628121211776e-05,8.438118507705662e-05,7.247984909152805e-05
13714,3,0.00010100707768163371,8.12191694734243e-05,9.836413522472349e-05,6.917914867301182e-05,3.8917503072848855e-05,2.6815140098751735e-05,4.158980122338467e-05,2.3829378696114948e-05,8.846932012962997e-05,5.403870372104815e-05,4.492867984341502e-05,3.239040561070731e-05,4.382530430902837e-05,3.348949535412443e-05,6.456794400536584e-05,5.4712384674250536e-05
13765,3,0.00014751100369297224,0.00012419002131227512,0.00015455608590625588,0.0001248975830771196,5.2424911781770675e-05,3.909875152835452e-05,4.1836749836320236e-05,2.5960289458201784e-05,8.947118671399005e-05,5.267300921535895e-05,4.869425324890119e-05,3.9287456774806115e-05,6.55807502288573e-05,5.583790231330786e-05,9.071630567085276e-05,6.564276022430905e-05
13817,3,0.0001503157384980978,0.00013732726115065584,0.0001369152305743992,0.00011130603377270976,5.475610825382019e-05,4.591104495908958e-05,2.3166370226119708e-05,1.8850911588252265e-05,4.864983718253664e-05,3.444395690736315e-05,4.466487670604112e-05,3.604326525920588e-05,6.148310988555597e-05,4.62938515969623e-05,0.00011088297375717843,7.42960640460013e-05
13869,3,9.91070485025e-05,8.065818817875686e-05,5.8596227972397754e-05,4.587682183155384e-05,3.847925591363875e-05,3.048911345554732e-05,3.660415942255288e-05,2.628212343951361e-05,8.408591932483543e-05,5.9154909317859233e-05,5.1640859851788126e-05,4.2156012519841915e-05,4.2059734044575305e-05,2.9595574731096303e-05,8.131503035999101e-05,4.6353584760168145e-05
13920,3,8.096835463674791e-05,5.697212038584145e-05,5.955323291717004e-05,4.1435248127387816e-05,3.547512332203562e-05,2.3697368518131914e-05,3.3897449697388625e-05,2.1314151574756405e-05,8.270187919246581e-05,5.6180937958379694e-05,4.8548159837887964e-05,3.5148728752819717e-05,2.8738600100699257e-05,1.9652326368259394e-05,6.720557120358347e-05,4.596506529903174e-05
13971,3,7.561317281489645e-05,4.882237291973424e-05,6.659195795299171e-05,4.572776803998992e-05,3.975673136123188e-05,2.5433111322515834e-05,1.1041326330540994e-05,7.752124056988079e-06,3.085253174572459e-05,2.2679168594256388e-05,4.023039882855873e-05,2.7581677748491673e-05,1.786004460126617e-05,1.1502568433353589e-05,6.843287131192743e-05,4.5185083956781945e-05
14022,3,5.4185361373119244e-05,2.7762531570650002e-05,5.8512495121934213e-05,4.0226748988706265e-05,4.247818395878421e-05,3.182753620403778e-05,1.4558928651303568e-05,1.0256800871638434e-05,3.9129647019646164e-05,2.5072470018129238e-05,5.051399804894476e-05,3.581143877384182e-05,2.046324966647557e-05,1.3281387821730585e-05,5.7546606214251616e-05,3.912976833225211e-05
14074,3,8.881834443771396e-05,6.0320885654146306e-05,6.555908926981229e-05,4.256429380597969e-05,3.3784548058630685e-05,2.5967040496890283e-05,2.5519000082284576e-05,1.8811600891260818e-05,7.697183145388504e-05,5.419413736413755e-05,4.262413398628122e-05,2.8554543441992366e-05,3.6396890372539656e-05,2.5404095212246835e-05,8.205739792848554e-05,6.489928242622195e-05
14125,3,9.251628525873483e-05,6.99795735930954e-05,7.798205881159622e-05,5.480673958078215e-05,2.635451244619544e-05,2.165470635705901e-05,2.6025833481364427e-05,1.9899055609643928e-05,8.257502528242447e-05,6.022391688651121e-05,4.0446189957668e-05,2.9273824561668198e-05,3.345619503501756e-05,2.1862770512060488e-05,8.36392994655939e-05,6.435098092601086e-05
14177,3,6.403884821671937e-05,4.74565584280997e-05,0.00010931436799018768,9.393264402661204e-05,2.111543853324685e-05,1.7685507047841655e-05,1.9520851897184637e-05,1.4694570121907241e-05,5.6229849557983424e-05,3.438229371186643e-05,4.512617732608253e-05,2.8586279187271067e-05,2.2660713147414084e-05,1.3766503135210573e-05,5.983702712487731e-05,4.692588617897433e-05
14228,3,5.794560913941334e-05,4.3068245738839855e-05,0.0001236031608383715,0.00011852538726940235,2.7865961244340034e-05,2.3768129442425616e-05,2.4175880991114487e-05,1.991157592482217e-05,4.179566719282918e-05,2.8783225087328115e-05,3.21268923164558e-05,1.8512101644820333e-05,2.5193372775221215e-05,1.7460734421652527e-05,5.7056555892130996e-05,5.168380588527996e-05
14279,3,4.817715353218261e-05,3.5668033156177644e-05,0.00010056244450888225,9.218871027590705e-05,3.6834014897770714e-05,3.301460762443831e-05,3.4108926657172165e-05,3.0726277642607544e-05,6.055003906850694e-05,5.1201825864643416e-05,2.0826331388853906e-05,1.630809778920902e-05,1.9863954406733538e-05,1.4302049795455416e-05,4.908129307971695e-05,3.8153806911081307e-05
14330,3,6.177418676585248e-05,4.808316495114701e-05,9.02661934137529e-05,7.281877266612908e-05,3.797851905474797e-05,3.2876732250217724e-05,4.217581440221941e-05,3.4987671840281516e-05,8.760349744936117e-05,7.570816435601719e-05,2.865490887253878e-05,2.1052725108959253e-05,1.7962683757690236e-05,1.2886628562769815e-05,4.286536954100854e-05,2.878099161510855e-05
14381,3,6.353049808592696e-05,5.251156156233015e-05,8.863881250755424e-05,6.272301894232632e-05,3.6958590511748075e-05,3.3094915652927746e-05,3.418743776104922e-05,2.498692975277314e-05,8.035624794077533e-05,6.102762397494593e-05,5.9483807539773894e-05,3.934779464343165e-05,2.1445866456704994e-05,1.588081259905923e-05,5.091849295251303e-05,4.056001064479711e-05
14432,3,4.974208872918113e-05,3.9073209850495945e-05,0.00010600446472644553,7.687973989206844e-05,3.3566195297451764e-05,2.466383608578228e-05,2.8516997935268867e-05,2.1424478417296573e-05,6.027356696479185e-05,4.2715972960336674e-05,5.645823212682503e-05,3.4192244361182616e-05,2.8995617877147476e-05,2.0766272713965763e-05,6.009623557776062e-05,4.470816999689798e-05
14483,3,8.81054278002032e-05,6.613933866505533e-05,0.00013493153246882017,9.613119491039009e-05,4.05881196007187e-05,2.9603552386619604e-05,4.573975513667682e-05,3.528646631772057e-05,7.36618041959483e-05,5.6158868219231474e-05,4.614968861456501e-05,3.1809497298067614e-05,3.527980240478527e-05,2.6701629602855098e-05,5.931328976848091e-05,3.61820538742766e-05
14535,3,0.00010578674328390551,8.516257499993739e-05,0.00011856783498359146,7.880473617098077e-05,3.875988564865315e-05,3.143624476386306e-05,4.1255890514464426e-05,3.0486873548911655e-05,6.490423593819428e-05,4.8209295473993334e-05,4.7358199469048974e-05,3.540534383424902e-05,3.5703127129965674e-05,2.7519499240757925e-05,6.175229109816155e-05,4.207962384470381e-05
14588,3,8.216918370880212e-05,6.091933018300791e-05,6.546910573430992e-05,4.72394353650264e-05,3.652527068546925e-05,2.6881976896873683e-05,1.9144972095005923e-05,1.4461251143691653e-05,3.106750400981299e-05,2.335627626688329e-05,3.2188066422138166e-05,2.6314560803870406e-05,2.754985898341338e-05,1.8108854309724698e-05,8.41875620195453e-05,6.798716396907447e-05
14639,3,6.314770680729472e-05,4.416500068722951e-05,4.546803106070957e-05,3.452555239993702e-05,3.282965708943413e-05,2.1803016394835404e-05,1.8410876770374705e-05,1.3466885501598094e-05,3.323069649767404e-05,2.2181054699967205e-05,3.258757862417102e-05,2.443324608933941e-05,3.60901362407804e-05,2.0450392423425355e-05,8.565008171673887e-05,6.580950071302335e-05
14690,3,4.504216964005313e-05,3.245534434191322e-05,5.482997132074214e-05,3.9892466208195947e-05,2.1530539681488283e-05,1.418618890329594e-05,2.023671657794042e-05,1.4850228176340102e-05,3.37451820015261e-05,2.050266659906229e-05,2.379442862228346e-05,1.656292028891911e-05,3.761454725145715e-05,2.5352469663132337e-05,6.690686180539071e-05,4.8354619443094405e-05
14741,3,5.091171403373621e-05,3.9149980664700494e-05,7.391711673696123e-05,4.271254483994361e-05,4.5995223145919476e-05,2.7183325891205627e-05,2.637455556080152e-05,1.8967936009336617e-05,4.089424623252469e-05,2.451004397322023e-05,2.5244860264310817e-05,1.857960136657212e-05,2.059305488831872e-05,1.7320861717352358e-05,5.7856928013309424e-05,4.8264903952477776e-05
14793,3,6.563635099738875e-05,5.367489922905342e-05,0.00013141071861069977,9.307983582743288e-05,4.7061158754781465e-05,3.1525647883437424e-05,5.254264965832177e-05,3.875441382622373e-05,0.0001284146028246062,8.741840113095344e-05,8.271334115143507e-05,5.6867206667647435e-05,3.223236653795026e-05,2.4474881401082718e-05,5.1790079619376945e-05,4.36034016396714e-05
14844,3,7.09955090330801e-05,5.930915985214026e-05,0.00012827760801905808,0.00010449011130948325,3.697600931332813e-05,2.6310903685823313e-05,5.283384092403528e-05,3.802123954967396e-05,0.00013613114302596377,0.00010111150374753368,8.401760509707003e-05,5.8942794241597626e-05,3.731447154813796e-05,2.843354529587452e-05,6.973704885884435e-05,4.903332239865541e-05
14895,3,6.77255470668639e-05,5.5226676253912314e-05,7.232933671327504e-05,5.6075900329382276e-05,3.669382399015725e-05,2.5810732030536494e-05,3.721963320429373e-05,2.6000096133947853e-05,0.00010215365138943253,7.6604153615881e-05,6.755693970448958e-05,4.701212882133853e-05,2.9010534784198528e-05,2.187368806822949e-05,6.667677839251931e-05,4.2762839026458616e-05
14947,3,4.99384536958378e-05,3.745840543604297e-05,5.036468147977363e-05,2.82452988488352e-05,2.1963746898222855e-05,1.6272205722059782e-05,3.429301201004471e-05,2.383430181056925e-05,9.893980317105887e-05,7.237501114421046e-05,6.374143346250185e-05,4.018538479842859e-05,2.1012464402825425e-05,1.636764501794602e-05,7.497494217642696e-05,5.2243656073846815e-05
15000,3,3.158429197463548e-05,2.0349295385688292e-05,5.910679907186498e-05,2.9934119688760393e-05,9.822806297616962e-06,6.999877068360286e-06,3.3413938952893796e-05,2.6036628016184957e-05,8.719831089358539e-05,6.893652564527215e-05,2.549803256434497e-05,1.63814100475103e-05,1.1562615165999755e-05,8.863110490270699e-06,9.045296778765474e-05,7.290475317165484e-05
15052,0,2.5338908907275256e-05,1.6092844811255932e-05,8.159567104307063e-05,5.495483886700963e-05,1.8158705045562993e-05,1.1540896648649722e-05,3.0046063811219875e-05,2.2311720817928394e-05,7.354893807716138e-05,5.3179385949649864e-05,2.359375125027855e-05,1.4549706555265447e-05,2.238192493482063e-05,1.058043864565439e-05,6.689471847380938e-05,4.759077957494016e-05
15106,0,2.9452255269053327e-05,2.09171684797022e-05,7.225581968508845e-05,5.281334339782442e-05,3.314412384062454e-05,2.4111468418056557e-05,1.3059485101241474e-05,8.960826308407398e-06,2.7101500320835004e-05,1.7679222621715023e-05,1.9503982004376672e-05,1.4880625041807667e-05,2.4230691721030847e-05,1.2528590505790893e-05,8.16592823855635e-05,5.718442078935732e-05
15158,0,4.931858794355718e-05,3.297217975377825e-05,6.988168752274161e-05,4.938714911598952e-05,3.924614570801992e-05,3.001928211499947e-05,2.065421917263719e-05,1.4093284111351572e-05,4.0681593802363934e-05,2.3026688846411565e-05,3.4331277924824614e-05,2.508505238853587e-05,3.6039965916518555e-05,2.3084603740856558e-05,0.00012178902553272412,8.84792674573175e-05
15209,0,4.407150703442172e-05,2.6892323087585646e-05,5.878709729743963e-05,3.752667570638595e-05,3.559374413507646e-05,2.558476385401155e-05,3.840497603014977e-05,2.6008742331354964e-05,6.465122651801596e-05,4.066094950011661e-05,4.68581683831101e-05,3.323037682696231e-05,3.834824909632801e-05,2.6212094364289504e-05,9.874964681479465e-05,5.537295296449647e-05
15261,0,2.7585874601051762e-05,1.6002370487564584e-05,3.5125588366454095e-05,2.7316829657362895e-05,2.720524406403104e-05,1.9294372398807072e-05,3.8604044053491376e-05,2.5987907645682633e-05,7.792330299151856e-05,4.8164869628420085e-05,4.692980406079514e-05,2.922033850200143e-05,2.0866014668681762e-05,1.4050854153519525e-05,4.770861715956864e-05,2.9552759811603264e-05
15313,0,5.559614682868328e-05,4.028501059548043e-05,8.464672134882479e-05,6.438216334092552e-05,2.1689228720891458e-05,1.3995521077593033e-05,2.1847722808536324e-05,1.5849954868121116e-05,5.89837239752534e-05,2.8665535702151883e-05,3.2082403334947406e-05,1.6459073628579832e-05,1.9208849330234645e-05,1.2371185527769114e-05,5.941260260375994e-05,4.268522364900786e-05
15365,0,5.901855622987758e-05,4.808465963222196e-05,8.325139120853224e-05,6.063729843295172e-05,2.0761648947929776e-05,1.0373690906888732e-05,1.473572773785699e-05,1.098575541554477e-05,1.6914214681381976e-05,1.1434555458554394e-05,1.4956682311942008e-05,1.0452399749832305e-05,1.7084632627726983e-05,1.0656079829787741e-05,6.139382496287209e-05,4.8445957912623945e-05
15416,0,9.481734411566878e-05,7.407681566639582e-05,0.00015023601226239893,0.00010748906536968442,4.5050646453029756e-05,2.8613091013552304e-05,2.8506262615716328e-05,2.1124973339612745e-05,4.203201854126641e-05,2.918738360615401e-05,2.047750751696247e-05,1.5413760323067943e-05,1.8341391572128427e-05,1.0198470111694408e-05,9.480943355356353e-05,7.895168799692376e-05
15467,0,0.00011459536299429967,9.576434985015559e-05,0.00015854105204042907,0.00012390939869879087,6.173514897536769e-05,4.857871273576213e-05,3.688565789185871e-05,3.01007035715211e-05,4.837822429454579e-05,3.936934507378401e-05,3.610107121115853e-05,2.9380425448669025e-05,2.492775460863383e-05,1.6544259071379668e-05,9.442163388461484e-05,8.08977695790945e-05
15518,0,0.00012617900194734956,0.00010117337098870891,7.460634877926567e-05,5.236026656445093e-05,5.910350235163339e-05,4.940634364278585e-05,2.8520496499319595e-05,2.1121014491731965e-05,3.262799758277191e-05,2.6590444194905892e-05,3.6965535892066036e-05,2.9934260622280032e-05,3.0354757986030314e-05,2.4613360077947693e-05,7.991135824563811e-05,6.504490806654807e-05
15569,0,0.00015941975336965407,0.00010180963333601882,0.00013560954712043356,7.3037891859467e-05,0.00012990994405122073,6.670600642565281e-05,0.0001143597924955559,3.776108443144469e-05,0.00011593450228131598,4.482036532885395e-05,0.00011707204277757805,4.4736258727246204e-05,0.000123871166768661,4.69812126605161e-05,0.000146700938603353,7.898511218626458e-05
15620,0,0.0001434753885127917,8.226804723757912e-05,0.0001358381729191056,7.535259925103166e-05,0.00013817623007542068,8.028232799186593e-05,0.00011450958891387567,3.752659243965762e-05,0.00012047298019355892,5.2329009228516754e-05,0.00011831095996960664,4.7036013457902566e-05,0.00012253025403619506,4.066533822320443e-05,0.0001412055095975914,6.965231561861739e-05
15671,0,8.785238147691283e-05,6.498748357335567e-05,8.229497075451656e-05,5.723852657321138e-05,7.433083597038203e-05,6.181831203436083e-05,2.78463821671212e-05,1.902069926945325e-05,5.81872613008036e-05,4.2585310663430676e-05,3.592199385897841e-05,2.7123238500027678e-05,2.6180776411152106e-05,1.88797527879502e-05,5.749214513444994e-05,4.166782814023752e-05
15722,0,8.49425161666562e-05,6.355478062090855e-05,0.00011576854660779773,7.814129390327156e-05,5.3117067428368295e-05,4.286894374523732e-05,2.8996945210294357e-05,2.2393481852438643e-05,4.858951222903212e-05,3.716780323947428e-05,3.492076098677842e-05,2.6673383572057777e-05,3.203330868565288e-05,2.437919366751948e-05,4.8036621939933337e-05,3.8066163301130916e-05
15773,0,9.834314904490737e-05,8.152107108466137e-05,0.00013753601100631018,0.00010486544115368898,4.0506268320621006e-05,2.936281763298483e-05,2.6777504859087446e-05,2.1735580694493302e-05,4.152398093428454e-05,3.2967031131668774e-05,5.9398987997687484e-05,4.2293244947113573e-05,3.2336288986554376e-05,2.674093745698569e-05,5.298778495875652e-05,3.8917160859973515e-05
15826,0,6.935805837953596e-05,5.441632807575629e-05,0.00010995749482019497,8.627231601550328e-05,4.579974697522809e-05,3.401507410670053e-05,2.9650043020569192e-05,2.519774012199552e-05,4.336640346372352e-05,3.473006593383491e-05,5.73063209164596e-05,3.941349155743856e-05,3.101247264704863e-05,2.6247970814996777e-05,4.7271836363491784e-05,3.610628470886259e-05
15877,0,3.39174568516654e-05,2.6168596824422478e-05,6.971200570044191e-05,5.3558696634034825e-05,4.8790969670075096e-05,3.6680746344469274e-05,2.478147391801896e-05,2.1786605169890702e-05,2.6416178397616584e-05,2.007514440559154e-05,2.249107554590954e-05,1.5635797631144668e-05,2.2231414314983903e-05,1.425329179845466e-05,3.633726535725967e-05,2.895452741569948e-05
15928,0,2.3593137480350816e-05,1.4441209124075427e-05,5.193130914714143e-05,3.0386899574100954e-05,3.513084873972799e-05,2.247408425601798e-05,2.1122019680855597e-05,1.5351821225057557e-05,1.5364386483834818e-05,1.0810230507924193e-05,1.9688952385371615e-05,1.3722764023799058e-05,7.4402223210438605e-06,3.952102097816837e-06,1.60659646653658e-05,1.1527452845769787e-05
15980,0,1.0291690686662616e-05,7.323743890942925e-06,2.1609902799482086e-05,1.3223010716905375e-05,4.3873859253510207e-05,3.199584997002671e-05,2.7076341143473055e-05,1.905330017292522e-05,1.2466284625880514e-05,9.126358317596104e-06,1.6772316449339366e-05,1.2000040505885062e-05,8.836755563386296e-06,5.707797158819971e-06,1.1270311703513112e-05,8.752209508635897e-06
16033,0,1.1635175844876398e-05,8.786755650177568e-06,2.8550908479709703e-05,2.1127238255437792e-05,5.407293435009884e-05,4.3829157084578184e-05,3.194033586587032e-05,2.5064421721709057e-05,1.1816994863122739e-05,9.130784112042476e-06,8.586152341765839e-06,6.1962062601814695e-06,8.472340672557375e-06,6.102939912472263e-06,1.0035778758966945e-05,8.572974026477767e-06
16085,0,1.0582420231043927e-05,8.264429169834496e-06,2.4537539977992556e-05,1.9262940553536435e-05,4.8491725441439796e-05,3.8167431227989266e-05,2.5522425647944704e-05,1.8925275402909082e-05,1.0360516592983057e-05,8.209633936067027e-06,7.16349445990033e-06,5.1335327784343765e-06,1.0750504495510787e-05,8.233657371774852e-06,1.2109620369116536e-05,1.0342992914823973e-05
16136,0,1.083428567588598e-05,8.360563032340251e-06,1.8776173320062097e-05,1.4532034786167667e-05,3.5484989421876916e-05,2.5446663802475e-05,1.2380903511872471e-05,9.139386966135472e-06,8.532421682542214e-06,6.385221468995773e-06,8.13541204097032e-06,6.162381403672871e-06,9.902690730390771e-06,7.776434166450768e-06,1.2631543769887804e-05,1.0314509642434713e-05
16188,0,1.2348426383867037e-05,9.281978416231995e-06,1.653238778712113e-05,1.3064202835043179e-05,2.2014869342162964e-05,1.739548901741212e-05,1.2132584940945578e-05,9.549620970127696e-06,7.381050288757648e-06,5.401055887429373e-06,7.969821346683857e-06,6.3678359425242325e-06,7.573794813783719e-06,5.9095300220805314e-06,9.098046654484697e-06,7.15403320244836e-06
16240,0,1.2499040975210384e-05,9.989230886340439e-06,1.620927956475027e-05,1.4335510732652577e-05,2.405546940298734e-05,1.9595506317329078e-05,1.4832722310102077e-05,1.314588832529875e-05,1.1662838598484075e-05,8.982215885318682e-06,7.671361338201334e-06,6.523157366946875e-06,7.713010157834567e-06,6.468157011285579e-06,6.8475144792565415e-06,5.2825169916685285e-06
16291,0,1.0234046649637379e-05,8.895270524266181e-06,1.437962022774539e-05,1.1639247071280218e-05,2.523503643177687e-05,2.1020793375674794e-05,1.3629440384085912e-05,1.1375880738818789e-05,1.3970727450830627e-05,1.1818143495473373e-05,7.4118264307253265e-06,6.3271576368455144e-06,7.030967216042164e-06,6.084495412228946e-06,6.777249202192679e-06,4.96611876835834e-06
16342,0,8.188827103288601e-06,6.8036657687166476e-06,1.7153331423212384e-05,1.2385968131984911e-05,1.949132447931756e-05,1.5234709476031694e-05,1.2032769021493054e-05,8.579565045693115e-06,9.553821532862089e-06,6.847071667561853e-06,7.469331140684625e-06,5.690355473677697e-06,5.83115188438131e-06,4.6224684650273664e-06,5.696885118744122e-06,3.7982974878003987e-06
16393,0,6.7690615257270035e-06,5.413384120208506e-06,2.209413665951072e-05,1.81890588488939e-05,1.7053067727199602e-05,1.2557227005727531e-05,1.0944491207726596e-05,8.79019460180691e-06,3.562625114908944e-06,2.883160872969502e-06,7.755821296754824e-06,5.953750021055039e-06,5.449618184009208e-06,4.180901450782036e-06,2.7821602088374237e-06,1.7048882189333092e-06
16444,0,5.597699367935127e-06,4.426704326112791e-06,1.6530976868640726e-05,1.2242891900136597e-05,1.668210722899087e-05,1.2183829725915111e-05,1.0738350071193177e-05,9.463069765277862e-06,5.431160850327705e-06,4.08024190682006e-06,6.889705062388293e-06,5.434774481569464e-06,4.317557076869908e-06,2.9964779585641022e-06,5.153634678397202e-06,3.418098463200722e-06
16497,0,7.78385658102451e-06,5.985863483594449e-06,2.3349098266200037e-05,1.7791236221674918e-05,2.5714505930094282e-05,1.9885990555725074e-05,1.855079286912959e-05,1.5041977837978775e-05,6.35581364702605e-06,5.07884659852496e-06,3.5466629188824552e-06,3.1849811968054898e-06,2.232117542417849e-06,1.5875866467090616e-06,7.277628420644908e-06,6.148168463833457e-06
16548,0,8.865544134746447e-06,7.078778386307701e-06,3.201313468436353e-05,2.8409507849863998e-05,3.670639376689285e-05,2.8396558039931532e-05,1.94934632803633e-05,1.5661095032719732e-05,5.1254071280022325e-06,4.1847713485478024e-06,7.966092708961413e-06,5.925460822595627e-06,9.528494555998926e-06,6.073432913933288e-06,7.5546145686121295e-06,6.530632774442981e-06
16600,0,6.963884254544583e-06,5.463798429100126e-06,2.4460463797281708e-05,1.9461712432074383e-05,3.2053132875248625e-05,2.2831916105726698e-05,1.244216775367164e-05,9.720253634835033e-06,3.2579604846533595e-06,2.4763524732869426e-06,8.602028582316735e-06,6.486712969626367e-06,1.4044855798171274e-05,1.1016301349200311e-05,6.317543693357291e-06,5.455327472975884e-06
16651,0,6.224053396972384e-06,4.789980038529948e-06,2.0611575910944923e-05,1.5807688629266674e-05,2.249578895524754e-05,1.8587569476005208e-05,9.930730699875633e-06,7.952632056352772e-06,5.843562197789326e-06,3.6835224545390597e-06,5.769987683853934e-06,4.04868543776165e-06,1.1249928028336774e-05,8.388243517790104e-06,6.0840953840144005e-06,5.420657028526998e-06
16702,0,7.64385757032356e-06,5.764421146895597e-06,2.3006600115968576e-05,1.7316105120384272e-05,2.2551948194105865e-05,1.693737413062915e-05,9.156196386984855e-06,7.107870822504515e-06,6.901305823621404e-06,5.355038239732367e-06,5.35138867992102e-06,3.904251666512321e-06,6.9497167622821096e-06,6.101047587353423e-06,6.336792229532057e-06,5.419349085163925e-06
16754,0,7.713248580896073e-06,6.01688707792474e-06,1.7374823537845408e-05,1.3550668431233574e-05,1.780011105115125e-05,1.1566427698832074e-05,8.98625487048684e-06,7.433075401386658e-06,6.0560056493620504e-06,5.336874416607955e-06,4.505079879104616e-06,3.879346965720262e-06,7.32349164826608e-06,6.811511324911036e-06,6.7064613536178055e-06,5.3787475209644794e-06
16805,0,6.773252888977952e-06,5.617640044407566e-06,1.2980385432794894e-05,9.855262889092195e-06,1.89213550072176e-05,1.4374596285462616e-05,7.877191876563857e-06,6.917589294848813e-06,5.986355123587452e-06,5.1782760210304e-06,5.817443868681785e-06,4.9887144981856765e-06,5.770202759710033e-06,5.239647423094585e-06,7.99682658873759e-06,6.406118969352974e-06
16856,0,7.012609491909457e-06,5.985858778356011e-06,1.5326008078263727e-05,1.103579930473606e-05,2.133152828998651e-05,1.8392016534126637e-05,7.12104437115483e-06,6.262771496377316e-06,5.498975829286602e-06,4.633760963299302e-06,6.1801293309969525e-06,4.858512221227415e-06,4.8088420981541715e-06,4.144539270452246e-06,7.28355732677126e-06,5.543735014088997e-06
16907,0,6.85601768896787e-06,5.455877278543781e-06,1.921661855251177e-05,1.4735952154805467e-05,2.4042757709079532e-05,1.9120241007187223e-05,8.74912601378567e-06,6.757822169632457e-06,7.711273547831958e-06,6.438547691593276e-06,5.034980445749732e-06,3.333992158864147e-06,5.435340124024863e-06,4.446081157573038e-06,8.816389498685658e-06,6.334094189937873e-06
16958,0,5.8988512681386375e-06,4.650731572595527e-06,2.559374883879269e-05,2.0955957265818424e-05,3.6494744454948296e-05,2.8558010830262986e-05,1.4963478835884113e-05,1.1451686182371063e-05,1.1676068077287576e-05,1.0254821575665085e-05,4.823065112883205e-06,3.5683763717425476e-06,5.555074079699457e-06,4.711858481008956e-06,1.1037970420848955e-05,8.701123201302135e-06
17009,0,8.865142283223082e-06,6.44437291442847e-06,2.3279794965598753e-05,1.866435915856012e-05,3.8480280790868805e-05,3.0297257201577424e-05,1.5329730887573264e-05,1.2377259401432097e-05,1.303439181534683e-05,1.1694959073509106e-05,6.779806094334534e-06,5.565297523375866e-06,5.524680377203749e-06,5.062139065839878e-06,9.129193515809661e-06,6.442885223506468e-06
17060,0,9.729498813268193e-06,7.493518747920229e-06,1.2269763734993197e-05,1.0302874858967253e-05,3.111161919731522e-05,2.2120013490540612e-05,9.482645175984847e-06,7.310421613038269e-06,1.0526151121844741e-05,9.314582145694996e-06,1.1526333211968486e-05,9.353661640610244e-06,6.275122632942188e-06,5.925297819450652e-06,6.311706173172436e-06,4.49382171379307e-06
17111,0,5.675132807080464e-06,4.008230739452767e-06,9.958263534795567e-06,8.18725795160593e-06,2.583947369925456e-05,1.935195762098473e-05,6.963521247158162e-06,5.2945443107671305e-06,7.88526632310324e-06,6.8858128044323185e-06,1.0099579219088087e-05,6.983636194984634e-06,8.0009012559947e-06,7.050348746848232e-06,6.19290510699452e-06,5.408252004793844e-06
17163,0,7.257140193459127e-06,4.622184445768501e-06,5.421207091230472e-06,3.947968667728611e-06,1.8145531390471356e-05,1.42881211397592e-05,8.397291480577755e-06,6.653533827521702e-06,7.545662061745463e-06,5.9653874344799564e-06,2.8325943266163543e-06,2.3685094301716796e-06,7.721388306477199e-06,6.4061641464537335e-06,4.890069593685871e-06,3.910762445538023e-06
17214,0,1.0276005572388624e-05,8.326175502580809e-06,1.1127975940053988e-05,7.751139960906743e-06,1.3997789826905874e-05,1.0510896381260567e-05,1.1502989332741716e-05,9.48854269770065e-06,6.814439251745206e-06,5.325031679408009e-06,5.6772951479423836e-06,4.419789677345946e-06,5.341648746511506e-06,4.352436993476061e-06,4.733295214947439e-06,3.5547940718518954e-06
17265,0,8.709792634389121e-06,7.278847935084751e-06,1.7853493736869586e-05,1.5148847435636073e-05,1.7629004008084622e-05,1.1617385535651597e-05,1.5384864399441236e-05,1.1835656227626966e-05,6.048722018059431e-06,4.889365171398703e-06,6.624795584713454e-06,4.960383196815308e-06,3.7499392339609426e-06,2.632895050943213e-06,6.2670128821112944e-06,4.9395568991908955e-06
17316,0,7.048168633016137e-06,5.321517762434237e-06,2.2227586562489754e-05,1.9013760971463163e-05,2.0177384223091115e-05,1.3207009099842559e-05,1.6986096149571814e-05,1.3936288004450966e-05,5.893400612483435e-06,4.488198399756287e-06,6.921649253420688e-06,5.527045053652658e-06,2.6525842746320557e-06,1.3956367282313252e-06,7.18448273738288e-06,5.335178501143665e-06
17368,0,9.299222015737158e-06,7.190642644037919e-06,2.0487295037610766e-05,1.7098253995624468e-05,2.435582746513778e-05,1.8686235270932826e-05,1.7500784848310425e-05,1.5344191461879172e-05,7.0424247231444815e-06,5.673798098878985e-06,7.286424464525713e-06,6.6636881713989955e-06,5.851766060303203e-06,3.5793543447009765e-06,7.52924575697791e-06,5.547567245785623e-06
17419,0,1.1085546738982245e-05,8.9405234017123e-06,1.8334355001278534e-05,1.5109750811612081e-05,2.9395904325831564e-05,2.2808697240778757e-05,1.582008079176835e-05,1.2908806029760639e-05,8.524510570767734e-06,6.677106441333338e-06,6.287663339472338e-06,5.637254199262767e-06,7.394781604415017e-06,5.296942425429138e-06,6.843979587302574e-06,4.54284658518391e-06
17471,0,1.1463977039336023e-05,9.544095476576198e-06,1.7632659164427448e-05,1.4424291061355347e-05,2.6078524023463565e-05,1.9971538426119356e-05,1.4278382217257723e-05,1.235563552063903e-05,7.4585156728322115e-06,5.4068502234863166e-06,4.4242947973877545e-06,3.4311368113089255e-06,7.639204222542488e-06,5.9248386509604784e-06,6.071032184296471e-06,4.309676750841539e-06
17523,0,9.713412740782695e-06,8.54326515325311e-06,1.6251805411392152e-05,1.3916581398705577e-05,2.678938363521208e-05,2.2715038978098867e-05,1.4408784678392744e-05,1.2490218287746927e-05,4.690696177385557e-06,3.4224683794502696e-06,3.0820920280257087e-06,2.3132393019318047e-06,6.743055898761016e-06,5.583085344449979e-06,1.0043253965395347e-05,7.384119763903712e-06
17575,0,6.631866744097842e-06,5.576473763737173e-06,3.801034978188072e-05,3.151061393034697e-05,3.963361434763235e-05,3.510366201973319e-05,1.9076902277399406e-05,1.4982564278355373e-05,6.826942527111923e-06,5.075130359275103e-06,5.874101657665734e-06,4.244111741883878e-06,9.312125991588183e-06,7.522780164394384e-06,1.057002332570229e-05,8.078819664714752e-06
17628,0,6.338265561862891e-06,5.242408015484187e-06,3.767160181473143e-05,3.114450719427547e-05,3.552968689398115e-05,2.9696463448165917e-05,1.7819279165186698e-05,1.335938788585143e-05,7.163818558159266e-06,5.2797892615039005e-06,6.477525088058216e-06,5.262950717733125e-06,1.0161533468043188e-05,8.767957576146912e-06,6.6418082567796896e-06,5.804162787860131e-06
17682,0,8.30165647690152e-06,6.969351559193427e-06,1.2579821165896372e-05,9.868780250675475e-06,2.2662283261837296e-05,1.8025747230203295e-05,1.0572810329155643e-05,8.726563554884105e-06,4.948772186640669e-06,3.501730125506517e-06,4.769973510138561e-06,4.019500383549814e-06,6.52426698483932e-06,5.226899945830906e-06,6.534617659710602e-06,5.301669746054798e-06
17734,0,8.813152595922958e-06,6.937976255664826e-06,1.0262959828791201e-05,7.949927355719218e-06,1.882876701813606e-05,1.3205231608455677e-05,1.457653499799466e-05,1.1064971218574716e-05,1.5478990873551985e-05,9.838258586770941e-06,1.1006993409382386e-05,8.218857916865307e-06,9.39504415530313e-06,7.169892665717352e-06,1.0280284368782026e-05,7.551492061842962e-06
17785,0,1.2922356256300352e-05,9.489674763771173e-06,1.094955400460499e-05,8.719590744441484e-06,1.9099164333746394e-05,1.3925474690888994e-05,5.6396519253008524e-05,3.287783678920527e-05,0.00010473296264270067,6.24657650159648e-05,5.065181053376237e-05,3.348862481212005e-05,2.027945345993933e-05,1.4713047888801768e-05,1.4413871336498406e-05,1.0792138030229293e-05
17839,0,3.7056930333144546e-05,2.8405172180922216e-05,4.497557034947698e-05,2.81343871309439e-05,6.604266890750288e-05,4.4366783225588696e-05,0.00021303835383656698,0.00016013916011119132,0.0003777466015697934,0.0003015815631180831,0.00024235883558172377,0.00017544436488741794,0.00010589670544645795,7.3581307520372e-05,5.38241590084466e-05,3.882176279091971e-05
17890,0,5.15773166512091e-05,4.539475542145387e-05,6.164776286539079e-05,5.199725169539318e-05,8.568607373839433e-05,6.791603590088198e-05,0.0002510650577445469,0.00021212070994320063,0.0004487669906526251,0.00038791238369732713,0.00028941302393460286,0.0002518726183849685,0.00013625531061286115,0.00011745859392466277,7.487727720149526e-05,6.614765199866413e-05
17943,0,4.644131719508992e-05,3.918417536383123e-05,6.433496994268868e-05,5.317771306028886e-05,9.836333885992948e-05,8.134429015652125e-05,0.00027027740695789075,0.00021411636146306283,0.00040794096642249566,0.00033138076575015614,0.0002185724858185564,0.0001915962298265231,0.000108744435974004,9.109289963558697e-05,6.193523064076709e-05,5.07449103522488e-05
17996,0,6.033133247159241e-05,4.883317779433587e-05,9.887958656815612e-05,7.750865764879712e-05,0.00017589792230041288,0.0001434477030327662,0.00039186612236019835,0.0003261731263558846,0.0005920812012999647,0.0004978561519588317,0.00039968221687904895,0.00032495226383285865,0.00017378074138679002,0.00013836175037718762,8.665517123649958e-05,6.836573752861513e-05
18048,0,6.370164973588865e-05,5.1508311914472084e-05,0.0001005348728580628,7.96939933001114e-05,0.0001930509877528167,0.0001541932536705344,0.000478846347311867,0.0003861043484939216,0.0006503781758623632,0.000532297634644583,0.0004803947995048831,0.00039655832583269793,0.00018584748310003613,0.00014648531902654318,9.509728542337721e-05,7.720981984617382e-05
18100,0,4.868866512018053e-05,3.9185805550408454e-05,7.921964070829445e-05,6.33246701631223e-05,0.00016433305156308574,0.00012825144714320575,0.0003760742792491085,0.0002542978420897299,0.00045351253467074647,0.00032421706589953937,0.000323725380561566,0.00022530745230790652,0.000124672992576735,9.604591910678208e-05,8.456973725846837e-05,6.624361311752696e-05
18153,0,5.995629204463919e-05,4.3747141185049755e-05,9.370584025891365e-05,6.863833088642628e-05,0.0001556966999246667,0.00011573834816502797,0.00012904760509005605,9.043628905593598e-05,0.0002128821171522461,0.00015645428225822167,0.00015067478359977296,0.0001175743997528832,0.00013935331381928216,0.00010440997254378241,0.0001058591178800972,7.899259979539726e-05
18205,0,6.55323254501547e-05,4.7263941700737705e-05,0.00010008677930721983,7.14730730631395e-05,0.0001523921537711423,0.00010712528630481264,0.0002526769467449825,0.00016886625737219327,0.00032182141974578313,0.0002295573963724418,0.00029501489405886206,0.00020114135490834073,0.00017381106541841803,0.00012265264495562396,9.822847572545291e-05,6.767172721263567e-05
18257,0,6.650590947321592e-05,5.641430816255068e-05,9.027342105628387e-05,7.333850758692648e-05,0.00015658874537206993,0.00012616675551439796,0.00027790914772664397,0.0002078604091648707,0.0003624782907981712,0.00028418029716980724,0.0003403362240242753,0.00027523430210006845,0.00019183559397228836,0.00015312628431947965,8.419191760207415e-05,6.918152858702382e-05
18308,0,6.516038242321638e-05,5.3736291758176255e-05,7.75582535606069e-05,6.663837650606806e-05,0.0001314364197107621,0.0001093724089308175,0.00016636352277742098,0.00012560466721908738,0.000250932284496562,0.00020205028755390815,0.00025026850619945073,0.000214642712159507,0.00018188471456897137,0.00014718228163998213,8.488273308199923e-05,7.063337502687993e-05
18360,0,6.058719368707488e-05,4.833865131270369e-05,8.73119446378052e-05,7.397047227517118e-05,0.00016574381655198438,0.00013212517616906293,0.0003812074882130394,0.0002684951116818793,0.0005100526715418941,0.0003626350779915015,0.00030541043725500373,0.00023412934599999663,0.00016819760027132307,0.00012546272178405688,8.174395404246563e-05,6.200026807990375e-05
18411,0,4.6510889069539466e-05,3.439523710836121e-05,7.492470943901841e-05,5.813562232470161e-05,0.00016269074501822848,0.00012837298694559496,0.0004470922875421775,0.00035942153143997326,0.0005992251144536542,0.00048025577356050896,0.00031137800132056,0.00023405981185233149,0.00013176030839084332,9.115070537768257e-05,6.669441569360758e-05,5.0404853051802455e-05
18464,0,4.477863983267442e-05,3.169897456598237e-05,5.8721163405523334e-05,4.615978723386217e-05,0.00011184384424928308,8.990442623011186e-05,0.0003678341473628156,0.00030228484513575705,0.0004737932399456266,0.0003739763602743059,0.00023133583913750654,0.00016874984875319538,9.964720983921594e-05,7.568755164247338e-05,8.170695687706397e-05,6.416130303596474e-05
18516,0,4.4775597646022255e-05,3.184690832811362e-05,5.344011698044635e-05,3.603539164312269e-05,8.695096251928723e-05,5.395260121443795e-05,0.000265700232769041,0.0001680735257962363,0.00031774664786944157,0.000185702339082777,0.00016477359059245981,0.00010202630364504086,8.818195598543452e-05,6.539714689427465e-05,8.20127514043797e-05,6.29151172751876e-05
18567,0,3.493053581252065e-05,2.6771117801194663e-05,6.0497721259761856e-05,3.8316215476958274e-05,7.930856701434832e-05,4.817565938168327e-05,8.621227435553376e-05,5.1945572947611404e-05,0.00013651430718455228,9.078507492672905e-05,0.00015815283783213714,0.00010805052482990473,7.52494754071619e-05,5.195963168965895e-05,5.679262523497473e-05,4.205897616284601e-05
18619,4,4.044567344239418e-05,3.51116749505355e-05,7.320088464817217e-05,5.646782975663906e-05,9.839175872276167e-05,7.783834533361646e-05,0.00015791600387936197,0.000128591373690088,0.00017609263541339828,0.00013971152311887018,0.00017865892242818022,0.00013775719909765735,7.856793208207101e-05,5.6572853366082313e-05,7.704557277007081e-05,5.98703056433816e-05
18670,4,3.34216508892208e-05,2.6941299820365585e-05,5.1455956154083055e-05,3.7205439878305534e-05,7.914299007765918e-05,5.599441565292051e-05,0.00018167382458899494,0.00014679859395089884,0.00018086566581708007,0.00013935281228746426,0.00023396621109378064,0.00017481007919728487,0.00010723204982994013,8.274149000828342e-05,8.061493997662457e-05,6.779490908101632e-05
18721,4,3.0482984572092838e-05,2.2838341343789514e-05,4.779544195455614e-05,3.507959138140406e-05,7.347104994424645e-05,4.976872715382804e-05,0.00015102566991520206,0.000109580676378319,0.00022721189293285407,0.00018054099764884085,0.0002481068299301975,0.0001960531673476679,0.0001108985959679169,9.074057375912095e-05,8.176141041815202e-05,6.672236689520424e-05
18773,4,3.0293454155061563e-05,2.3565313987143152e-05,5.871737662494902e-05,4.8554107547225184e-05,0.00010067592443894756,8.144974708676006e-05,0.00015414398261480753,0.00012857575585519397,0.0002520823456714113,0.0002170397536258315,0.00017055789103648632,0.00014272305478443917,5.265519554462588e-05,4.241290769405928e-05,7.06694021834215e-05,5.379713812964365e-05
18824,4,2.380933566212987e-05,1.7036504977545582e-05,4.790096241527134e-05,3.726407429635755e-05,9.566558074132929e-05,7.686364642984336e-05,0.00017802899910779278,0.00015194206352636306,0.0002353752305142724,0.00019190377428429466,0.00013052595115226447,0.0001039539966847558,3.714784329060991e-05,2.6649624527676683e-05,3.938436300791469e-05,3.106070214954905e-05
18876,4,2.0030778500238568e-05,1.6338019826661666e-05,2.176474195009711e-05,1.63714082911911e-05,5.195445883085204e-05,4.046188742153699e-05,0.00016374795992861062,0.00013461389009363715,0.00024309536727393162,0.00018648759334225515,0.00010327037177992699,7.910988956248642e-05,5.3390447492989016e-05,3.930252492954053e-05,3.4663064862035356e-05,2.71755855132276e-05
18927,4,4.187886928779999e-05,3.082809617958899e-05,2.7879677104904614e-05,1.717046587902631e-05,4.395024636961576e-05,3.1247835542698493e-05,0.0001253707169433269,9.515225090393069e-05,0.00021718214832034985,0.00016136690094500634,0.00014062656133997532,9.872690153502564e-05,8.389388742955228e-05,6.599033557569627e-05,7.29791162720076e-05,5.350782196198076e-05
18978,4,4.0958216662389e-05,2.739109579416148e-05,2.8804636344483503e-05,1.8300739223713893e-05,3.598063916298049e-05,2.5118395445187215e-05,0.00010048004808103195,7.661148005165364e-05,0.0001899748195946742,0.0001488001169247354,0.00015423904538750834,0.0001048527949787432,7.66603620525829e-05,5.578118545974786e-05,7.140897449608546e-05,4.922470860214084e-05
19029,4,1.577865449374407e-05,1.035271527861815e-05,2.3164236923513767e-05,1.5973153667752125e-05,2.534754816385443e-05,1.8858589973148837e-05,9.588695507381079e-05,7.83151949266173e-05,0.0002347245843632775,0.0001988115815706877,0.00016209535538021114,0.0001247253360524552,3.741326695338197e-05,3.175276138319975e-05,2.796717892608215e-05,2.2678193821621227e-05
19080,4,1.4191460106565222e-05,1.0702611014066595e-05,4.428693910821139e-05,3.201385872216965e-05,4.6239436189009705e-05,3.4481159391724765e-05,0.00010707115568069932,9.257525761302477e-05,0.00024527794338699007,0.00021729025915682404,0.00013712567126888047,0.00010742136990661252,6.365772619393257e-05,5.2115678799067206e-05,3.049638389137883e-05,2.7290361274119274e-05
19131,4,2.56929075812097e-05,1.9561199718046945e-05,5.045164590788267e-05,4.062898673193771e-05,6.614833036633585e-05,5.419354792576896e-05,9.529006691960694e-05,7.818171181169535e-05,0.00018585090597846206,0.00014994084171546693,7.538574005243468e-05,6.0426334046453503e-05,6.33610112987523e-05,5.0413024548019426e-05,4.027072000510615e-05,3.527955314040307e-05
19182,4,2.8186932201797082e-05,2.1855597929876466e-05,3.549985454281919e-05,2.6702414317828346e-05,5.208916477123703e-05,3.689582256213245e-05,8.644802834929617e-05,6.513159078977402e-05,0.00017685632747561317,0.00013554210469008746,0.00017716859654187371,0.0001208545608209734,5.664237303519169e-05,3.895259278967243e-05,4.1970561434489e-05,3.199595097441444e-05
19233,4,1.9541529230677516e-05,1.5189950832191392e-05,2.1770818630981345e-05,1.600987743252262e-05,3.610469313666674e-05,3.003012854426634e-05,8.897115361662215e-05,6.921164642724207e-05,0.00018156573030530558,0.00014645608701606912,0.00017895276443552377,0.00012193762014107998,5.772406732404086e-05,3.823887578103562e-05,4.367597009778009e-05,3.0696315157209546e-05
19285,4,2.0489152764763804e-05,1.615485861194232e-05,2.078609140580486e-05,1.5163186264093298e-05,3.745760985824845e-05,3.058513181150642e-05,7.730093938311303e-05,6.0295096325494535e-05,0.00015975034791417052,0.00012305192020837518,0.00013246887222050064,9.915290143379511e-05,4.772509608855689e-05,3.651609223112039e-05,4.655431692682046e-05,3.880487967660049e-05
19338,4,2.4306215296286218e-05,1.943124847729899e-05,2.1725530597872225e-05,1.4150664476682314e-05,2.3529236565817602e-05,1.736636113634785e-05,9.186738128717212e-05,7.179387548424822e-05,0.00018467427672939113,0.0001381205305120123,0.00016067855788945497,0.00013211141443091482,5.147417232698644e-05,4.230713685940183e-05,3.673263940353794e-05,3.0162417863510656e-05
19389,4,2.7680403273412886e-05,2.0530347874143406e-05,3.1454394647956086e-05,2.2523882513964946e-05,2.0015685316445113e-05,1.5285319561485316e-05,0.00010329078169669097,8.294599390569531e-05,0.00015449550863781052,0.00011568495680413359,0.00012452913682137705,9.824639650425942e-05,6.749844561465448e-05,5.50012388015434e-05,2.542034646530348e-05,2.0850752813687045e-05
19440,4,2.9283678233267167e-05,1.8768229095880684e-05,3.567181921974501e-05,2.505156591692738e-05,2.538235348854925e-05,1.767359439147372e-05,0.00011267084574196766,8.785320260673665e-05,0.00018150614073830364,0.00013805965192359538,0.00010590855635487771,8.301034200969013e-05,7.313423352752312e-05,5.866646624082968e-05,2.564267616592478e-05,2.1534634631179416e-05
19491,4,2.2539484358074287e-05,1.4480930959205e-05,3.004969672903646e-05,1.900818240663677e-05,3.449434444449802e-05,2.027891628971726e-05,0.0001090481300363198,7.445356485913714e-05,0.00021142621999039853,0.00014992916829625102,0.00011097351019481892,8.487711893483112e-05,5.440009724905786e-05,4.495370303404683e-05,3.2089870883343844e-05,2.774556401598229e-05
19542,4,2.025268516866221e-05,1.5869227657164777e-05,3.1403331703322216e-05,2.1826670564434625e-05,5.235482854754016e-05,3.71987605699107e-05,0.00013019799121420178,9.920543504413828e-05,0.0001959151641519092,0.00013942158528952396,0.0001093773362491343,8.126653422757432e-05,5.510212603314023e-05,4.964086795479084e-05,3.63609864307402e-05,3.256528303838557e-05
19594,4,3.150203929014086e-05,2.3481414963370575e-05,4.775746767297736e-05,3.4487219073740726e-05,5.027960479422541e-05,3.913489562102443e-05,0.00011780578572786472,8.923043436436824e-05,0.00017545251617343807,0.00014504655404535896,0.00010916212637236647,8.172675886643842e-05,5.559204291044855e-05,4.6529202902622785e-05,3.208774449664327e-05,2.5998827337247164e-05
19645,4,3.265947048267144e-05,2.3973287579491273e-05,4.64204109501004e-05,3.32251092018066e-05,3.600215502057466e-05,2.6499689050513033e-05,6.997956203583611e-05,4.863440206845939e-05,0.0001530862536116101,0.00013398431387681814,9.885675858553372e-05,8.14130191908184e-05,6.172872673294776e-05,4.639395532593592e-05,3.274803593492938e-05,2.4654718093413713e-05
19698,4,2.402778691622327e-05,1.760713996915277e-05,3.616893167470748e-05,2.851136397356913e-05,4.8254553804773805e-05,3.7310653837156475e-05,0.00010023861027675324,7.670126075508472e-05,0.0001735469163533969,0.0001468155993556695,0.0001238985433959475,0.00010354018245559465,6.201978370820299e-05,4.781578560442882e-05,3.627229368172485e-05,2.8323481756043827e-05
19750,4,2.089133022137421e-05,1.553986987901827e-05,3.506161722420875e-05,2.8858276463737266e-05,5.528726501409982e-05,4.602428662351261e-05,9.632706511732161e-05,7.27809288535638e-05,0.000165895805154935,0.0001334767057218322,0.00013608341882593417,0.0001101464245337186,4.187863329452891e-05,3.27271672650911e-05,3.402081074627565e-05,2.7595147209278207e-05
19801,4,1.834492197496218e-05,1.3100229144138382e-05,2.761085688110423e-05,2.0062656543803226e-05,5.368371290977596e-05,4.3668169057502456e-05,6.861225356036487e-05,5.432242450927957e-05,0.000120624039050934,9.842264075691296e-05,9.701302107243059e-05,7.443402645348143e-05,3.707943574633046e-05,3.0190857858759646e-05,3.6763218151265403e-05,2.9042002922256056e-05
19852,4,2.0444016594058182e-05,1.500377926112929e-05,3.4107161856451673e-05,2.44843471675679e-05,5.52067475740375e-05,4.247761219237122e-05,0.00012218499022761275,9.294650520570187e-05,0.00017021689374930799,0.00013066699214430973,9.786104087455109e-05,7.093345346499921e-05,3.9084476006299746e-05,3.1754300502093635e-05,4.671160299875459e-05,3.159037147815391e-05
19903,4,2.5115122145605106e-05,2.0991992080712333e-05,5.3278831146727134e-05,4.44116841667592e-05,7.104246185747647e-05,5.93978081678888e-05,0.00015710251763495384,0.0001370864578411108,0.00022669197508462554,0.00020050824503563998,9.790744852922988e-05,6.801258652193367e-05,4.125657410219714e-05,3.077834134447197e-05,4.172754124171078e-05,2.598861879924634e-05
19955,4,2.2927442072294308e-05,1.8725753499912758e-05,4.8547295299473955e-05,3.933626911704839e-05,6.72444019206099e-05,5.501292866051644e-05,0.00012279504008609463,0.00010250031305182124,0.00020109711294958625,0.0001715639703672932,0.0001310048652424874,0.00010387361981989363,7.454679478853476e-05,5.817487902940444e-05,4.99840917774901e-05,3.612907432647446e-05
20006,4,1.4515962225553765e-05,9.620883932506903e-06,2.2445630882321146e-05,1.682148487776173e-05,3.779813930575413e-05,2.680875352149547e-05,6.739478297470337e-05,5.3132700444719626e-05,0.0001661903167518446,0.00012801424086330058,0.00013609487852526484,0.00011320264575755294,7.602636444754694e-05,6.138881162290409e-05,4.811555085693989e-05,3.266590437629015e-05
20065,4,1.5190210711557854e-05,9.351382844749486e-06,2.1391696141427092e-05,1.4850148102400539e-05,1.9602459909629392e-05,1.3600810894905065e-05,6.092405129576783e-05,4.829249368330557e-05,0.00016839081094651304,0.00013406720850765746,0.0001023382488413188,8.381500025537395e-05,5.101059369459698e-05,3.9667477209565556e-05,2.7183259098969243e-05,1.858975083808132e-05
20116,4,1.5589524422347015e-05,1.072152989821081e-05,2.5454337020932016e-05,2.02059121837877e-05,5.4323623191215464e-05,3.4891699450850377e-05,0.00010137079652950434,7.121473626008003e-05,0.00017534921535364555,0.0001399751599706848,0.00011765671143175552,9.826671524381633e-05,6.423887292520656e-05,5.2719561673952995e-05,2.631930153979896e-05,1.980768351469438e-05
20167,4,2.1291375997289917e-05,1.611349039219531e-05,4.194434570079003e-05,3.403120872638105e-05,8.512161586259021e-05,6.843368483889334e-05,0.00014516351989327306,0.00011579064024816956,0.00023300194631120175,0.00019152841724694107,0.0001788763030505128,0.00014407474889480118,6.738513018339143e-05,5.567269867576885e-05,2.491791114996052e-05,1.9399623658679558e-05
20219,4,2.0283636656354774e-05,1.4397044246795323e-05,4.096693836706258e-05,3.126465276814023e-05,7.24733809524275e-05,5.2530445716171044e-05,0.00011427012799058841,7.883883453725798e-05,0.00020229521571054756,0.0001478282683494641,0.00016251679570062992,0.0001117319310463547,5.489992941039774e-05,4.5859491016429795e-05,3.656883100127664e-05,3.070673615275265e-05
20270,4,1.3400296623925816e-05,1.0137899538884528e-05,2.1695602571292157e-05,1.4922717788029964e-05,3.756178528261997e-05,2.8188303087613297e-05,3.61836888809636e-05,2.6668071977887893e-05,8.437358361523382e-05,6.048372987698878e-05,6.726561867299382e-05,4.550958401626206e-05,6.349292154125095e-05,5.04807921514041e-05,4.8942470173166635e-05,4.2090694528516064e-05
20321,4,1.2679693863243524e-05,8.834722242591324e-06,1.003981555155668e-05,6.48572855315347e-06,2.9808038242638744e-05,2.2504986453005943e-05,3.77227253007627e-05,2.9622002803478754e-05,7.245373892210566e-05,5.4764995507561286e-05,7.57192076999359e-05,5.7029099545393425e-05,5.495793457809239e-05,3.385061943961582e-05,3.8936092294288424e-05,2.6332262981815687e-05
20373,4,1.9221627891469498e-05,1.3167852345359551e-05,2.1972508371554718e-05,1.2064473054149536e-05,3.3719554996701584e-05,2.188077444536204e-05,8.545818070408148e-05,6.252458299279605e-05,0.0001547127233919257,0.00010862580100059426,8.74133151032826e-05,6.967838808507575e-05,3.311007814155436e-05,2.3999737712781764e-05,2.5844362519509334e-05,1.849540373378924e-05
20426,0,2.5425215157229426e-05,2.1047242954574685e-05,2.760629611721268e-05,1.9717643165290023e-05,3.1815408442179885e-05,2.0247563991482942e-05,8.99805876590395e-05,6.65427198017806e-05,0.00017342121808007298,0.00013045616562884464,8.629784107654353e-05,6.798399615331247e-05,3.9174811348286856e-05,3.173784351292077e-05,3.002176828385741e-05,2.3555138804522842e-05
20477,0,2.3249700500530222e-05,1.808544164652846e-05,3.0073618058816987e-05,2.2034412001729302e-05,2.7487343723832447e-05,1.8999008309573558e-05,5.671057242031302e-05,4.324792858694261e-05,0.00015213609706107598,0.00011660175982296245,8.258010754904074e-05,6.429710222684232e-05,5.24288491512992e-05,4.083426563497875e-05,2.184596864984616e-05,1.4008747248720377e-05
20530,0,1.8231767179036843e-05,1.3672528852263425e-05,3.068269553482918e-05,2.3716420971690143e-05,4.997856585301339e-05,3.8605726424411984e-05,8.608857183468607e-05,7.084215001861839e-05,0.0002228691554626967,0.00019499739321753677,0.00012009706693833069,0.00010530708813949901,4.983074486462713e-05,3.750581493821656e-05,2.436884138690302e-05,1.522914304485479e-05
20582,0,1.4088663099558513e-05,1.0665994851905807e-05,1.9523537126248094e-05,1.5472606466545366e-05,4.764979488046526e-05,3.7281994262211676e-05,9.378937730895488e-05,8.106365825375242e-05,0.0002106982821952669,0.0001832556058418463,0.00012589249304658778,0.00011199605403279842,2.384893673817367e-05,1.9049018004055644e-05,3.467865601366247e-05,2.72461514516712e-05
20633,0,1.6544242313639412e-05,1.3032194746486176e-05,3.357755912783312e-05,2.3203406699106082e-05,3.898905094117132e-05,2.8685843407983746e-05,9.78356806895845e-05,7.48711816394457e-05,0.0001261284410785198,0.00010037487679031221,8.903351881558076e-05,6.565004081080483e-05,2.721864966316103e-05,1.9493782068838656e-05,3.0390678226622954e-05,2.2020387569999696e-05
20685,0,2.9358868611321313e-05,2.2413182312790245e-05,3.942342394455554e-05,3.225578092843874e-05,4.8971464403058e-05,3.994332607990248e-05,0.00011969894293619293,9.602937264565514e-05,0.00019158995566964792,0.00015054259481763542,6.947187109847761e-05,4.90922855867202e-05,4.4796414251096685e-05,3.3528878219022544e-05,2.5573724846052894e-05,1.8083519859874755e-05
20739,0,4.492742851600632e-05,3.6811187845566634e-05,6.0063686855363124e-05,4.515064468330451e-05,8.04856938471911e-05,6.73093035716493e-05,0.00020425837635076083,0.00018079108540638113,0.00045638002949601174,0.0003936103590215695,0.00025949497485737617,0.00020092212894095473,0.00011188119055131574,9.37070544457586e-05,4.9180299374702485e-05,4.172220178273944e-05
20791,0,3.998517210610243e-05,3.0364745293967664e-05,6.0808465766256846e-05,4.443159333785078e-05,8.111567427913147e-05,6.439344564728775e-05,0.00020664963301605764,0.00016676454315077673,0.00046890233591634833,0.00036714462894846446,0.0003055113207239942,0.00024880907922119174,0.0001289395064438103,0.00010563484944744451,5.7671598408532345e-05,4.67246207868237e-05
20842,0,2.1055208821434246e-05,1.4679097892660554e-05,2.583397524918733e-05,1.7615402429287824e-05,4.027610266179784e-05,2.8919360343554202e-05,0.00010040991254473983,6.0937727332477764e-05,0.00021633342200208912,0.00011248235152874719,0.00017578767406760228,0.00010167966026343425,8.243391147659517e-05,5.4476608213916925e-05,4.064465285652561e-05,2.4435835553295392e-05
20893,0,1.898701597749163e-05,1.4080307854166893e-05,2.7831990664163257e-05,1.8208378391146777e-05,4.471181494573566e-05,3.4656911186016127e-05,6.786375518256764e-05,5.257612551740063e-05,0.00010091945526755704,7.229678468174067e-05,0.00011132426850886631,8.572443611128997e-05,4.171623709897988e-05,3.135551230989269e-05,2.761037220720636e-05,1.8285889170340945e-05
20945,0,1.7856627555919736e-05,1.3353204945039708e-05,3.079744681978727e-05,2.2283242417811455e-05,4.8526602817364035e-05,4.0378641867202454e-05,6.240931160277755e-05,4.431191028026446e-05,7.618113631401267e-05,5.103316612873724e-05,0.00010658071626786764,7.985943494538964e-05,2.7757302395460664e-05,1.788258912881407e-05,2.7005966091003938e-05,1.69181949456435e-05
20996,0,1.6460844946270904e-05,1.1848119737332751e-05,2.4990477671130782e-05,1.9445054935150275e-05,4.626510259222666e-05,3.536375014543465e-05,2.7693521249601683e-05,1.9233719525201777e-05,2.63083781737705e-05,1.8822333327852323e-05,4.250126143112139e-05,3.4573651952261914e-05,1.6491485092497402e-05,1.111029602759285e-05,1.5735594457708913e-05,8.926686607781846e-06
21048,0,1.4235702504909081e-05,9.823137213182216e-06,2.828442155031686e-05,2.2608150521714743e-05,4.4812778308946904e-05,3.191561245074134e-05,2.493116297158885e-05,1.65005973082795e-05,2.7499571564447754e-05,1.756693282976333e-05,3.4045343436606665e-05,2.4243171525517417e-05,1.681460511433472e-05,1.3412248101135778e-05,1.3274735923201722e-05,9.862805225065264e-06
21101,0,8.509279671519924e-06,6.577586442277855e-06,2.3239788871515806e-05,1.7316699360665342e-05,3.629041692843693e-05,2.8502329312478812e-05,4.4035022623779655e-05,3.258932677883588e-05,5.0143124899452655e-05,3.5153145759901945e-05,3.185856505129837e-05,2.1060752359013233e-05,1.6208214301340956e-05,1.3331540587914497e-05,1.2202465952806232e-05,9.154181094456462e-06
21152,0,5.450306251480155e-06,3.7893244447867674e-06,1.0986641080772033e-05,7.91673942543571e-06,2.929324268307494e-05,2.1241950586933016e-05,4.099694510943153e-05,2.9358464361713502e-05,4.570616522132906e-05,2.997194741281719e-05,2.8474283086872173e-05,1.8220294249199986e-05,9.588123670264303e-06,7.600252404273337e-06,7.103206393831474e-06,5.160621353552912e-06
21203,0,1.0845072951160861e-05,6.726864652347657e-06,1.6687105656734936e-05,1.2519727154266216e-05,1.6959978045362866e-05,1.244608101404748e-05,9.863324427401058e-06,8.255771797401649e-06,9.883213617340922e-06,6.43001322353971e-06,1.1479928178798679e-05,8.167807860351631e-06,7.193806581533455e-06,5.71060930426179e-06,9.73146395400466e-06,7.529298849236873e-06
21254,0,1.1649197252265933e-05,8.319924148275883e-06,1.614149024770542e-05,1.1002689230371012e-05,1.8269718013351036e-05,1.2449750648309017e-05,1.0071694409826055e-05,7.849992759772632e-06,7.067698274144333e-06,4.861938839782711e-06,7.363686878494168e-06,5.0734251248015054e-06,6.313734023843876e-06,4.5928177204600585e-06,9.44479072619415e-06,6.612383239097773e-06
21306,0,8.724126631073897e-06,6.433611208989681e-06,6.237961084906327e-06,4.03364372676057e-06,1.5410174590319463e-05,8.644439641630624e-06,1.0468249231240321e-05,6.991723360938758e-06,6.20353767790605e-06,4.066383657621671e-06,5.323819024251839e-06,3.230979606766317e-06,2.905937574489487e-06,2.208649792152364e-06,3.712435200840228e-06,2.6678843650213383e-06
21358,0,8.3922254863039e-06,6.3654238285974705e-06,7.672939601155077e-06,5.707417843870089e-06,1.1159897578734822e-05,7.382894708175232e-06,9.271941082005982e-06,6.434787956971793e-06,5.689327504287211e-06,4.2470175021980426e-06,4.804894618347633e-06,3.406095758765122e-06,4.410000431633876e-06,3.281599149333314e-06,5.683618466441864e-06,4.2809564315343645e-06
21412,0,6.361244211200985e-06,4.886397823581608e-06,1.5133401884376859e-05,1.0601518639432791e-05,1.9657159823943663e-05,1.4020611853229167e-05,1.7743335698702044e-05,1.2084318258623919e-05,1.1854455896436655e-05,8.591581109448541e-06,5.854609117831311e-06,4.638843449441236e-06,5.6645235493057614e-06,4.611558014841122e-06,5.963537727664095e-06,4.6979154337938206e-06
21463,0,6.0317253944577466e-06,4.514274867163424e-06,1.751639193686285e-05,1.3738886078137214e-05,2.0212180257732154e-05,1.4863372830712261e-05,2.0240289076340593e-05,1.5167342338662398e-05,1.3959862862996241e-05,1.1007062012121658e-05,5.2186675057762725e-06,4.098938330230526e-06,5.835686843261224e-06,4.749561900547105e-06,4.877399100841653e-06,4.095164522237105e-06
21514,0,9.514275105321367e-06,7.032563989326077e-06,1.0852346546965397e-05,8.071713607093306e-06,9.511760818659051e-06,7.983313754907361e-06,1.2003452727148285e-05,8.621504552406917e-06,9.421782833650209e-06,7.757518952560375e-06,5.920661828927573e-06,4.641670297457718e-06,1.1373967311106475e-05,8.461391453317953e-06,6.43452530107899e-06,5.470803727522596e-06
21565,0,9.728894383875899e-06,7.301021166459552e-06,6.709842673824139e-06,5.040657997266967e-06,7.882593668376322e-06,6.655312954403689e-06,6.915586413022116e-06,5.265852725481674e-06,6.483500241383346e-06,5.787174524910644e-06,8.490893681660987e-06,6.629490321205157e-06,1.5450421870432918e-05,1.2497509034032073e-05,6.81949595842931e-06,5.524253897535128e-06
21617,0,5.210326775286224e-06,3.638301728899725e-06,1.0965522351367639e-05,9.308802977204513e-06,1.153966855467104e-05,9.389435813073017e-06,1.01988736157996e-05,6.700692346678008e-06,6.421349969053883e-06,4.998363468024516e-06,8.082355264948481e-06,5.908454373291518e-06,1.1467840238118995e-05,7.559138519112652e-06,7.333121426066482e-06,5.839406375829654e-06
21668,0,6.725628118261427e-06,5.304707680555985e-06,2.0887385701358888e-05,1.7859023721377838e-05,2.0429905815553672e-05,1.6983644583006345e-05,1.5795213434711027e-05,1.1700825333478431e-05,6.976236323888585e-06,5.576085573252697e-06,8.306774993602053e-06,6.226497874285526e-06,3.817824258078836e-06,2.7347435425368753e-06,1.3338144657290727e-05,1.084391652767378e-05
21719,0,6.219770157650693e-06,4.904231288085241e-06,1.9126201773458523e-05,1.337608587860508e-05,2.052300237564736e-05,1.7725408900546205e-05,1.4424879141809603e-05,1.0530404396289032e-05,6.3344597755344875e-06,5.422848897503282e-06,9.000301280089352e-06,7.305377230961684e-06,6.546420131167686e-06,3.796025241992271e-06,1.4286306756796671e-05,1.1817602537389827e-05
21770,0,3.966562269954648e-06,2.592927126240101e-06,1.4279809182765258e-05,9.01514890093909e-06,1.7136305725943568e-05,1.5400947059541506e-05,7.892965225972869e-06,5.1503494255154565e-06,8.747685718099052e-06,7.242664325794536e-06,1.0826267926998785e-05,8.323643864188e-06,1.0842111947037503e-05,7.533784556176685e-06,1.0368307314095493e-05,8.179192881115575e-06
21821,0,6.028114441148396e-06,4.2428357715990925e-06,2.0493784069150038e-05,1.6777447785920653e-05,2.1133595889050627e-05,1.865101537915539e-05,9.78831012613887e-06,6.681416121855223e-06,1.2010659242951212e-05,1.0801555923489277e-05,1.3175526092883013e-05,1.096771356450153e-05,1.681914143067187e-05,1.1983315045273346e-05,9.128458938758737e-06,7.025770551147684e-06
21872,0,7.1098185011534106e-06,5.5279008913665925e-06,1.879792964963693e-05,1.5112788868677274e-05,1.8400785241919393e-05,1.3965872727182987e-05,1.179496695775345e-05,9.157645944827406e-06,9.751941305778338e-06,7.915749012064658e-06,1.0458433662821289e-05,8.565430181400749e-06,1.4689406324175077e-05,9.031123335114876e-06,6.915095398894775e-06,5.2545163454381114e-06
21923,0,9.516221019185794e-06,6.898711708572675e-06,1.5100749368327349e-05,1.1188506764801096e-05,1.1732441125439276e-05,8.48055634728029e-06,1.1799988920697659e-05,9.772526731251886e-06,7.265474563049298e-06,5.94981688469071e-06,5.9310164393972174e-06,4.062378462924999e-06,5.265779208850424e-06,3.9782665729388665e-06,5.996365755871539e-06,4.900788265345659e-06
21974,0,1.3379191194722095e-05,1.0889376875194052e-05,1.309465678315923e-05,9.197451709921002e-06,1.5321101476708765e-05,1.2573606478263453e-05,1.1593384678598966e-05,9.331357128079573e-06,7.890725479646778e-06,6.4902417464207794e-06,7.441722555662408e-06,4.942263728878509e-06,8.169781699683237e-06,6.121471237502972e-06,5.249601800711505e-06,4.001583480628692e-06
22025,0,1.1920221530467247e-05,1.0135936403231463e-05,1.150966616527828e-05,7.744932557065941e-06,1.436514273948158e-05,1.0725175273740266e-05,1.1893211095145393e-05,9.097018172084952e-06,8.675843648302287e-06,6.343852985768653e-06,7.9207585351448e-06,5.956262641257081e-06,9.176557226411202e-06,7.552744992504583e-06,1.1218025596717759e-05,7.5789775196992546e-06
22078,0,1.0921399742617758e-05,8.21047616673957e-06,1.066889857647756e-05,7.668801696326395e-06,1.8164728469392726e-05,1.082291659838659e-05,1.6699336103790677e-05,1.272422611911931e-05,1.035904693257874e-05,7.995955031434319e-06,8.01230468808019e-06,5.690207024785105e-06,1.1136389588163979e-05,8.815727780210958e-06,1.672459049529453e-05,1.3632120152587416e-05
22129,0,9.982073570580269e-06,6.395257182465169e-06,1.191691174253986e-05,9.231724909326734e-06,2.2362344027856072e-05,1.7054165908979836e-05,1.8468470430483434e-05,1.5432845556054994e-05,1.0795317704770094e-05,9.168952084494601e-06,9.734325865289358e-06,8.187546166979357e-06,1.0853119820949724e-05,8.086183214069313e-06,1.2980542478919612e-05,8.70980512145728e-06
22181,0,4.721748060421469e-06,3.5237784271440526e-06,2.13263588975864e-05,1.520908739487081e-05,2.086916186806455e-05,1.8434811285211655e-05,1.3140283647977862e-05,1.1405033360155521e-05,9.176782160348772e-06,7.314004594944137e-06,9.457062981312998e-06,8.791779823097873e-06,9.89944811639595e-06,8.135935914707815e-06,9.7462928409115e-06,5.680872408536839e-06
22234,0,4.704427249270657e-06,3.618522965882318e-06,2.2548299388230778e-05,1.6278748433421808e-05,1.866607029677563e-05,1.5345080227521644e-05,8.762180282658714e-06,7.453163153117389e-06,6.1981646504452925e-06,4.3609179784611e-06,7.651799546032218e-06,6.500285670348178e-06,1.2788187294309712e-05,1.0666335721044747e-05,1.6699864892035226e-05,1.2702128944242106e-05
22285,0,5.53235108408878e-06,4.273099112324997e-06,1.4993117106440883e-05,1.146585701282855e-05,1.8399404719025404e-05,1.4622375629757625e-05,1.0331108100499411e-05,7.807089243525249e-06,6.103056187401046e-06,4.635939582337112e-06,5.6419931437565314e-06,4.5794213830751216e-06,1.4636616827841661e-05,1.0736393034030545e-05,1.653538968735308e-05,1.3291741520509485e-05
22340,0,6.603966671621364e-06,5.3328418563591015e-06,1.3987985199998907e-05,1.0476855718301915e-05,1.7385301210376926e-05,1.2885574163899316e-05,9.774283862038433e-06,7.301733624063832e-06,6.119689003239901e-06,4.207294472128412e-06,4.405367337682682e-06,3.1414784387870434e-06,1.2241526036840333e-05,8.278986819795922e-06,1.061533522885327e-05,7.733273267672993e-06
22392,0,6.8673288830836396e-06,5.577179209074774e-06,1.1354934017935394e-05,7.1937949105003195e-06,1.3137615168484772e-05,1.0187548541548397e-05,1.4765417901010382e-05,1.1192226746431593e-05,5.641145346138304e-06,4.094770352198408e-06,3.8606083360782266e-06,2.788376239529426e-06,1.098780716215288e-05,8.35108846569721e-06,8.349511289918035e-06,6.821844119544155e-06
22444,0,8.276465959305811e-06,6.839333548200201e-06,1.2745892012906601e-05,8.818999466612082e-06,2.1103658691419996e-05,1.7701586055802725e-05,1.7643589376419587e-05,1.4829257579422706e-05,6.485597625443184e-06,5.5750583836618535e-06,5.583983194995018e-06,4.2211766807451735e-06,1.0887927318751586e-05,8.638617829954746e-06,6.542367981054793e-06,5.5101822464179036e-06
22495,0,9.388822830019178e-06,7.629798162751784e-06,1.5689617070809504e-05,1.2069574386770639e-05,2.1309429839426994e-05,1.718711852758574e-05,1.1596265504637726e-05,8.599663551695304e-06,7.455810995697117e-06,5.965743551831347e-06,6.632873565338349e-06,5.379150039579232e-06,1.0854463022806143e-05,8.496006941647279e-06,8.368597115835413e-06,6.4302457209277405e-06
22547,0,9.266988353379859e-06,7.4879590615233475e-06,1.155858174699443e-05,7.634642069388225e-06,1.3218653146772157e-05,1.0164549045298398e-05,6.386913507475184e-06,5.115251922205024e-06,1.0197532200023823e-05,8.72292751597541e-06,1.187891943719488e-05,9.948074611557814e-06,1.891344684706618e-05,1.5217997242343081e-05,1.1638601206059531e-05,1.00989489019196e-05
22599,0,7.468639577228782e-06,5.595087464673749e-06,9.44316326920962e-06,6.005883837512121e-06,1.3929616581668565e-05,1.0015334080842542e-05,7.936471171059088e-06,6.0233605551079924e-06,8.83285870611973e-06,6.96305338536914e-06,1.1770519679932058e-05,9.042895852784015e-06,1.8170916572571676e-05,1.3773034289701942e-05,9.988454083680557e-06,8.39563754700765e-06
22651,0,4.820944924308795e-06,3.4018061844167967e-06,7.996782065046738e-06,5.259373313732797e-06,1.2812936240149469e-05,8.78466910830958e-06,8.944014221089927e-06,6.7956414001822155e-06,3.3961265058076953e-06,2.798353478912611e-06,5.060762327530413e-06,3.32247688470275e-06,1.0133049106041942e-05,6.871270867401871e-06,8.91428182582255e-06,6.3531444771253165e-06
22704,0,5.132091944837606e-06,3.7671952694733e-06,1.543066462259675e-05,8.428060786761949e-06,1.5076748067091297e-05,9.869145455565507e-06,1.3865168876084253e-05,1.0318913368710958e-05,8.548509290344923e-06,6.016788040489908e-06,5.462461089082489e-06,3.865460623208265e-06,7.825927558075678e-06,5.995073062463803e-06,1.0765612142858793e-05,6.913405819254276e-06
22756,0,5.7950916852960745e-06,4.0602696960624095e-06,1.7901628701712005e-05,1.1733805333816235e-05,1.9069617992673613e-05,1.2652196850448955e-05,1.4267522264350218e-05,1.0982331783066493e-05,8.966921394405279e-06,6.529386134598621e-06,5.9068997967430154e-06,4.146083874318373e-06,6.615643333026023e-06,5.2969942927086814e-06,9.247837214093869e-06,6.253011789415371e-06
22808,0,6.763661685297799e-06,5.061373802469088e-06,1.579553000540238e-05,1.251226768378793e-05,1.532154381384213e-05,1.0095398341061956e-05,9.402847120798156e-06,7.3895775749878536e-06,8.457063195684495e-06,6.059469201286702e-06,5.806158794418086e-06,3.7590860768042942e-06,5.629483708552627e-06,4.070516117643309e-06,7.651993043982655e-06,6.52954551724096e-06
22859,0,8.217348413172949e-06,6.760054383240365e-06,1.497702717039455e-05,1.1932253077004062e-05,1.2572190297604178e-05,9.04137004435288e-06,9.901719600251286e-06,7.516794142573415e-06,1.0227551732934661e-05,7.890230181044756e-06,9.21834769858147e-06,6.882754654155606e-06,6.309945931102681e-06,4.89539764047804e-06,1.1206166868175826e-05,9.365150223990873e-06
22910,0,7.237206753900222e-06,5.915459777240585e-06,1.079939358214679e-05,7.778888597035015e-06,1.2278508800487355e-05,9.140728973401129e-06,1.1802547250046075e-05,8.857874333648056e-06,1.0952867010604273e-05,8.520737102176215e-06,1.1466175205632712e-05,8.953944868139724e-06,7.267523442770559e-06,5.480648398117307e-06,1.0603290619024566e-05,7.999450691714965e-06
22961,0,7.952755065604487e-06,6.716721828630002e-06,1.1454159788788867e-05,7.573657618267206e-06,1.4919253901877547e-05,1.1906781634475354e-05,1.8043444784015672e-05,1.3056688503171068e-05,1.2752724635355441e-05,9.132200019351181e-06,2.2200858013068524e-05,1.2575243710426503e-05,1.3841077377093738e-05,9.632631139389842e-06,7.487345333981915e-06,5.586921788945015e-06
23012,0,9.701145104444815e-06,7.98441588268069e-06,1.6058069835753856e-05,1.1435999875248481e-05,1.55153808874812e-05,1.1498464714583727e-05,1.689017522074342e-05,1.0783523792671513e-05,9.99734126884213e-06,6.010307067007527e-06,2.086598709000309e-05,9.800153097062713e-06,1.4969466164065972e-05,1.0612096930848985e-05,6.135526268448622e-06,4.182767034491983e-06
23063,0,8.467256605148207e-06,6.2136390144691025e-06,1.4997036090022098e-05,1.1275392542604153e-05,1.7130520102375827e-05,1.2275215237493891e-05,1.3627328445592721e-05,8.899417221573973e-06,5.59774890760245e-06,4.394071682881685e-06,5.8493802131882035e-06,4.34590128283539e-06,1.2249270193008825e-05,8.618458956138117e-06,6.709320350364239e-06,4.7832177686112675e-06
23115,0,8.633877544279265e-06,6.58846156045609e-06,8.844917353197932e-06,7.412430148640154e-06,1.5959028165663548e-05,1.2212688517976115e-05,1.2665680476988044e-05,8.814983085768154e-06,5.086454482340115e-06,3.964976754693903e-06,5.860393354085457e-06,4.803250672282919e-06,9.779684479616677e-06,6.278812576569619e-06,6.562632652798344e-06,4.74698197214181e-06
23166,0,1.1394978103997025e-05,9.040410504294362e-06,8.555184490639017e-06,6.647558980161433e-06,9.527837969136274e-06,7.5592461974636635e-06,5.026142356754421e-06,3.840007843950474e-06,6.243975047372481e-06,4.0277300816188285e-06,8.782427114114354e-06,6.7768576771445826e-06,6.974654629246148e-06,4.03334827989667e-06,8.28477113547543e-06,4.200163373756647e-06
23218,0,1.1884096920338983e-05,9.689660047611031e-06,1.1572068760139332e-05,8.780669949799054e-06,1.8244336063740936e-05,1.3765867838136216e-05,9.793840152820697e-06,7.146970746243258e-06,1.1429507653584622e-05,8.775525176476183e-06,8.254643422543116e-06,5.6716395635224665e-06,1.2049828102461013e-05,9.155446273087574e-06,1.0784941690973496e-05,7.618775423555355e-06
23270,0,9.649860265157924e-06,7.1793958813315685e-06,1.7002794477068386e-05,1.370375161597144e-05,2.2636552226472224e-05,1.8787833235787186e-05,1.011961293354202e-05,7.960850530737965e-06,1.2207498714402305e-05,9.684769285604545e-06,4.650416778233129e-06,2.9179663004091233e-06,1.3921757992771808e-05,1.1550056964948335e-05,8.390988997507151e-06,6.852237193708445e-06
23321,0,9.660661942463195e-06,7.099148403982279e-06,1.558758387561393e-05,1.251673299868759e-05,1.6732499621666367e-05,1.2559708076397533e-05,5.613452079364729e-06,4.443564862304068e-06,1.088419316197087e-05,9.145918295438359e-06,8.140914632289675e-06,6.245551674948172e-06,1.126459120750944e-05,8.361458694409158e-06,7.103414400316433e-06,5.908414705405134e-06
23374,0,8.763290735813808e-06,6.7040837051024744e-06,9.360608807218651e-06,7.394392746677391e-06,1.6578013532274103e-05,1.1924309297232511e-05,5.441527200026403e-06,4.028142897448194e-06,9.882901964323982e-06,8.557699950182072e-06,7.964879880995565e-06,6.5942481724924575e-06,7.088684084514839e-06,5.399068276215328e-06,7.139734130990361e-06,6.3743541400251785e-06
23425,0,4.9031257417667476e-06,3.540836231184045e-06,9.618812437478519e-06,7.058981491557876e-06,2.3178835571756928e-05,1.787413254722562e-05,7.74221538847664e-06,5.761258451720987e-06,7.713267232410629e-06,6.1467758177415214e-06,1.2728075324698509e-05,8.843663680136767e-06,1.578555857197142e-05,9.052653482606202e-06,4.9561994231065764e-06,4.2045982142446375e-06
23476,0,5.850631776740991e-06,3.7405126861865565e-06,1.452935670491216e-05,9.551862866867764e-06,2.1418426995850828e-05,1.6587451447509664e-05,1.1751168129026826e-05,9.04775010878417e-06,1.1544266969764482e-05,7.849622825710342e-06,1.3111676140021329e-05,8.743306611581626e-06,1.7596457999153464e-05,1.2095943268354042e-05,3.45856848415229e-06,2.654244625354606e-06
23527,0,8.824261859676301e-06,6.599282569208596e-06,1.9713770909587817e-05,1.3694349143475422e-05,2.209161988287129e-05,1.595326797384241e-05,1.981699102761661e-05,1.4476340276450717e-05,1.8891337789130715e-05,1.3550653572216167e-05,9.71255445595316e-06,7.037443008885889e-06,1.1943309196650899e-05,9.444723839153778e-06,1.1830286401397168e-05,7.423349177629659e-06
23579,0,9.241064523403996e-06,6.958257112974897e-06,2.0510373744520804e-05,1.5086531107526584e-05,2.30367824328795e-05,1.7272881030437963e-05,2.963825988788937e-05,2.399039179071099e-05,4.9517762377754494e-05,3.254060927131005e-05,2.2101383239510436e-05,1.537084310068038e-05,1.254664254390551e-05,9.57042947453446e-06,1.3935509250185313e-05,1.0348947799073166e-05
23631,0,1.1884003314940224e-05,8.699377052339955e-06,3.023701239112839e-05,2.183649515465825e-05,5.396204552119901e-05,3.5984198890010614e-05,8.16125637251567e-05,6.0704194849110486e-05,9.831284989347746e-05,7.835899972965525e-05,6.283250351084135e-05,4.635899265759142e-05,3.5462231636650514e-05,2.5622079304589615e-05,1.6452669115531975e-05,1.2847528760732184e-05
23682,0,2.109596657252532e-05,1.3198949784549221e-05,5.454821122555894e-05,3.9052674954954596e-05,0.00010123487620237925,6.994006560103762e-05,0.00011009930291979991,9.036746168141903e-05,0.00021121388586890736,0.000171919443339891,0.00011413479269648994,8.766531885294151e-05,5.540228930875241e-05,4.0456314401794536e-05,2.4164405876521412e-05,1.8172090483007742e-05
23735,0,2.6897653805787535e-05,1.6683098238750277e-05,9.006334531025124e-05,6.309172986493197e-05,0.00016156632279774318,0.0001220868016760436,0.00017087134057937363,0.00013163783238764892,0.0002586159290255664,0.0002143794608530113,0.00012894180746541548,9.58424770564369e-05,6.014749365551703e-05,4.256878000749869e-05,2.251513170435127e-05,1.5488504200303187e-05
23789,0,2.3308112174425376e-05,1.5336202534128347e-05,0.00010561799328138054,7.015027150251947e-05,0.00018546134906617887,0.00014199612321981182,0.00023375384954733004,0.0001682825413560462,0.0002483689319827502,0.00019579777887582847,0.00015368614378710992,0.00010555706484302275,8.735354613216011e-05,6.252864442784844e-05,2.862398736615167e-05,2.013876543242501e-05
23842,0,3.378789106600209e-05,2.1402479840731825e-05,8.874613332606007e-05,5.996363396042765e-05,0.00016285809520700563,0.00012466222142401998,0.00027743598246500445,0.00019619619867521952,0.00024465873189510027,0.00019464203475540634,0.00014747376293877508,9.534772467784004e-05,8.883093122401615e-05,5.920146336903887e-05,3.993719297674422e-05,2.9813628844649636e-05
23894,0,3.9179503866548927e-05,2.8445665600411406e-05,9.286889989258388e-05,6.864324211535301e-05,0.00015582607564748708,0.00012537002261581992,0.0003054171773959806,0.00023667757921135693,0.0003352645455156968,0.0002612987620082695,0.00011512310475059562,8.766946382409035e-05,6.114690600201132e-05,4.0668683719806457e-05,3.820245449805437e-05,2.7155600337216865e-05
23945,0,4.388525225722097e-05,3.357634795267195e-05,0.00014729596744317226,0.00010276976167115448,0.00018000021236527262,0.0001229531201985181,0.00029663606057644666,0.00024554355916087383,0.00046446455537960704,0.00038614609299499216,0.00015693199516205464,0.00013125258104593752,6.998166237503101e-05,4.984270549939356e-05,3.679284574919723e-05,2.4975419535567057e-05
23997,0,3.948011180885455e-05,2.6970552988485045e-05,0.00012918423544326253,8.112856940535452e-05,0.0001698525318204016,0.00012322531062654,0.0002474234039868091,0.00020179451610552245,0.000399708651446504,0.00031114589291825933,0.0001362986199872826,0.00010250478491434369,5.8545358457828994e-05,3.7593184468671184e-05,3.07704944264232e-05,1.9900379211478695e-05
24048,0,5.617211323109811e-05,3.8855300431910815e-05,0.00011567051987820786,8.233764192526027e-05,0.0002582968153881436,0.000202311493150279,0.0003989921405071196,0.0003272847317205947,0.0003134029313384469,0.0002587104829403511,0.00015516434297080741,0.00011894969192134307,9.498676276884124e-05,6.465681675051947e-05,6.207135822110229e-05,4.26898482459122e-05
24100,0,8.191950891556574e-05,7.289292369416436e-05,0.00018830410802110883,0.0001631597798787039,0.0002758858926038432,0.000231987402016701,0.0004843337793756221,0.000461789859339874,0.0003455758463673421,0.00031797638773266144,0.00019238218756254116,0.0001751327413482812,0.0001203247435266364,0.00010247488951239069,8.183330353485529e-05,7.233853666775024e-05
24152,0,7.07961078440026e-05,6.0679772519361346e-05,0.000159292666977228,0.00012287172882579565,0.00020622578951998786,0.0001700158448061831,0.00038100637915965184,0.00034109652299499344,0.00025720811920249773,0.0002209496182537668,0.00014513705901257251,0.00012550498749546718,0.00010070218865655906,8.352481650387343e-05,7.963739388079233e-05,7.048980019538033e-05
24205,0,4.9140907446593285e-05,3.9520447839260855e-05,9.954220144336807e-05,7.031206710539314e-05,0.00022235239319438025,0.00016547582979327836,0.0003432607898243635,0.0002617624289894465,0.0001843162911989484,0.00014193521415743597,0.00014616553022655168,9.900377651512915e-05,0.00010378524955532437,7.473315059455865e-05,6.6068114013889e-05,4.996608284659786e-05
24257,0,3.894657321027606e-05,2.917148697343146e-05,9.509218951744906e-05,6.996707591382963e-05,0.00017430733733964955,0.00012609607333702766,0.00028009531397174005,0.00018219645814310736,0.0001882075486004086,0.00014763558935614995,0.00012898350059062445,7.452931130492519e-05,8.457237704918532e-05,4.8722405120687104e-05,3.877154674803453e-05,2.534599460270691e-05
24309,0,3.974941812957341e-05,2.877956642060084e-05,7.05798565734187e-05,5.474247389680265e-05,0.00012190368837752072,8.931830848085885e-05,0.00012119729322729252,8.717561296788594e-05,0.00018482823233125994,0.00016100067790193552,8.864292119944612e-05,6.007257673428207e-05,6.734845231880129e-05,4.572969419137681e-05,4.599748351729855e-05,3.192595965271832e-05
24363,5,3.97329687021977e-05,2.998242035757826e-05,6.996449648971927e-05,4.96734380313322e-05,0.00010981613279074149,7.082490104952756e-05,9.720707562072421e-05,7.464102123723561e-05,0.00014646064820465638,0.00012801013605025216,8.767750047647482e-05,6.20176178349203e-05,7.054210436241895e-05,5.4603734192936867e-05,5.0264248742307905e-05,4.0025600425909753e-05
24415,5,3.216096377074152e-05,2.0737144530655725e-05,8.574427716822286e-05,6.995895427671021e-05,0.00010339688866340092,8.376009198240639e-05,0.00017829970129848847,0.0001379407565387737,0.00017442900070704502,0.0001484066168808639,6.19686906139648e-05,4.6392796465285725e-05,5.475199944827023e-05,4.0772057390106416e-05,4.195593304999778e-05,3.57461480523785e-05
24466,5,3.6693415803918324e-05,2.392043653499607e-05,0.0001014555563247116,9.057756721673308e-05,0.00014365567744635812,0.00012118531547836901,0.00017942596716631777,0.0001432103304074484,0.00018513546883496958,0.00015048951657738538,0.00010612468443212014,7.35432746475708e-05,5.448254977054088e-05,4.004337580887057e-05,3.408088922772213e-05,2.5515269077551516e-05
24519,5,3.073349171219592e-05,2.1605909908375348e-05,8.393228065724442e-05,6.010849089740685e-05,0.0001325600251534043,9.675999994153001e-05,9.465098302052658e-05,7.668451171828663e-05,0.0001036501285847729,6.744688901992646e-05,0.00012081152447873278,9.426650125266011e-05,4.7484702735547706e-05,3.8010891427541535e-05,1.94359908253186e-05,1.2096463753087014e-05
24572,5,2.1873916387071927e-05,1.5043946226755795e-05,7.140427280414984e-05,5.041173428877462e-05,0.0001351589450633839,0.00010574871409209801,0.00016815929188242028,0.00011142049222421573,0.00011819612263437693,8.226758054691065e-05,0.00011273638671463522,9.117923635931267e-05,4.928967019804433e-05,3.996368517647198e-05,2.0637416174267383e-05,1.411929468344713e-05
24623,5,3.0063361839256332e-05,2.2827979001850677e-05,0.00011161104753694602,8.914656509031843e-05,0.00021664052350231765,0.00017437413845110343,0.00025325264267476105,0.00018089291005505344,0.0001495772595618465,0.00011086403149817215,0.00010849829478435687,8.271054099713142e-05,4.75528963388276e-05,3.408934557904992e-05,2.3855540830061438e-05,1.6554499438905564e-05
24674,5,3.48575290785035e-05,2.6865206627904458e-05,0.00012935323384966933,0.00010120100817114381,0.00025630656404958507,0.00020011020952295243,0.0002792518143777713,0.00021391782825523343,0.00017626250029417515,0.00013066646529944474,0.00011121531067794203,8.714056435305909e-05,5.2358115375146254e-05,3.8366271005389406e-05,2.525645253141383e-05,1.8499596400650078e-05
24726,5,2.850993669690407e-05,2.151064638410412e-05,0.00010558861351191375,8.465449098719564e-05,0.00024839255780293346,0.0002008203215980333,0.0002552854399950681,0.0002051210269379778,0.00020162090235011356,0.00016846461634064007,0.00012405941741261398,0.00010356224782742696,6.406380357851391e-05,5.490260448376188e-05,2.9512120399519545e-05,2.417802628793016e-05
24778,5,2.286718360331271e-05,1.693614028584345e-05,7.866073988540045e-05,6.781659528479305e-05,0.00018070687496501511,0.0001311815252654084,0.00019805204944973282,0.00016394594139537027,0.00021751266893092197,0.00019389654353829148,0.00011347932193277467,9.811934971130728e-05,5.2971855300035594e-05,4.09392512871602e-05,2.6479242544996133e-05,1.912452831158628e-05
24831,5,3.237225605133856e-05,2.4960755085840498e-05,4.8090572972706006e-05,3.9532660449726837e-05,5.537977839776095e-05,4.055930312900192e-05,0.0001525210810851542,0.00012221938005667503,0.00018542220224241162,0.00015462748501893965,9.042182330867962e-05,6.988230912482126e-05,5.368808052784896e-05,3.9329004694014846e-05,5.3557593782054994e-05,3.744957734196224e-05
24883,5,4.683862839877958e-05,4.240811162512445e-05,8.387574158047672e-05,6.835014669957609e-05,0.00014648573041744898,0.00010713612550355023,0.00019467663946488663,0.00016346087325343813,0.0001503075301960488,0.00012759936245746896,0.00011623579235287331,8.50537395305212e-05,8.490646018876378e-05,7.161072417469174e-05,6.528080149743468e-05,5.583291898713716e-05
24935,5,4.6491838168183066e-05,4.14330024708085e-05,9.35715656859492e-05,7.921052241287004e-05,0.00018015266270612708,0.00014930859401431212,0.00019231986715403595,0.000165814301557333,0.0001341845223529227,0.00010580443554927643,0.00011435915573336931,8.918381319247242e-05,8.298944708151237e-05,7.207047793335037e-05,4.799993444839597e-05,4.034791157149151e-05
24986,5,4.925270094004703e-05,4.167158103681068e-05,6.882536162077876e-05,5.362506088055489e-05,0.00012396505645581414,9.008174031929374e-05,0.00012738032897692718,9.814775543533384e-05,0.000125339772311964,9.161532632919009e-05,0.0001054904952202148,8.65182700426434e-05,7.264030936379281e-05,6.411776064766665e-05,4.424296826814735e-05,3.735460842773618e-05
25040,5,4.837372961169327e-05,3.8419652520130023e-05,6.76851657014052e-05,5.729560031755755e-05,0.00013392757657564557,0.00011142994337562868,0.00020989022114149692,0.00015697496860536737,0.0002181506287180032,0.0001614346728078009,0.0001374341638642881,0.00012037509189407675,6.816774816658184e-05,5.881915239885868e-05,4.2602940782670994e-05,3.2896426515639184e-05
25093,5,5.851231230891989e-05,4.695259405891014e-05,7.599339110615434e-05,6.615718102144874e-05,0.00018345232174646366,0.0001576662724238027,0.0002706991979857188,0.0002046341302103086,0.0002305095973996024,0.00015928762607770623,0.00016810569801230482,0.0001436592024498902,8.442530295380625e-05,7.151158745296198e-05,6.413193969917562e-05,5.023456793835701e-05
25144,5,6.781372930820294e-05,6.1021079915325236e-05,9.769898606202962e-05,8.557804511158753e-05,0.00016139484072337146,0.00013151152231400702,0.00021082567763440135,0.00015522107855617392,0.00017450140609166225,0.00012634813429785545,0.0001617670410538864,0.00013797818586678103,9.435034315433385e-05,8.251640978433215e-05,6.79512442089757e-05,5.885125954373736e-05
25195,5,5.113563430502074e-05,4.2592816185061954e-05,0.00010761234994364349,8.90320152575226e-05,0.00012802517189873256,0.00010764200549207233,0.00021724975222367553,0.00018876461285857884,0.00015164435331091588,0.00011896215496705066,0.0001321262597950129,0.00011497381703721052,8.814240904973927e-05,7.664689308532577e-05,5.059313827092299e-05,4.1535517754485296e-05
25246,5,3.095168570870522e-05,2.1104858659012843e-05,7.735251025101149e-05,5.1387018049012386e-05,0.00010060815980206871,7.09461930417011e-05,0.0002191679050083422,0.00018334246300393607,0.00013870436609570168,0.00010239299220337756,0.00010898271992955292,8.627098100905073e-05,7.559119829943338e-05,6.175827925849533e-05,4.4961417899351495e-05,3.482303909183975e-05
25298,5,1.9612488971873755e-05,1.3866001076645999e-05,3.330892647751539e-05,2.5644377652846353e-05,5.869088066909379e-05,4.561370835652705e-05,0.00016424917802559876,0.00013713392961390528,0.0001287073529265463,9.94155563073602e-05,8.464498285533965e-05,6.312118398511216e-05,5.242808617999597e-05,4.1394580481823115e-05,3.224063465630353e-05,2.3469509350846618e-05
25350,5,3.454353962060904e-05,2.586534077955308e-05,6.58492753635127e-05,5.029902367680913e-05,0.00010004767732779266,7.672230218564714e-05,0.00020571825970103723,0.00016421912439080772,0.0002289362376538802,0.00016955908171806562,0.00010286517666416593,8.354033476798708e-05,5.23646790479598e-05,4.0385783877132645e-05,3.068000546039675e-05,2.318002333271855e-05
25401,5,3.904131688900117e-05,3.054477185361619e-05,0.00010710711421639302,8.503156965386692e-05,0.00019125895402116033,0.0001487269205387436,0.00021547722744453044,0.00016559351849376237,0.0002654314473182721,0.000209182632817843,0.00011927386072753923,0.00010233270081683846,4.8629828035921505e-05,3.9722268443014816e-05,2.5460840621100022e-05,1.9553850758318524e-05
25453,5,3.9135148674531024e-05,3.230987835941726e-05,0.00011087739595195533,8.050574751245055e-05,0.00018961314147930816,0.00013436900430286103,0.00018524500825042574,0.00013611994243971029,0.00022689230316471647,0.00017316659053435394,0.00011007580396966948,8.165153134343847e-05,4.937288415169339e-05,3.6242845766228445e-05,2.8186014801547718e-05,2.1550662689321524e-05
25505,5,3.8481231161830854e-05,3.0508991537750922e-05,8.154099768712647e-05,5.3338626950320594e-05,9.258803677641567e-05,5.518214883606533e-05,0.00013170622726188402,9.044455176025315e-05,0.00016627179957819126,0.00011343346949857405,0.00010163683642602966,6.834381416017513e-05,4.023943115862216e-05,2.600756572976175e-05,2.8139220469744436e-05,2.321218067234651e-05
25557,5,2.823234737587029e-05,2.117571600070679e-05,5.5475209105137834e-05,3.841455045170487e-05,6.437728018849378e-05,4.710499847264361e-05,0.00011429916144199711,8.504521713961001e-05,0.00013254287416004728,8.884445708589686e-05,9.046873321790671e-05,6.311846773287117e-05,4.572719235807925e-05,3.2455299987562115e-05,3.181421898185615e-05,2.440791529329285e-05
25608,5,2.1362147668324332e-05,1.7426992508061345e-05,4.435302954609055e-05,3.580044921790151e-05,7.399319405333881e-05,5.890536206596864e-05,0.00013391909856571606,9.174352982356061e-05,0.00016980388204114214,0.0001221243317593939,7.772388841559761e-05,5.199029081762929e-05,4.5364867802101786e-05,3.14020090054259e-05,3.097497756688374e-05,2.3333236239537537e-05
25659,5,2.5199079557814215e-05,1.9326444223396265e-05,5.891672883722401e-05,4.92260596928186e-05,9.75785008950732e-05,7.946271810442962e-05,0.00018423268781599578,0.00013090650935084207,0.0002019047003901535,0.0001657559781084961,0.00012957059124220008,9.424071249272349e-05,4.385543658826174e-05,3.2577444188012174e-05,1.9729479127104545e-05,1.479049591648438e-05
25711,5,2.8192558277562783e-05,2.0573991914866844e-05,6.805265564354669e-05,5.6407382880017436e-05,9.257788998039069e-05,7.039745353234384e-05,0.00018074219377607625,0.00014372628961487332,0.0002014981491305013,0.00017126554340268936,0.0001617337543917205,0.00013899155611106484,5.152536169660841e-05,3.959924435827847e-05,1.9281167542810894e-05,1.281965202544872e-05
25762,5,2.118226934598652e-05,1.5978599422275178e-05,8.34416142559579e-05,6.408290560500502e-05,7.386051103385507e-05,5.773443652851632e-05,0.00010237794137004763,8.739703185859159e-05,0.00014234422019197745,0.00011571166250529774,0.00013192987620794315,0.00010867041772387662,4.1434347031793896e-05,3.15775024299672e-05,2.5271735361203133e-05,1.853870023812363e-05
25813,5,1.697565996737861e-05,1.371344355548154e-05,7.5385642786479e-05,5.509275943023124e-05,7.578305368469741e-05,5.9442050712296176e-05,7.8872762712503e-05,6.661453578060252e-05,0.00010376215997493018,8.201758020247325e-05,0.00010672407237565021,9.179575677266259e-05,3.8103325942733874e-05,3.440371385746981e-05,2.6192926603229535e-05,2.0547910333165178e-05
25864,5,1.6509577786034326e-05,1.1052291156085298e-05,4.643558917278924e-05,3.3695022633738364e-05,5.72778641118124e-05,4.087305312094495e-05,0.00011830293172392336,8.194848624613805e-05,0.00017479528011574947,0.00011376838502451525,0.000101771072380032,8.506803285217272e-05,3.63050150795897e-05,3.066736596229515e-05,1.957815865423323e-05,1.394490324350518e-05
25917,5,2.1227936323407187e-05,1.565444856745256e-05,4.419592082640412e-05,3.3617076974620444e-05,4.533660693333489e-05,3.64890948258875e-05,0.00014364477696031288,0.00011480723771189635,0.0001882535219889651,0.00013904860091928556,7.539466303643689e-05,5.8179029232734404e-05,2.5471814146672856e-05,1.938666172821058e-05,2.0451708466490637e-05,1.5675387575104573e-05
25969,5,1.9618138952583215e-05,1.5485106589366746e-05,4.969610578501568e-05,4.1469188334074334e-05,6.048763690767277e-05,5.204140197715188e-05,0.00012049721328926869,0.00010933622275532606,0.0001242802814692259,0.00010620994457500815,6.917833340729874e-05,4.434644472344105e-05,3.44884794441342e-05,1.7184800520458258e-05,2.2585439981300896e-05,1.524428940374994e-05
26021,5,2.017836712973595e-05,1.5700323063086342e-05,5.167913944862996e-05,3.818335302624382e-05,6.684129602319335e-05,5.418006047958925e-05,0.00012224422282730796,9.021097811219111e-05,0.0001557322366331619,0.00010770892058381803,6.343455811599387e-05,3.262999543307827e-05,3.473324966444861e-05,1.6423039105717066e-05,1.8302975736643608e-05,1.0755373116161515e-05
26075,5,2.5255877824307596e-05,1.7872746656353015e-05,5.56135514135165e-05,3.523331665418965e-05,7.397436710884896e-05,4.5734889885060686e-05,0.00010453703508640202,5.924225796019929e-05,0.00014044136109994058,8.173796671949576e-05,7.377430454708689e-05,4.49502674864138e-05,4.062510329793001e-05,2.0212346244959335e-05,2.3929426857853044e-05,1.1692393334335133e-05
26127,5,3.094811608541404e-05,2.1203908552848813e-05,6.167015278089716e-05,4.4037828771231823e-05,6.779908747290294e-05,4.0629119852280146e-05,8.98949242746466e-05,6.467363323624021e-05,5.4677803556227985e-05,4.057175567394625e-05,8.864366430974872e-05,5.03595612039075e-05,5.567924713014815e-05,3.2591346841251195e-05,2.8943861715351456e-05,1.519422167268306e-05
26178,5,4.033805040870811e-05,3.396500419653527e-05,7.675090111393971e-05,6.0387577078859155e-05,0.0001391003539569194,9.479743145633605e-05,0.00015928765025855263,0.00012732643310959109,0.00011297745491472228,8.667385830592235e-05,9.378919786285036e-05,6.289651047294732e-05,4.895958335671382e-05,3.282445767713858e-05,2.5320291129328152e-05,1.7060208644337548e-05
26230,5,4.519564102916624e-05,3.671852676885647e-05,7.30308839994654e-05,5.4183729222549145e-05,0.00014489421004296348,0.00010234808972070267,0.00016902046922728155,0.00011790360405987173,0.0001171233554729895,8.672042171302424e-05,6.895929603896559e-05,4.799955558887679e-05,3.643193939896397e-05,2.7005145665683982e-05,3.50219205990771e-05,2.446964762259053e-05
26282,5,3.740782452970035e-05,2.815744666883087e-05,5.642296241697978e-05,4.401890112546281e-05,7.846956196346368e-05,6.272505511423646e-05,0.00011564614160965662,7.357364333380188e-05,5.431111374526192e-05,3.1418116565136974e-05,2.2383944143700317e-05,1.711305495145583e-05,2.9009337390416345e-05,2.162920689998541e-05,3.184225373574406e-05,2.0026765076987265e-05
26333,0,2.3052526266971623e-05,1.793268006667116e-05,8.520566168074867e-05,6.956220864812654e-05,0.0001149113565044526,9.409881715990541e-05,0.0001304882924536559,0.000102457451840615,0.00010214948048803547,6.429631039604976e-05,7.433899140616602e-05,4.8161735695395604e-05,2.8519267113685895e-05,2.1607278859339837e-05,1.3825560217322534e-05,9.685207663539057e-06
26386,0,2.0993727015168726e-05,1.4493591562576612e-05,8.50628897062143e-05,6.76441422338856e-05,0.00015248006025839596,0.00012094788578103011,0.00015655299903508308,0.0001275689928870092,0.0001233656338169376,8.699980877800149e-05,8.802374249355726e-05,6.551928621038031e-05,3.791070617604767e-05,2.791559987358929e-05,1.952507041250239e-05,1.344076416967146e-05
26439,0,1.953604966543234e-05,1.3724479520765e-05,5.366088502601592e-05,3.473200012552453e-05,0.00013516938526132494,0.00010629878755299358,0.0001067454782617542,7.427274034532242e-05,8.32023277606117e-05,4.666146006056948e-05,9.992987932205791e-05,7.402728165924787e-05,4.872825592752536e-05,3.4334189355108965e-05,2.1221149472882614e-05,1.5406644911161188e-05
26490,0,4.389346865372135e-05,3.123100322540017e-05,5.9182513650278544e-05,3.6335151008968076e-05,9.545995621516863e-05,7.720846018112051e-05,4.321109624212834e-05,3.497982851530737e-05,7.418322403945175e-05,4.813201556398225e-05,0.00010791433891725412,8.350242147327868e-05,5.635966223621505e-05,4.624061696128889e-05,4.094056793437593e-05,3.1313087195734563e-05
26542,0,4.751511404430623e-05,3.6521665149703896e-05,6.360111405943056e-05,4.959488970506451e-05,9.286421628635379e-05,6.789116068965386e-05,5.429042287910328e-05,3.9354916767781735e-05,7.324559142097938e-05,5.56320349872615e-05,8.130794407837403e-05,6.215804307305053e-05,5.103835060619999e-05,4.0987211275185056e-05,4.068584815457326e-05,3.113243402868296e-05
26593,0,3.1761333409944926e-05,2.2981736799784114e-05,5.692791120967507e-05,4.365524484898039e-05,0.0001134907180583152,8.382722375811181e-05,6.999261058764074e-05,5.3664219879956534e-05,6.604046090428574e-05,5.228894558128853e-05,6.819033010325392e-05,5.382369375303165e-05,6.0636961118654106e-05,4.294747585354062e-05,2.073543682544356e-05,1.5789476451441493e-05
26645,0,3.721987628237174e-05,3.0882786063019485e-05,7.332404211220976e-05,6.118071302618273e-05,0.00011220555437311584,8.924869185499094e-05,6.0395928521435257e-05,4.91042651833719e-05,5.951577072578845e-05,4.609373702032512e-05,7.96783771483285e-05,6.894926035921298e-05,6.434876607439294e-05,5.2204253264157086e-05,3.4606568554641146e-05,2.855758796054538e-05
26698,0,3.511908265977307e-05,3.0465119671397636e-05,6.861440252186285e-05,5.936051636019966e-05,6.861949602686618e-05,5.096804296531388e-05,4.1504480817750816e-05,3.4500346373903895e-05,8.781817035297656e-05,6.993851365261374e-05,0.00011061905574574555,0.00010001696011492422,5.050933143048058e-05,4.492946516396702e-05,3.6526024222175964e-05,3.274539109717698e-05
26749,0,3.6900809515910965e-05,2.9288210973842903e-05,6.269139691855873e-05,4.423452117181922e-05,5.298799926739762e-05,3.6010849586454616e-05,3.198281580902456e-05,2.4030815497784646e-05,8.66570003798304e-05,6.730705406045647e-05,9.771315607109996e-05,7.625432871045286e-05,4.549953726905704e-05,3.884165739104801e-05,3.25588409157152e-05,2.7378809119828925e-05
26800,0,3.627144198117599e-05,2.6747556792068743e-05,6.378621667625115e-05,4.2188362759276804e-05,6.279929685469547e-05,4.528037565896247e-05,3.186356566133558e-05,1.858091784937746e-05,3.6196650323447915e-05,2.409465315851221e-05,7.074780445540305e-05,5.175337786798727e-05,3.1583624948787875e-05,2.283231525528391e-05,2.671820636136244e-05,1.8546869607145348e-05
26852,0,1.9264717315443854e-05,1.0712004249911766e-05,4.26883268095041e-05,2.857172803836124e-05,5.9371024446011883e-05,4.524196014839522e-05,3.966289741946629e-05,2.7948146205504962e-05,3.340880582851246e-05,2.2142929106613446e-05,6.130861446955826e-05,4.1329935197720036e-05,1.1948500588696768e-05,8.93009753342379e-06,8.973782291113028e-06,6.917944872834602e-06
26905,0,1.4626914758055926e-05,8.796328596424347e-06,3.1135393769331336e-05,2.4284674164613078e-05,4.650521408002365e-05,3.8373822211894686e-05,3.7220196438077934e-05,3.106920346686623e-05,2.9142361037017326e-05,2.2310911801011692e-05,1.8233237748569082e-05,1.1177219600835342e-05,2.7751919013148533e-05,1.9635090745481646e-05,3.919427009119597e-05,2.167583183899428e-05
26957,0,2.2511138032006213e-05,1.6704494871905537e-05,2.5008712138844996e-05,1.8326743173071067e-05,3.00659805316445e-05,2.4506561943053602e-05,2.742878002624137e-05,1.8675349009112595e-05,2.1047872477218466e-05,1.3979343314275068e-05,1.3050980527909164e-05,8.074137671903862e-06,4.047105575694516e-05,3.191873339700156e-05,5.4277606139591314e-05,3.8418495885870924e-05
27009,0,1.884132016988229e-05,1.368905548871909e-05,1.4756751951542498e-05,1.10879409039326e-05,1.831452233927587e-05,1.3934635206607263e-05,1.0182473078135066e-05,7.957690360310143e-06,1.2726829632527728e-05,8.767611305431918e-06,1.4298542352505836e-05,1.0476664556743444e-05,4.010008851016689e-05,3.106418924175649e-05,4.3271076481453914e-05,3.1374219656220115e-05
27063,0,1.5318808656222843e-05,1.1220748190716272e-05,1.9854225100480685e-05,1.7122055452374314e-05,1.616814108952193e-05,1.3174006396084166e-05,1.0290708736431217e-05,8.37033161069013e-06,1.2858448991018831e-05,9.992622953359502e-06,1.1716186243717339e-05,7.439965437493892e-06,4.611468142960517e-05,3.0109387931289135e-05,5.9076944368122054e-05,3.572112674971809e-05
27114,0,1.5678285328332516e-05,1.0158351088276685e-05,1.986668154403056e-05,1.6268296591421372e-05,1.7748013923243567e-05,1.4433886900941215e-05,1.2077535078130041e-05,8.324444421652384e-06,1.417409150013694e-05,1.0791734782518415e-05,8.312276865130919e-06,6.4754637509624785e-06,5.3223103161885184e-05,3.692953591310996e-05,7.508013767886465e-05,5.163542309021842e-05
27166,0,8.545419739332874e-06,5.198037290491198e-06,1.4079239957312923e-05,1.0140637463168964e-05,2.1267649014208764e-05,1.7173416547590596e-05,1.4866494584513941e-05,1.1054464487996532e-05,1.308298054583012e-05,8.88624080586837e-06,8.417617877245723e-06,6.989893648331031e-06,4.429410462337361e-05,3.4404824851197116e-05,5.683059238281134e-05,3.982051390604945e-05
27219,0,5.455483787909689e-06,4.693003917874507e-06,1.1652358603357952e-05,8.463105188974598e-06,1.7485708611125665e-05,1.2976173372716749e-05,1.1995946612306683e-05,9.130223383921858e-06,1.3142408132981322e-05,1.010171010121101e-05,5.5436172983042225e-06,4.5138129216473615e-06,2.86769925011254e-05,2.1751057571007412e-05,3.300965471668548e-05,2.4509806724768576e-05
27271,0,7.760840783730705e-06,6.300076379219908e-06,9.508134869577603e-06,6.980242239043775e-06,1.0843123007948985e-05,7.348663474484357e-06,9.11858333932998e-06,6.689858257402181e-06,1.2699608992798977e-05,1.0551597693143086e-05,8.729830557034163e-06,7.178794656339531e-06,1.6459333380448857e-05,1.170804513431091e-05,2.203997552338779e-05,1.6025467775566684e-05
27326,0,1.1984588716387183e-05,9.83844159723823e-06,1.2061669000770507e-05,9.267621456489786e-06,1.2704172304056198e-05,9.809257880182224e-06,8.32791288587222e-06,5.743130502710373e-06,7.63884882411193e-06,5.8950652846106036e-06,8.305439431326148e-06,6.00678926153664e-06,6.923500576358792e-06,5.1909786875088e-06,8.795910475248242e-06,6.465200562830475e-06
27379,0,1.1773867672921226e-05,9.376113270141901e-06,1.5657651694253147e-05,1.1747239801973115e-05,1.6642599710315564e-05,1.3856773877614125e-05,8.757574607402469e-06,5.641112997331439e-06,6.566267216683059e-06,4.702011672901756e-06,4.629319871497302e-06,3.515526710014204e-06,1.1315338142228594e-05,9.142218930604228e-06,1.216644283481401e-05,9.394576248917758e-06
27432,0,8.960605805348207e-06,6.9255734629907676e-06,2.1780463055809542e-05,1.632328005941391e-05,1.6265267663906092e-05,1.1504801747352607e-05,1.2774327135611955e-05,9.044292778369242e-06,5.929370798682295e-06,4.014984957873763e-06,5.211398978379406e-06,4.640294688101836e-06,2.106089325106232e-05,1.8233059924106723e-05,1.3228476428182958e-05,1.0904203821112714e-05
27484,0,9.142055625838677e-06,7.530243993377311e-06,2.3203170549754442e-05,1.9030423661287258e-05,1.2244144211830676e-05,8.720383673677811e-06,1.3417869119326047e-05,1.1413324425455947e-05,4.800018166094223e-06,3.975980341162357e-06,6.700530852075921e-06,5.710350469858383e-06,1.8713700078330493e-05,1.373269192214311e-05,1.0027895119644929e-05,8.153608967793567e-06
27537,0,7.3034400906445605e-06,5.5049571669473425e-06,1.7101384828918766e-05,1.4481469252805286e-05,2.2255629049127447e-05,1.6639700002461982e-05,9.71900161699847e-06,8.3747264571577e-06,6.836286797969487e-06,5.56296694805464e-06,5.9331649394282855e-06,5.138810773771528e-06,5.087236129616199e-06,3.4104172699137112e-06,7.176835174776347e-06,5.464961720292967e-06
27590,0,7.805944299620873e-06,5.206187479903005e-06,1.495347936193986e-05,1.301814811352932e-05,3.086900449988117e-05,2.618176717030731e-05,9.960518201353511e-06,7.205771650242439e-06,6.9433642374412255e-06,5.274541653469649e-06,6.85282114148444e-06,4.828438833111046e-06,4.906887920714795e-06,3.400844741053992e-06,3.688954768367542e-06,2.8500031607688406e-06
27642,0,1.0904674086542652e-05,9.061378912826991e-06,1.2762232501390395e-05,1.0143117327021834e-05,2.9628687255539257e-05,2.6701106028247933e-05,1.0966877608718266e-05,8.836344295766623e-06,7.065450612724749e-06,5.880598526857414e-06,9.423074668120768e-06,7.620508833239536e-06,1.188106263831226e-05,1.0038971194930767e-05,4.387448323552171e-06,3.254246749257167e-06
27695,0,1.028197670027799e-05,9.045472564650025e-06,1.2903635708329151e-05,9.508140045942084e-06,2.6810702921980228e-05,2.3074755790977067e-05,1.0969760615378737e-05,9.243817368789232e-06,8.229224573472278e-06,6.932505248839102e-06,7.766439075163407e-06,6.488513808201598e-06,1.1354516812638187e-05,8.592161345463291e-06,6.904957492151379e-06,4.653797065441225e-06
27747,0,1.0382640060712583e-05,8.542074558793042e-06,1.4585711738978875e-05,1.0237782501530742e-05,2.5015369917714475e-05,1.98130137167009e-05,1.2618866065955705e-05,1.03836414081656e-05,6.900260288164307e-06,5.224453977684481e-06,5.1203553300787305e-06,3.98593652122418e-06,5.353284846112225e-06,3.620125001385213e-06,6.364934171264742e-06,3.989846985777416e-06
27799,0,9.496088923932535e-06,7.276612271701164e-06,1.609769336662986e-05,1.1670855095270206e-05,2.2838214463303592e-05,1.775917604338195e-05,1.0736540799044307e-05,8.472683375213494e-06,6.1049843861743404e-06,4.8784727928441255e-06,6.619285639268685e-06,5.228288017836735e-06,4.954655561463002e-06,3.7480534817820667e-06,4.148824920112373e-06,3.2786061887284295e-06
27851,0,1.4476831018205968e-05,1.118473251639575e-05,2.0970271275807188e-05,1.7084692743250277e-05,3.25829584084003e-05,2.4604011583317662e-05,1.3417990588855559e-05,1.006305298346697e-05,1.1506110362151444e-05,9.820752868589453e-06,8.177014253484321e-06,6.904641668085378e-06,6.779521194067785e-06,4.94018542541107e-06,6.547648730197337e-06,4.978336048922951e-06
27904,0,1.5810000746551315e-05,1.3001695299574334e-05,1.9805465223804858e-05,1.4005047171643279e-05,3.362542272521805e-05,2.7080791297224883e-05,1.5397502469325203e-05,1.3279578603320296e-05,1.2949435880304141e-05,1.1464909195833544e-05,7.947849194194007e-06,6.924220293382556e-06,7.76741748584508e-06,6.04142851562596e-06,6.521620323713917e-06,4.95600792817625e-06
27957,0,1.0047507540435703e-05,7.626214942631899e-06,1.4306364448732577e-05,9.092706673122616e-06,2.527667441572745e-05,2.0459033228143993e-05,1.2646801875359615e-05,1.0702226874305799e-05,8.687799895796372e-06,6.956153613072296e-06,6.231360570904883e-06,5.208228333092371e-06,9.182755121507413e-06,6.2940397554571925e-06,6.709550389545494e-06,5.132074842152806e-06
28010,0,7.598631972985039e-06,5.846113267753802e-06,1.1643400429230208e-05,9.189373750657583e-06,2.372091148322572e-05,1.9449363231704683e-05,1.4058462613180317e-05,1.1630753279607521e-05,9.491649228740266e-06,7.804412059652652e-06,5.995307626877592e-06,4.822287875568102e-06,1.0341105243626671e-05,8.068305085073444e-06,7.256045812742972e-06,5.952665478886285e-06
28063,0,7.226751086670492e-06,5.194911910992949e-06,9.349769173707211e-06,6.987054388473326e-06,1.8890862462627944e-05,1.550728378328552e-05,1.564896133565244e-05,1.3994904173295096e-05,9.331419646930833e-06,7.306635801588113e-06,6.656367293299714e-06,5.211413012393331e-06,8.041476293270693e-06,7.311094582292401e-06,5.634317955193484e-06,4.623386726936432e-06
28115,0,7.6139625330276436e-06,5.508373967477562e-06,5.878799073186947e-06,4.570883112746752e-06,1.241400175822496e-05,9.33570592940561e-06,1.2151563222922767e-05,1.0360280844798713e-05,8.302688995044543e-06,6.10155777921816e-06,6.7334978397559145e-06,4.910503465576465e-06,6.639061221023433e-06,6.016919042985273e-06,4.9651665445512695e-06,3.4298838757024186e-06
28167,0,7.308848370475702e-06,5.9370570708026635e-06,8.705794006796978e-06,6.599568350364491e-06,1.3250539742018495e-05,1.0706048583389043e-05,1.3702585103816323e-05,1.0894887777027842e-05,8.274220955207612e-06,6.031975705152724e-06,5.336346286700625e-06,3.746290109664547e-06,5.387448014008119e-06,4.40880943405413e-06,5.7811223403628144e-06,3.814917855197414e-06
28219,0,9.93640524299151e-06,8.010758258691617e-06,1.190451925346079e-05,8.288326750105889e-06,1.9723062791595258e-05,1.4218189908915045e-05,1.4748399931963775e-05,1.1282462271650031e-05,8.969306250234463e-06,6.761248470998976e-06,3.3449013921885736e-06,2.5392374210217885e-06,4.339213382795134e-06,3.1946043321406718e-06,5.900268115580246e-06,3.839034171038142e-06
28272,0,1.0900346373502452e-05,9.228717052803041e-06,1.6756647556532762e-05,1.1951667991865635e-05,2.3722882121894486e-05,1.7252522827951394e-05,1.4257895399029365e-05,1.0744330291649517e-05,9.825873434059467e-06,7.292511641547828e-06,2.7217765109264334e-06,1.5559355081593113e-06,4.035032153744325e-06,2.853446466528152e-06,4.6582543130323e-06,3.41918176608181e-06
28324,0,9.617224327990692e-06,8.190552493511005e-06,1.8713882249259426e-05,1.5754561324226238e-05,2.013919125214772e-05,1.5863179774994923e-05,1.689586571420212e-05,1.473584871247536e-05,7.710854802828336e-06,5.876497859030955e-06,2.0969227185647705e-06,9.885447892079679e-07,4.060248579953948e-06,2.870394031275105e-06,3.5739721276182292e-06,3.1142466524507067e-06
28375,0,1.260630581030546e-05,9.901837948453354e-06,2.1674303072717692e-05,1.7200140038523354e-05,2.5546820535355176e-05,2.0598217397825035e-05,1.6467949018958762e-05,1.4559535830853767e-05,7.479926378658841e-06,6.178722827630641e-06,2.9855637902888514e-06,1.6899811125985004e-06,5.255537016663507e-06,4.083215452103334e-06,5.55616680834414e-06,4.3363045221528755e-06
28426,0,1.3801870431563246e-05,1.0294630289033754e-05,2.202809857395466e-05,1.59734064921136e-05,2.5267915330384225e-05,1.9146035180503766e-05,1.1837780919436642e-05,8.58964439747701e-06,6.433998726154581e-06,4.79173180622176e-06,4.600285341228989e-06,3.1268078996349395e-06,6.354277535732751e-06,5.408983654489334e-06,9.180281459327804e-06,7.0716330786369596e-06
28477,0,8.857083691106217e-06,5.4789427615715395e-06,1.6353769503904167e-05,1.2067721465197314e-05,1.5037962713448144e-05,1.0393069058665279e-05,9.099019643861875e-06,7.093835564467686e-06,6.993333375812416e-06,5.47852860081556e-06,4.549594913514141e-06,3.4392881723117125e-06,5.6971561431019405e-06,4.6527735795399155e-06,9.772960043827411e-06,7.464096207045421e-06
28530,0,7.646737719220121e-06,5.036707842951294e-06,1.4741207463224722e-05,1.17416064957059e-05,1.657767722633649e-05,1.0472863959472354e-05,1.2952354289046377e-05,1.0828327988897993e-05,7.318505476310482e-06,6.249353181852027e-06,7.67718510998286e-06,5.597994675939762e-06,8.196357005129673e-06,5.612118619813408e-06,7.131901290498053e-06,5.735336834944109e-06
28581,0,9.262462246228902e-06,6.873297524951653e-06,1.219455110489254e-05,9.856239952487926e-06,1.405826542610219e-05,8.827661451683958e-06,1.4105468591175798e-05,1.243597656877798e-05,6.143781618041414e-06,5.445463499541517e-06,9.74440609030181e-06,8.280236650234845e-06,8.028925112034246e-06,5.079194666916863e-06,4.792621501462518e-06,4.150788461629932e-06
28633,0,7.332075946466732e-06,5.410697318820218e-06,9.580264351759793e-06,7.149814805097126e-06,1.0523620060237028e-05,8.737172652248822e-06,1.2076823317964002e-05,1.0118146920338426e-05,8.651454022312517e-06,7.0805733117339505e-06,7.94534056466905e-06,6.556045299696858e-06,5.022844554844525e-06,2.8100511635295235e-06,3.675525475565364e-06,3.0268666896318823e-06
28685,0,6.879765298352057e-06,5.040483957855326e-06,1.1571316124691121e-05,7.864678250969512e-06,1.4025166682563536e-05,1.1534886104952287e-05,1.0163335170420343e-05,7.114439198677637e-06,8.449005733854082e-06,5.674651472613382e-06,5.274430414010169e-06,3.50379535751437e-06,7.063366037997782e-06,4.1640908049463736e-06,5.199828510815581e-06,3.0739194481321123e-06
28741,0,1.1972523140284328e-05,9.174979794839973e-06,1.4808044550884989e-05,1.1068554237968594e-05,1.3560038023100075e-05,1.0482897028309887e-05,1.0753741402288797e-05,7.30556627834387e-06,4.217035893056692e-06,2.1196135418249185e-06,4.126364801361103e-06,2.8909682682245823e-06,7.440404694759434e-06,5.2389697020765605e-06,7.6354192461965e-06,4.519882707347074e-06
28794,0,1.4576803834408322e-05,1.2002431143904242e-05,1.4622930086545548e-05,1.1578842171104955e-05,1.1198194169599827e-05,8.9278228496295e-06,1.4803513129355736e-05,1.1226891844404853e-05,2.935128341920901e-06,1.7696880735307189e-06,6.787795781440403e-06,5.5131607747284824e-06,8.63593922949923e-06,7.0742760308682145e-06,7.05686761076231e-06,4.643493471467591e-06
28846,0,1.3636883751496467e-05,1.1172828640894438e-05,2.2717241544269903e-05,1.665709904701777e-05,1.1527674378079282e-05,8.12763109823502e-06,1.8576793616081542e-05,1.492099942226493e-05,9.698079492114505e-06,6.9487719806916785e-06,7.3036433575587574e-06,6.075090302628e-06,8.896537856177549e-06,7.319270882476281e-06,5.200926696563531e-06,4.122763614519043e-06
28897,0,1.1842440266539427e-05,8.542109193221455e-06,2.3396725163140905e-05,1.6710367096979026e-05,1.2525297091406253e-05,8.0788085917576e-06,1.701572560662346e-05,1.2251799890444245e-05,9.996346512986453e-06,7.779720085820503e-06,5.625732305245297e-06,4.461504850266591e-06,7.364675408231969e-06,5.464110307980996e-06,5.546840802732023e-06,4.527940572442507e-06
28951,0,7.341697454319509e-06,4.1495399087208625e-06,1.0326257881976248e-05,6.189114125392983e-06,1.0417928076906206e-05,6.998680780589728e-06,1.1434898475860215e-05,8.364257550535203e-06,4.584630746971407e-06,3.5120018304782806e-06,7.242256589465237e-06,5.888152429630094e-06,6.856242893012977e-06,4.998239726868586e-06,9.276239909612298e-06,7.622925255799368e-06
29003,0,5.309605026719821e-06,3.7643181933567643e-06,9.286072414146794e-06,5.188771829055764e-06,1.099799573700637e-05,6.620073002776925e-06,1.1787286094779285e-05,9.351027290935934e-06,1.0683859541166456e-05,7.150512901871093e-06,1.573477949301714e-05,1.136576365097648e-05,3.012671730219989e-05,1.7179717053918896e-05,3.441565408947584e-05,2.6183614564306725e-05
29055,0,2.1208152128670552e-05,1.3309820478359867e-05,1.4219032758597757e-05,9.786481800443331e-06,1.794614113473373e-05,1.4245423276591821e-05,1.3158503807691363e-05,1.0971228706687437e-05,1.695206891742237e-05,1.3744552333414763e-05,3.876896646906203e-05,3.09476689090409e-05,0.0001144420677837842,8.876882235211135e-05,4.809454177395239e-05,3.9136850182981036e-05
29108,0,9.200544413385708e-05,5.419221782047908e-05,4.817408879133771e-05,2.9673330509424508e-05,2.462780998655109e-05,2.248705684354775e-05,2.0212461529324472e-05,1.66531510518641e-05,2.1520605237383727e-05,1.7545023660766525e-05,4.656871083651245e-05,4.013516647373961e-05,0.00016946573526079972,0.00014777434274312862,0.0002092986311124881,0.00012307208761275345
29159,0,0.00013972430370539556,9.870899833891619e-05,0.00010853294706636866,7.647963948948422e-05,2.8217307359712054e-05,2.4304302395263814e-05,3.0307170201886798e-05,2.5551921919802967e-05,3.48568438030055e-05,2.9458043938499172e-05,4.1206590125663056e-05,3.4043492115207985e-05,0.00013424610555808053,9.509343594665313e-05,0.0002446467150305126,0.00016944842891921476
29210,0,0.0003504390206876516,0.0002755086758674957,0.0003056182920650582,0.00024254386061302189,5.773548185872386e-05,4.6426789955556405e-05,5.16897895764919e-05,4.2915536186252196e-05,7.488890206692825e-05,6.18600512955278e-05,8.910807050594696e-05,6.947199596277147e-05,0.00016039992696864925,0.00011743984916839201,0.00025640225367009754,0.00021307334668580876
29263,0,0.0003435044375787647,0.0002660143243280017,0.00029330606521414004,0.00021672124407245402,6.0498788791120754e-05,4.909729636377343e-05,5.6546435775784886e-05,4.475803350056481e-05,8.700938279327243e-05,7.476218992583876e-05,8.979742459032905e-05,6.94484677225939e-05,0.0001844140495440626,0.0001493352498161308,0.00027231138578609444,0.00023261207984936802
29316,0,0.00014739898143823567,0.00011463415473480734,9.790600929537502e-05,7.418126651352113e-05,3.613100704528612e-05,2.572917577879344e-05,5.055127723548121e-05,3.574055871037472e-05,6.999536011165143e-05,5.50817377556392e-05,5.2255757889910756e-05,4.015407656604244e-05,0.0001753727587861508,0.00012822294257760846,0.00021224494987407005,0.0001666355751842789
29368,0,0.0002385424855030135,0.00017044347961623238,0.00020459214558884292,0.00014658147861106269,4.7984316715233846e-05,3.224852779307192e-05,7.503060780405469e-05,5.583238015904479e-05,0.0001323706677624565,8.81485519114038e-05,0.00012122434791332806,7.871988991156782e-05,0.0001892657187174492,0.000129870100758929,0.0001657828793703284,0.00012843218437359828
29420,0,0.000286116960745594,0.0002185965687022005,0.0002396573681243971,0.00019045542065983096,5.165602449618457e-05,3.634427736352323e-05,8.209087799726328e-05,6.421977662962537e-05,0.00014230765793693027,9.975669890006263e-05,0.00013135081465943404,8.762386519557892e-05,0.00016166197598042095,0.00012101172681701828,0.0002015298677089824,0.00014079941125536233
29472,0,0.0002935290767531997,0.0002522889558988937,0.00020716484192696139,0.0001712489829261216,4.083648153123149e-05,3.183942117785081e-05,7.677246958155733e-05,6.0830835505603375e-05,0.00010448698032249614,7.080697666807949e-05,6.997568166139086e-05,4.489048386142213e-05,0.00011659893318636677,9.185237770201768e-05,0.0002158174691873129,0.0001579900400340615
29524,0,0.0002785722843002487,0.00024393659654317298,0.00015375535417581763,0.00011203242512307444,3.306923880827245e-05,2.6626017900724243e-05,9.311307044766388e-05,7.45337887462657e-05,0.0001990966114209412,0.0001392961649092986,0.00012746679936735103,8.562597300940544e-05,0.00018034703720331551,0.00012380203808164472,0.00014875752606007122,0.0001094173453698374
29575,0,0.00021896675419524563,0.000172529059685926,9.516811683644444e-05,7.157234134830375e-05,3.8005490666857804e-05,2.9590146798540717e-05,8.464423417654038e-05,6.668423289447377e-05,0.00019030827283081538,0.000134638769010147,0.00013386209433065418,0.00010007472621016589,0.00027587756223860957,0.00022859813842257844,0.00017549608816098153,0.00013668015913263697
29628,0,0.0001521967096700889,0.00010565397836588126,0.00010735488855709784,7.440110081830337e-05,4.4431888864277445e-05,3.24920786323022e-05,5.298800532015707e-05,4.1506917476314755e-05,6.944707860799478e-05,5.914517674044781e-05,6.0609339028628524e-05,4.651260836747783e-05,0.0002475577625551727,0.00020670412653572124,0.00022430635490338502,0.00018008310311694209
29682,0,0.00010396753694558137,7.383516764620245e-05,9.360565471905666e-05,6.376548263535522e-05,5.292960849778968e-05,3.878010627610182e-05,4.856099934963205e-05,3.925848732902792e-05,7.296174967217656e-05,5.7358920579089435e-05,5.544388667457118e-05,3.9202313931976e-05,0.00014163516393153245,0.0001123677171194114,0.00024376300095295143,0.00019326903972592002
29734,0,9.450680670803054e-05,7.350779815856493e-05,0.00010080679111564168,8.454512108067203e-05,5.545241937049884e-05,4.2217695813736414e-05,7.604719109160672e-05,6.360810557224134e-05,0.00015830722936116377,0.00012420890295296457,8.757572782550042e-05,6.694749311309205e-05,0.0001011756296508234,6.447367758834213e-05,0.0002561749584804792,0.00021833464798572198
29786,0,0.0001891439761449447,0.00013580142772409422,0.00014541055014172125,0.00012598936761596603,3.705899313921447e-05,2.420778861368086e-05,7.25498657652642e-05,5.675627510107006e-05,0.00015349028787093002,0.00011176496947250222,8.480642172397486e-05,6.808942843251874e-05,8.241861006476579e-05,5.071974345972308e-05,0.00021071487698831633,0.00016140272474511472
29840,0,0.00018546343699650438,0.00012171343074270552,0.00014364653034746797,0.00011584898795276112,5.5973944971960295e-05,3.916272256079046e-05,4.0846321451328394e-05,2.9076134837874492e-05,6.943125358809698e-05,4.614361996472852e-05,6.118473358348323e-05,5.199003389656096e-05,5.501274272146372e-05,5.005628991296162e-05,0.00012601718208904178,8.935494679442263e-05
29892,0,0.00010050813029888233,7.307194249853221e-05,9.328756650755757e-05,6.688859579661627e-05,6.272059320013171e-05,4.56549876611321e-05,6.111356270353547e-05,4.430197949758889e-05,8.949867777799607e-05,6.43469329278506e-05,7.301286511995214e-05,5.681576495854986e-05,9.693045194122e-05,7.27675235607466e-05,9.715460293903275e-05,7.520529047167315e-05
29945,6,0.0001610944822594982,0.00011114673269476418,0.00012557754126906148,6.515053152168795e-05,5.3525501544721295e-05,4.086745774703589e-05,8.005528088642956e-05,6.624524741510788e-05,0.0001355614461462198,0.00010647851113623354,7.332525527142366e-05,5.810640567883958e-05,9.293745571076236e-05,6.177102225849317e-05,0.0001112757763858625,7.066060070601289e-05
29999,6,0.00016216949494406342,0.00011107513263018287,0.00015068635516783424,9.50912648254146e-05,5.2453167220820525e-05,4.5065794829018374e-05,7.914871916276022e-05,6.634359248839645e-05,0.000152024101866485,0.00012908658209756995,8.429391713383462e-05,7.419256621298885e-05,5.7429696802699635e-05,3.7827075351353414e-05,0.000156714473742448,0.00010637327282386394
30058,6,0.00015269401817673427,0.00012434206725278014,0.00018099576399152115,0.0001503880497740905,4.657340263902317e-05,3.775762854518693e-05,6.1011451338762136e-05,4.2588237787009876e-05,0.0001252611540798311,8.604947639442077e-05,0.00019788682090599589,0.00010839880470738767,0.00014752264958487734,7.704555368695126e-05,0.00023013623395801502,0.0001735301381882371
30110,6,0.0001588390367824628,0.00012638493531295437,0.00016478807875777352,0.00013108546567358736,4.3945410995987216e-05,3.319568238068304e-05,6.62613564411156e-05,4.492264805585083e-05,0.00017527780545155942,0.00011773666538070154,0.00021735924363932332,0.00013148025039568594,0.00018128348976300532,0.00012052188562992316,0.0002448566041799951,0.0002069040109358084
30163,6,0.0001053488303166694,6.776953624810123e-05,8.533901038614482e-05,6.793198494668473e-05,3.273515011721729e-05,2.643438458673866e-05,6.441982427692213e-05,4.617146066682866e-05,0.0001772361813417685,0.00013382748000846664,0.00016128808355333617,0.00012538484497155204,0.0001467927041990436,0.00011153834109367135,0.00018250536827781063,0.00015927454865213804
30216,6,0.000178705925107135,0.00013397430483671276,0.00013838058739962318,0.00012007364874284106,3.6554997293277965e-05,3.190419060029101e-05,4.145345043125851e-05,3.080544679476297e-05,0.00010650854887226192,8.727535153055738e-05,0.00012576965524622034,8.980051414303524e-05,9.566850091301681e-05,6.633929006384896e-05,0.00011673996568434517,9.220976944929589e-05
30269,6,0.00034732579626975385,0.0003100939331524498,0.0002119395030663492,0.00019664877776442175,3.940117076164955e-05,3.3016061974750104e-05,4.069291125226656e-05,3.410752412415496e-05,9.132528047689075e-05,8.517969938790097e-05,6.782230817694612e-05,6.118676151351255e-05,8.905378442433755e-05,7.20750790301359e-05,8.833945758911438e-05,7.541361908639695e-05
30321,6,0.00031693352996289766,0.0002487993935168966,0.0002074789114418362,0.00017002741598668624,4.042607441413456e-05,3.2301075221407073e-05,4.146949598678242e-05,3.592962803617336e-05,8.121638360804507e-05,7.276788139037334e-05,6.637411518031984e-05,5.675627208092313e-05,8.903924899370449e-05,6.777818206853387e-05,6.854511170875084e-05,5.202137593977178e-05
30373,6,0.00014457922121633297,0.00010327920168262469,0.00012915421572772486,8.509596667013741e-05,3.6349479771817015e-05,2.6684364408098736e-05,4.081861731114627e-05,3.299797877111903e-05,7.503928592196855e-05,5.441425959222464e-05,5.093783978482535e-05,3.557937265386388e-05,0.0001013034120242928,5.9370410955034484e-05,7.233628171264463e-05,4.294858987346716e-05
30424,6,0.00011798704490904742,7.45291892362943e-05,7.426600461373334e-05,5.5653420346386676e-05,3.559862694273855e-05,2.384256975529397e-05,4.283211055399015e-05,3.2213816438740776e-05,6.268019151049029e-05,3.86508138589451e-05,3.3768754276342244e-05,2.805588723722247e-05,9.935379561592593e-05,5.4789680212306254e-05,8.153029628559415e-05,5.2659685361449544e-05
30476,6,9.56385237661869e-05,7.464464618377147e-05,6.66345848239049e-05,6.054767840580158e-05,5.778730892488326e-05,4.473077594219054e-05,5.5924671757470113e-05,4.440950041570846e-05,5.94197515363174e-05,4.5130552620819395e-05,6.240311385061048e-05,5.1528947246780104e-05,3.886683220735604e-05,2.3595461760076377e-05,6.944501068093758e-05,5.441363743715486e-05
30527,6,8.685262547784817e-05,6.520196794428018e-05,6.235427820814187e-05,4.7476545526665674e-05,5.0428914110036254e-05,3.5999062734016426e-05,4.5250566703391505e-05,3.2333856860044077e-05,5.575853452752475e-05,4.329472172054598e-05,6.50805769409625e-05,5.190131494237702e-05,3.803326122021619e-05,2.515258000442987e-05,9.565280117486289e-05,7.939091704356855e-05
30580,6,6.529617022204144e-05,4.530529674887272e-05,4.724518195328609e-05,3.173597441032291e-05,1.8000160618685023e-05,1.3816474294858838e-05,3.3342432057178995e-05,2.3585614833888112e-05,6.475843026361477e-05,4.6876264593870424e-05,4.701942908935474e-05,3.789375661913165e-05,6.725000640258893e-05,4.790692581896955e-05,0.00011074949095593916,8.880691302153128e-05
30631,6,6.562106032790691e-05,4.9979820186891986e-05,3.913438899833871e-05,2.782567389836687e-05,1.7201442622600427e-05,1.1856403480925394e-05,3.329277822361718e-05,2.254065605527708e-05,7.365427444395184e-05,5.8659642484893326e-05,4.3614999296319385e-05,3.4153874314449774e-05,0.00011407234359779109,9.095290839807587e-05,0.00018861767418931622,0.00014862894273098043
30684,6,8.953357952268869e-05,6.772052407444192e-05,3.318957042045552e-05,2.4742311876959514e-05,3.702245615905106e-05,2.880008944903009e-05,7.198266252284277e-05,5.31917687117766e-05,0.00015841448570583474,0.0001282074721905933,7.949715675087452e-05,6.41392901673097e-05,0.00014710848258161173,0.00012065372033497678,0.00019076747701661262,0.00015059040083326725
30735,6,0.00012669147230579022,0.00011030217246008978,3.835194641062094e-05,2.9710021447307768e-05,6.89349816481288e-05,5.655816771655722e-05,8.208722121422705e-05,7.208867023786918e-05,0.00016791905648286669,0.0001436154468151321,8.931429142431694e-05,7.893782266909885e-05,0.00014029708587682128,0.00011285871169720957,9.063428311033377e-05,6.81224017260777e-05
30789,6,0.0001804460421636537,0.00016200836207529032,9.522289476097948e-05,7.411659452603466e-05,6.46071990970543e-05,4.706985872252915e-05,4.762663073396898e-05,3.593076742247497e-05,8.227166397950156e-05,6.125571495637113e-05,5.314342018106831e-05,4.045070862821346e-05,0.00010170976565872061,7.502014192571743e-05,8.947753050038369e-05,7.03370971914339e-05
30840,6,0.00016461344340642175,0.00013256981671606785,0.0001022787613293056,7.94031207611474e-05,3.345164552045272e-05,2.3315465320214458e-05,3.3141734187253304e-05,2.0787603003220957e-05,8.747008918871399e-05,5.536796538689276e-05,5.873153601934566e-05,3.617683681060318e-05,8.869289831875089e-05,6.54453792686447e-05,0.00010644182985322901,8.484562904362924e-05
30893,6,6.364876348736125e-05,4.3124656742496366e-05,6.61556496621854e-05,4.743652985164215e-05,3.042567083700163e-05,2.0800815992659907e-05,3.675227765588402e-05,2.7335537669306045e-05,0.00010386078391604019,7.301376581571027e-05,6.493373595875925e-05,3.7730333311967754e-05,8.364077805074767e-05,6.95255282061833e-05,8.978547106629035e-05,7.563058360490211e-05
30946,6,8.354800369592563e-05,5.6386437648465894e-05,7.979790185192411e-05,6.229469716050921e-05,3.278802130519895e-05,2.5456903495897596e-05,3.511410023626626e-05,2.9713086097633056e-05,7.011483823293907e-05,4.361529677460587e-05,3.960985909369265e-05,2.338862923717616e-05,6.361560804021787e-05,5.552438836718979e-05,0.00010588626859849217,8.602456204148918e-05
30997,6,0.00010398466894900615,7.17397114714046e-05,8.02965231729865e-05,5.764636456320572e-05,3.0311728849121503e-05,2.4373695220893036e-05,2.4494560345982386e-05,2.02608280453786e-05,2.9751435552729327e-05,2.2594233996277908e-05,2.7891083414029195e-05,2.1990226874533515e-05,5.9386574178794974e-05,4.5596413419721785e-05,0.0001510531777437243,0.0001216736373613257
31048,6,0.0001633278163349977,9.649173040423812e-05,0.00010250923845870068,6.552879289607791e-05,3.082391553108576e-05,2.6082214167282204e-05,2.778638930803945e-05,2.1353672398307477e-05,4.514089657175986e-05,3.572713225163904e-05,2.862464589157518e-05,2.0533043319004364e-05,6.172802414323837e-05,4.363454240706284e-05,0.00014039847651622139,0.00011410909969428253
31099,6,0.00016363060499167633,0.00010529664018187063,0.00011353940376664235,7.833935245982883e-05,4.109786785952621e-05,2.849838898820349e-05,3.0312008902604206e-05,2.2181567188964747e-05,3.921166067138047e-05,2.8252188374736118e-05,2.2467519418940873e-05,1.3636529993707363e-05,5.890742917060638e-05,4.3489965798021245e-05,7.696154874021083e-05,5.8973130064393466e-05
31151,6,0.0001451640435716739,0.00011550733113132711,0.00011538928987229494,9.212260863993216e-05,4.371977118491207e-05,2.9736147385417982e-05,2.9747046838094633e-05,2.251653534211052e-05,2.73390887403762e-05,1.9496958035569246e-05,2.4902713229692117e-05,1.5050686380386215e-05,5.1038845324557174e-05,3.7011936031316105e-05,0.0001013450839071202,7.666102730008918e-05
31202,6,0.0001599515794707785,0.00013744952772283905,0.0001095782189387137,9.011867138105021e-05,4.5565949193529326e-05,3.075007315668136e-05,5.03345138546659e-05,2.8957722740458526e-05,5.538931654568085e-05,3.1558958372324336e-05,4.5801073777214126e-05,3.271211435534244e-05,5.536078173936558e-05,4.015256463556265e-05,0.00011656244971613757,0.00010116781949208426
31254,6,0.00010184346949612085,7.581762908322363e-05,7.262402971432226e-05,5.7864515620917294e-05,3.6971159903516246e-05,1.966210632356619e-05,4.672211335904131e-05,2.2161463873056564e-05,6.569555626981126e-05,4.7567248166967716e-05,6.432731085764177e-05,5.0572028012720185e-05,6.13198267339003e-05,4.878300271886947e-05,7.605233672783169e-05,6.369922823656378e-05
31306,6,4.359324686022032e-05,2.960414676686219e-05,4.850622338144099e-05,3.330997350820862e-05,1.4948472651878917e-05,9.813872966151944e-06,2.1464045128019085e-05,1.3713597813273528e-05,4.424464453796541e-05,3.402811370733143e-05,5.1905043512413215e-05,3.514690004463851e-05,5.2064136839060856e-05,4.194404758927109e-05,7.631560014118065e-05,5.405728735421568e-05
31360,6,6.264412352599807e-05,4.2255355284168446e-05,4.285174240092558e-05,2.897022841818829e-05,3.223588537839437e-05,2.024696322505667e-05,1.8811723096876664e-05,1.2318241011594286e-05,2.3025170634093756e-05,1.6503322141949056e-05,2.1533544458062492e-05,1.771227911006847e-05,4.80685667199499e-05,3.792025365417264e-05,0.00010021113287163461,7.548765468219678e-05
31411,6,0.0001098991938995478,8.215160911897169e-05,0.00011457044608591378,8.506062233852434e-05,3.9747033306167846e-05,3.065181374060752e-05,1.6986882728437722e-05,1.364596055235671e-05,4.606038957443757e-05,3.6284774888409406e-05,3.951022373164237e-05,3.2828203172992324e-05,4.950267110289636e-05,3.9545363785739564e-05,0.00013108320681170003,0.00010844612232154497
31465,6,0.00010136292956725033,6.909804242654042e-05,0.0001139955313767197,8.439936025767537e-05,3.4150197379025244e-05,2.8683124063475205e-05,2.1863726886678527e-05,1.6498633653557488e-05,5.171536224982652e-05,4.433571604640291e-05,4.3371401978296775e-05,3.640031147877591e-05,3.643783658848981e-05,2.8071724666215604e-05,0.00015537295201153604,0.0001446392613104999
31518,6,6.464427086516478e-05,4.538341905950192e-05,5.822797938309028e-05,4.170259212157953e-05,2.957491267837192e-05,2.0374559371353682e-05,2.514815476321953e-05,1.8481097152825147e-05,4.7888961287604896e-05,3.7755685942256195e-05,6.180785022942762e-05,4.725831239719141e-05,1.8130269552227643e-05,1.4375542233008211e-05,0.00011623974793566992,9.442732489789038e-05
31573,6,6.55387393199803e-05,4.929937222963491e-05,5.610287062943351e-05,4.0689424826331865e-05,2.6609248427195823e-05,1.8461208746537283e-05,2.948355684994906e-05,2.176050573271615e-05,5.492803303678018e-05,4.226419314156727e-05,9.324546788350273e-05,7.145124119192235e-05,3.9418329748300674e-05,2.6775389596312548e-05,5.115827923157033e-05,4.110022990786888e-05
31625,6,5.928475229939781e-05,4.572198998203102e-05,3.8750994491534255e-05,2.9431938348491773e-05,2.1890983134900034e-05,1.7620745806918238e-05,2.579436847611731e-05,1.7869020978209178e-05,4.8660136132022625e-05,3.8530505665144074e-05,7.564193028380412e-05,4.7191156571257196e-05,4.0215752087573047e-05,2.873952839646462e-05,5.613210383881512e-05,4.578519491865067e-05
31678,6,0.0001166276391636459,8.759127387418048e-05,6.658537566385315e-05,4.061339771347124e-05,2.0074247563310175e-05,1.3317508782466602e-05,1.7479779991483734e-05,1.2948030556206794e-05,4.876346298935773e-05,3.9288001184110156e-05,3.861663602896149e-05,2.9281965664554782e-05,3.537184689514969e-05,2.752482334837683e-05,7.156408748756452e-05,5.600985477490275e-05
31729,6,0.00012670933175096624,9.850786410928521e-05,8.22360709275367e-05,5.7209323606431976e-05,3.1892629623838986e-05,2.5201340014213997e-05,1.6874845695616134e-05,1.0297631255675507e-05,4.2133996608619243e-05,2.9377193787956134e-05,4.793152495110694e-05,3.836966543154356e-05,3.763467176138014e-05,3.052985335763553e-05,8.19162677093182e-05,6.656398041562654e-05
31782,6,6.861631560566597e-05,4.671147397080116e-05,6.442281604723635e-05,4.936211489462782e-05,3.35593877343255e-05,2.9877926854945555e-05,2.5532694025533443e-05,1.807578427610333e-05,4.58176355892303e-05,3.271298765715677e-05,4.228726936312236e-05,3.352598842900226e-05,2.7268749030012416e-05,2.2151933840940884e-05,7.783494692503235e-05,5.9284736399464136e-05
31835,6,6.619743757461977e-05,4.614009224983155e-05,6.258484907551432e-05,5.071728618246458e-05,3.3840016215561305e-05,2.809914513688914e-05,3.0874220717340525e-05,2.5136409733127033e-05,5.027596514583211e-05,3.584861754355912e-05,3.484674734514867e-05,2.5774070611000365e-05,3.0598180729779586e-05,2.476421602014746e-05,8.115615992177879e-05,5.902415598156446e-05
31888,6,0.00010730507776326687,9.030084851457394e-05,7.05520694872832e-05,5.688255366923042e-05,4.4189538124186345e-05,3.287673711700849e-05,2.867347963619335e-05,2.2975454443425286e-05,4.1603348359606286e-05,3.263507677903254e-05,3.1924787044531796e-05,2.540796079139758e-05,4.1564383211467635e-05,3.353734146230425e-05,9.993285563346477e-05,7.450278539547747e-05
31940,6,9.454983512697657e-05,7.584225190288784e-05,7.238515096766651e-05,6.384428640096771e-05,3.718946289305143e-05,2.4834354084779482e-05,2.263890839860279e-05,1.792814607738814e-05,3.651439404858176e-05,3.063152265972105e-05,4.0046970759803335e-05,3.388555650663051e-05,4.5467710775248625e-05,3.76516466396189e-05,8.145358666597552e-05,5.275542218146722e-05
31994,0,6.472458417204856e-05,4.957168873553251e-05,7.44167790965138e-05,5.093221857423008e-05,3.675290764797962e-05,2.4406750851923622e-05,2.2531528503752465e-05,1.2157436624910351e-05,2.0954686159382256e-05,1.5222943891333427e-05,3.623813980095012e-05,2.625949557663558e-05,3.108260014375715e-05,2.168711148791058e-05,3.056447001662306e-05,2.3894749840519258e-05
32045,0,0.0001122647492958423,9.024791327095683e-05,7.519758062144364e-05,4.6340055716403517e-05,4.6886490632936695e-05,3.104771862863565e-05,3.0238926747131527e-05,2.0208936206089554e-05,4.8877366092006414e-05,3.590095035484203e-05,5.0062689014138804e-05,3.2342925294476005e-05,2.5080108735358415e-05,1.6913871735869663e-05,3.847454947047681e-05,3.231949179150378e-05
32098,0,0.00011975600165910728,9.973841598301714e-05,6.700877717395626e-05,5.0670508131980836e-05,6.128231559897938e-05,4.45002246986272e-05,3.3373444149970756e-05,2.8797396848449812e-05,5.45378938810134e-05,4.4476238047648426e-05,5.3612327886874133e-05,3.9017814604584893e-05,2.6797718249722587e-05,2.0249751617104597e-05,4.982827644383274e-05,3.8280214769470945e-05
32150,0,7.473678687540099e-05,5.524165202001743e-05,4.723697432372366e-05,3.1418905536653e-05,6.513815750881006e-05,5.388329496871715e-05,4.224036585055281e-05,3.461399909216342e-05,5.6986035449170515e-05,4.456034340005939e-05,3.056972914648453e-05,2.3093046200352416e-05,2.7145070304008815e-05,2.0454555608905093e-05,6.190972843690984e-05,4.294401509898436e-05
32204,0,3.505546608973777e-05,2.594364609347874e-05,4.035206067262548e-05,2.6350597902432175e-05,4.152162736940826e-05,3.11420949432892e-05,4.330588846304687e-05,3.0546953935293566e-05,5.918256162467305e-05,4.668023517293231e-05,2.3920865257163364e-05,1.7947057672704187e-05,3.998382522466346e-05,3.045476503377411e-05,7.535784691221643e-05,5.422214118683657e-05
32256,0,4.66847535383047e-05,3.136946457873769e-05,4.287619919566094e-05,2.9715411795806912e-05,2.549659141811735e-05,1.8965045310589697e-05,3.356745506905303e-05,2.2700169542163657e-05,4.2621534112925014e-05,3.507150660769429e-05,3.878522762628736e-05,3.009314246632307e-05,3.601071497983799e-05,2.517980204446849e-05,6.821065965757487e-05,5.047889075006606e-05
32308,0,7.704792669596725e-05,5.753447808318829e-05,4.6670078509095565e-05,3.5427676738474434e-05,2.9496334828699462e-05,2.3643725442752023e-05,3.1253147176876095e-05,2.3161161700187336e-05,4.953741091134008e-05,4.004545834990745e-05,5.3141497343159127e-05,4.2426181501306216e-05,2.768496067735198e-05,1.7072394004881657e-05,6.17086355349708e-05,4.6797507784150014e-05
32360,0,6.790161116297702e-05,4.7899485134504715e-05,4.2406149603242934e-05,3.2328073690352526e-05,3.1322985501067805e-05,2.644583274575151e-05,3.107529123585257e-05,2.2942892352896e-05,5.780776245134274e-05,4.883609470428149e-05,5.276514956745242e-05,4.329471989528505e-05,3.7097275271714054e-05,2.6058454742890418e-05,0.00011395693115399484,8.775943987629383e-05
32413,0,2.653667373370082e-05,1.74733904410294e-05,2.3730663240407614e-05,1.8022757906317903e-05,2.501055462206733e-05,1.995405882379362e-05,2.213783293821442e-05,1.7110464170536738e-05,4.233309093690743e-05,3.262592458508352e-05,3.56717936714369e-05,2.756345773222067e-05,3.381727973280305e-05,2.677201920361364e-05,0.00011524795297663309,9.168192072950938e-05
32466,0,1.7195704790678557e-05,1.13122876010262e-05,1.6023528239518288e-05,1.0592102716082979e-05,1.609743906012508e-05,1.2022791724524534e-05,1.091554222646357e-05,9.323931229394849e-06,1.961826865925728e-05,1.2760321531098534e-05,2.5232794339820657e-05,1.6989940654520374e-05,2.7591807594794384e-05,2.220956333321329e-05,5.6815515197052647e-05,4.290905660405924e-05
32519,0,1.4136917844066252e-05,1.0672357822151482e-05,1.7507813039181756e-05,1.1903025397445676e-05,1.7123443146697108e-05,1.145974150476254e-05,1.479351229600241e-05,1.0863930941608917e-05,1.673882588900593e-05,1.0599681367845265e-05,2.327879526286467e-05,1.4074702766713193e-05,2.922342571390106e-05,2.3163031952695767e-05,2.3588333610749762e-05,2.033181287809675e-05
32571,0,1.2747226701172691e-05,1.0028147609272944e-05,2.1629208348073958e-05,1.5191547865804678e-05,2.3436563236314614e-05,1.758559647897358e-05,2.0648616149100013e-05,1.6277864148813664e-05,1.0979045561171907e-05,9.233281745346171e-06,8.693885288878685e-06,7.1757157270669475e-06,2.0082168469147397e-05,1.2972504837121136e-05,1.7521046053675854e-05,1.231526258208387e-05
32624,0,9.58993453818663e-06,6.8549788277409564e-06,2.586328951102113e-05,1.6808684396619288e-05,3.345087209157811e-05,2.648363557278209e-05,1.7447039426957485e-05,1.2902267577444808e-05,1.1761276319518768e-05,9.731750790946217e-06,9.103703884560163e-06,7.787947921538794e-06,7.853697571377392e-06,4.752423003220372e-06,7.068767827667015e-06,4.487010350893566e-06
32678,0,9.512689118328576e-06,6.858941911538519e-06,3.220319917389549e-05,2.4765678698723477e-05,3.831373991355547e-05,3.170864505275503e-05,1.4963223480258024e-05,1.2067619455709932e-05,9.786978612441643e-06,6.856161163895305e-06,6.993517077155918e-06,5.510997195203941e-06,5.595452829587847e-06,3.697764788781621e-06,6.934996500407011e-06,5.5778060873487336e-06
32731,0,1.259728167931585e-05,9.987801317619556e-06,2.5927663025325084e-05,1.866631165711029e-05,3.129940056162165e-05,2.4942164511823424e-05,1.8096712713783604e-05,1.5194659083946145e-05,9.13555885793888e-06,6.104547818225649e-06,5.946662971213275e-06,4.202657418317895e-06,3.7953936164279924e-06,2.112070556503073e-06,6.841703144809727e-06,5.49344128908841e-06
32784,0,1.1771292575483719e-05,9.265808427657993e-06,1.536222560754765e-05,1.0901762118876873e-05,3.500118457018331e-05,2.7414083640533663e-05,3.2102581639974206e-05,2.4871840524608135e-05,1.3811174497941469e-05,1.059595531545052e-05,8.641614767836348e-06,7.061965293320609e-06,4.7017200224195255e-06,3.6397941992755276e-06,4.6502467332978185e-06,3.260479781588909e-06
32836,0,1.02208670240589e-05,8.666369198977293e-06,1.4385722395932799e-05,1.1153266793330373e-05,3.4821360954422416e-05,2.7696697558028372e-05,3.148796385086224e-05,2.3657891973463702e-05,1.3173538889583482e-05,1.0197231105754802e-05,8.45783761363521e-06,6.99024162514116e-06,5.980520471705109e-06,5.186051906719992e-06,4.965539654926661e-06,3.3167162094358465e-06
32889,0,8.329079994450821e-06,6.783681049413841e-06,8.601656815158254e-06,5.732340376774954e-06,2.1262196968316065e-05,1.740486533685911e-05,1.3915304755599818e-05,9.868431774066092e-06,8.199686068835729e-06,6.282992483004387e-06,5.8501694061121816e-06,4.2794504493518325e-06,5.8815905993646875e-06,4.5518426923533725e-06,4.799225524774981e-06,3.867151637825755e-06
32943,0,8.013608888704269e-06,5.5445372777153376e-06,1.2197484660852706e-05,8.525214554879841e-06,2.7025157230895417e-05,2.2423528755160758e-05,1.054693785561067e-05,7.840624208872741e-06,6.845990994998047e-06,5.363056391845363e-06,5.287517431742071e-06,3.990363826513637e-06,5.55494201387334e-06,4.152978193752291e-06,4.957930475555168e-06,4.3230229224405654e-06
32996,0,1.03132798362591e-05,7.407233776777888e-06,1.5429194742936797e-05,1.2155776417865187e-05,2.2394357395941746e-05,1.5139106739274929e-05,6.895429882684302e-06,5.543960453507872e-06,6.293953639271171e-06,5.300955252611462e-06,4.6442957720917905e-06,3.759160804749761e-06,5.551556003268807e-06,4.0865818373472285e-06,4.2465486494569435e-06,3.468469855419289e-06
33048,0,1.1764506869903112e-05,9.200781372172994e-06,1.511720583259947e-05,1.1732538383699478e-05,8.11768598423557e-06,5.522258480158312e-06,6.972485448163524e-06,5.266216217345782e-06,5.725179496645951e-06,4.1894281377794736e-06,4.81115298709991e-06,3.203726446478291e-06,6.206353584552724e-06,4.608927175888275e-06,3.716517834881685e-06,2.9641721355176995e-06
33100,0,1.5079840103633873e-05,1.294509645032735e-05,1.776946230796926e-05,1.4234761257886284e-05,1.3741644838864264e-05,9.973355145951456e-06,1.5879965978819088e-05,1.3223378746261959e-05,7.7517105045705e-06,5.818588982726196e-06,4.753838795416211e-06,3.5406706702245585e-06,5.601498822338193e-06,4.0164155746341864e-06,4.955548387745409e-06,4.009252365182238e-06
33154,0,1.3663240498827851e-05,1.0993702553360688e-05,2.007237669349913e-05,1.5999822240860506e-05,2.429629052235551e-05,2.0824126546910984e-05,2.039127439184252e-05,1.7985503625410525e-05,1.2503940884527682e-05,1.090533529230365e-05,6.6440810006523434e-06,5.46790986784944e-06,3.1472759838444378e-06,2.3923754673875737e-06,7.057050095813626e-06,6.234080302431315e-06
33206,0,7.296419715503896e-06,4.643270892608693e-06,1.5489058400679963e-05,1.037218746191586e-05,2.5534041528196978e-05,2.213640035124755e-05,1.6872935364636003e-05,1.2912229809639013e-05,1.1057563003146895e-05,8.856550080834559e-06,7.672194738021453e-06,6.178777927276789e-06,3.856438183456733e-06,3.0026820649089085e-06,6.7918934654624474e-06,5.679937740699474e-06
33257,0,9.99346902403863e-06,6.573575204474601e-06,2.6656683666061334e-05,1.717797261163323e-05,2.551419223781341e-05,2.1058649451268972e-05,1.4181390590210954e-05,1.1602788638380564e-05,5.207842248038393e-06,3.37639538811947e-06,8.209608789337703e-06,6.130671765086475e-06,7.716522304831645e-06,4.188030305694152e-06,7.49391448708453e-06,5.371518437007688e-06
33310,0,1.0002064844164426e-05,7.015300245435051e-06,2.9629202104357955e-05,2.252835434329471e-05,2.5455611800217122e-05,1.9955010473225668e-05,1.19692550196603e-05,9.314409800608249e-06,5.2352588225828014e-06,2.5374984807896438e-06,7.238354660187603e-06,4.953592995692997e-06,8.860810585150903e-06,5.899165943839994e-06,7.710415050315105e-06,5.791011250008683e-06
33364,0,4.535893375381719e-06,3.171164751823568e-06,1.9024306986360004e-05,1.58374112947336e-05,1.5406280143833205e-05,1.0738452816055402e-05,6.253889919078414e-06,4.7202210750731265e-06,6.678795089913008e-06,4.321439731969198e-06,4.032024005559064e-06,3.0294071410699363e-06,9.904077282794056e-06,8.498358738824947e-06,6.907062592663881e-06,5.727654460161682e-06
33416,0,1.1715412163834277e-05,7.950773833779834e-06,2.2440036415300654e-05,2.0482388214822012e-05,2.56202286592148e-05,1.8227923270489446e-05,1.3654943074608659e-05,1.0169624666006112e-05,8.586747517462802e-06,7.172640016664671e-06,4.798356388482641e-06,3.6067579054677244e-06,9.284511779765549e-06,7.379544551977171e-06,6.4907606777222965e-06,5.420566148098977e-06
33468,0,1.1920846935064814e-05,8.69875809029355e-06,2.049183122907361e-05,1.816079751418191e-05,2.705235419479554e-05,2.1397315884687167e-05,1.4746985134733587e-05,1.1688298596315041e-05,6.779547149377982e-06,5.024033601236075e-06,5.200310075811764e-06,3.880974485625031e-06,4.321034435251342e-06,2.837000612662541e-06,4.863811078817033e-06,4.063705302838092e-06
33519,0,1.1696557402550377e-05,8.474310434664105e-06,2.4236831860344795e-05,1.8705955773826272e-05,2.2597429331736457e-05,1.8669922978101954e-05,1.2608931317407478e-05,9.981493240354786e-06,3.906690284803139e-06,2.8251676396801985e-06,6.84775352297296e-06,4.552060789779617e-06,6.380038446505281e-06,3.709304067298601e-06,1.084393454764401e-05,7.796155339316815e-06
33571,0,1.1926003332588295e-05,8.97092172771734e-06,2.3417654628420173e-05,1.6670749221375263e-05,2.6534063422785036e-05,2.239200073483778e-05,1.3493131458433145e-05,1.0981241330424711e-05,7.740526647355568e-06,6.244622771935319e-06,8.209746096433044e-06,6.156879630969046e-06,8.353014516226772e-06,5.98798751745338e-06,1.1553764830097751e-05,9.214147066390394e-06
33622,0,1.1576999497777919e-05,9.130030628251072e-06,2.191667538428859e-05,1.668941323621034e-05,2.666478648246926e-05,2.3282742360628504e-05,1.5723356426102406e-05,1.264580225454039e-05,9.30948135754509e-06,8.22163206611887e-06,1.181514884487606e-05,9.452141820655372e-06,9.135496836532498e-06,7.221135635167134e-06,8.51545626265969e-06,7.004383477707189e-06
33673,0,1.2453768543110316e-05,9.422921775059546e-06,2.5700394828854023e-05,2.0398055820018136e-05,2.8501184936553776e-05,2.275776918408695e-05,1.7982499271557953e-05,1.4235097294511415e-05,9.839504696463843e-06,7.495245662272301e-06,1.133116629969823e-05,8.808807655125771e-06,7.774525122662615e-06,5.601324298252106e-06,7.151018632839999e-06,4.8513490910517706e-06
33725,0,7.5632010395013596e-06,5.4381277936110885e-06,1.8938495158429708e-05,1.4097728575713136e-05,2.1174473350439538e-05,1.380746097837625e-05,1.3366393957494714e-05,9.476491289245868e-06,8.295813433342412e-06,5.429220321656662e-06,6.554035848746079e-06,4.887388007112857e-06,3.694420862829261e-06,2.659944507459455e-06,4.10227464057734e-06,3.140301848064631e-06
33777,0,6.376223922946246e-06,4.7749505836757705e-06,1.9538087445214842e-05,1.5822927390838855e-05,1.4023013824035959e-05,9.834106600109639e-06,6.862346431633058e-06,4.830690945556578e-06,4.230014601054339e-06,3.2224616461232074e-06,5.139577294255237e-06,3.3322831221003114e-06,2.9923157300296455e-06,2.0492585921728055e-06,3.5595806784086656e-06,2.887146274995072e-06
33829,0,1.002580677497733e-05,7.559529751415709e-06,2.6115838039440475e-05,2.011458960339643e-05,3.917346725487591e-05,2.850221457606569e-05,2.184390190174064e-05,1.4650597459045464e-05,6.026524734763318e-06,3.7845827897898877e-06,4.448128646209217e-06,3.0811081793937265e-06,3.4288529757766882e-06,2.233035617174653e-06,7.817687393023465e-06,6.079968679493903e-06
33880,0,1.0521719481373498e-05,8.769145413113198e-06,2.4130588688321022e-05,1.7277054814495175e-05,4.326564194389626e-05,3.5994335820744335e-05,2.40068174686086e-05,1.8475106686708877e-05,7.304297933057405e-06,4.897918125106945e-06,6.517429481589514e-06,4.607151866198005e-06,5.436078399862121e-06,3.945145357742077e-06,1.0217577098556431e-05,9.017685464156089e-06
33932,0,1.2892269209990959e-05,1.0018874895619356e-05,2.1518791611880152e-05,1.7186832455198508e-05,3.6267488788133405e-05,3.0413995621832325e-05,1.4775499007437037e-05,1.1912909970463575e-05,8.895930780353407e-06,6.875064038999466e-06,7.199958534369314e-06,5.482103813854963e-06,5.205270299184987e-06,3.651165488493044e-06,8.1318672829355e-06,6.57908585646929e-06
33984,0,1.4091290465400263e-05,1.0991013366280664e-05,2.313969477236136e-05,1.9364796769415507e-05,3.2605333211179715e-05,2.5653630594600127e-05,1.230936829529878e-05,9.496351645392321e-06,8.734833202691588e-06,6.3443006350487496e-06,5.18634515271746e-06,3.6153681135121534e-06,3.0152335676304075e-06,2.1312877263891455e-06,5.205033922508221e-06,4.093812031152842e-06
34036,0,1.0626883812853587e-05,7.965903034334383e-06,2.06603615443912e-05,1.4875125209840472e-05,2.2408379472120745e-05,1.6058288619180307e-05,1.2423814301048308e-05,8.185851148374705e-06,8.048926285678836e-06,5.185533802108715e-06,3.5358479795093817e-06,2.4285745447158994e-06,3.845187529482064e-06,2.703157213296646e-06,5.258567162367432e-06,4.256710882617005e-06
34089,0,9.078803549722382e-06,7.006971622800587e-06,1.5094547024633769e-05,8.806675836855828e-06,1.803542619716539e-05,1.1090263155106905e-05,1.133228317532026e-05,7.709245805162193e-06,8.118956492895737e-06,6.270276679048304e-06,5.27820422580248e-06,4.0548869134467914e-06,5.44866650865802e-06,3.5223097438597075e-06,5.419967422932916e-06,4.589720736190555e-06
34141,0,9.220481031370542e-06,7.50016062145075e-06,1.5457640298133936e-05,1.0031541028633985e-05,2.543579736555383e-05,1.6162515304911577e-05,1.1874538731972153e-05,7.224366537674966e-06,8.682600772866324e-06,6.33545639208665e-06,5.328452843365413e-06,4.377208572649704e-06,5.172537241506173e-06,3.0999762009734408e-06,5.390339802539802e-06,4.574535407386534e-06
34192,0,1.3073203056385212e-05,1.0315499249621149e-05,2.5040180750080065e-05,1.875850242226388e-05,3.509309909449559e-05,2.5949054634122342e-05,1.8900281078404328e-05,1.3028932527743853e-05,8.291785905262362e-06,5.0735316363396574e-06,6.612292889547485e-06,5.4306508105237955e-06,5.167424242160095e-06,3.900898150133295e-06,6.610000305805194e-06,5.537876993683121e-06
34243,0,1.3744006991950168e-05,1.164502519263526e-05,2.2396230964716974e-05,1.7105060805199752e-05,2.5908509770450634e-05,1.6940619639796186e-05,1.6417763369727963e-05,1.1919117455051723e-05,7.5908799059335776e-06,6.267086838451322e-06,6.717507219222665e-06,5.151434907324508e-06,4.72298436576356e-06,3.531926852508015e-06,6.868322643571474e-06,5.627055260597341e-06
34295,0,1.1089825831789053e-05,9.784377272993184e-06,1.7452578784371858e-05,1.2581931620450218e-05,1.7977049806840975e-05,1.3714556579132905e-05,1.4216164070820648e-05,1.1273309489759724e-05,9.018368769658626e-06,7.853910821160231e-06,4.938854425004136e-06,3.4393598162921255e-06,7.301126208727442e-06,5.358888072516935e-06,8.73473065466968e-06,6.989460949233285e-06
34348,0,1.2630627191609728e-05,1.030048470021449e-05,1.9131338076973575e-05,1.2520607477510893e-05,2.3522975964326194e-05,1.858295526963224e-05,1.533242902508733e-05,1.250977210870438e-05,6.840713426749243e-06,5.21541729662151e-06,5.412761240462356e-06,4.4380382890017805e-06,1.0897167206635205e-05,9.284963492108277e-06,1.263925651876936e-05,1.0751802410704516e-05
34400,0,1.1974819194914758e-05,9.090364622788745e-06,1.8379060196323517e-05,1.3226426866858933e-05,2.2949885891505512e-05,1.56608689085583e-05,1.189670352694924e-05,9.419381280598832e-06,4.602722482844655e-06,3.5251207192037853e-06,4.254272567856481e-06,3.118795819331161e-06,8.851552147045254e-06,6.8868464557267e-06,1.0967391382761329e-05,8.294083157561165e-06
34452,0,1.122933904390488e-05,8.266080436443092e-06,2.1722323458855223e-05,1.7304052609565862e-05,2.3898513480635433e-05,1.7317156633838522e-05,1.3656279378113765e-05,1.0893971054036103e-05,8.572809912106933e-06,6.5865571183107885e-06,5.68170869361733e-06,3.901544721113732e-06,4.408411431131918e-06,3.7873482045297e-06,5.5531607474169414e-06,4.449361999020772e-06
34504,0,1.0053881888288175e-05,6.7965737905026966e-06,2.1642165105311442e-05,1.7213422877827898e-05,4.2807190187045907e-05,3.308188336458446e-05,2.280335434579478e-05,1.8119506513161943e-05,1.3074093159387674e-05,1.1257530132693531e-05,6.532008615473631e-06,5.292607487983699e-06,7.323419173737393e-06,5.516762302205375e-06,5.967368112185956e-06,5.132459694308873e-06
34556,0,5.626149913976736e-06,3.7612663763632025e-06,1.8251989334914693e-05,1.2884688961427685e-05,4.525895032375399e-05,3.6677433843130164e-05,2.2699672525051586e-05,1.8091800520062612e-05,1.4587342820761963e-05,1.230865043826315e-05,4.816384078638429e-06,3.5279326012575693e-06,7.958263674945766e-06,6.097847124856176e-06,5.87037414892536e-06,3.992407038949003e-06
34609,0,5.189916668248779e-06,3.818643517076352e-06,1.8300690258913945e-05,1.2203879244327915e-05,3.125566701541128e-05,2.746753907464877e-05,1.1330236488271326e-05,8.229865932193636e-06,1.1368643308270913e-05,9.140227611405496e-06,4.328360573697638e-06,3.0554142074276152e-06,8.326905054226099e-06,6.152893309662851e-06,8.180738978212447e-06,6.118486950844841e-06
34662,0,5.9410205573169744e-06,4.433924223828295e-06,1.5123546107255778e-05,1.0357971751703391e-05,2.5909528099349653e-05,2.1620516714672507e-05,7.553507707333469e-06,4.866167600553768e-06,6.06926386797418e-06,4.746419882720621e-06,7.5986922285337264e-06,5.378779640181137e-06,8.332786439097076e-06,6.068604088392567e-06,7.822986828429034e-06,6.261198312029282e-06
34714,0,7.449097516168035e-06,5.435805789021678e-06,1.3053086318709745e-05,1.0650268823481463e-05,1.783992049167362e-05,1.3701527610031146e-05,1.0734172774010618e-05,7.354843522929312e-06,5.069613815827703e-06,3.835627620034816e-06,8.543293650392898e-06,6.3214977582276385e-06,5.4923696449479905e-06,3.7488434843329727e-06,4.6778160980516225e-06,3.428370977309952e-06
34766,0,1.0766448742845795e-05,8.454133931135902e-06,1.7381263765162376e-05,1.6161063394671575e-05,1.6738999592579162e-05,1.3618739862384307e-05,1.202970087821999e-05,9.673390120496487e-06,6.28446161844713e-06,5.234863372455653e-06,6.1463173367381885e-06,4.7065068251610195e-06,4.6434540108708425e-06,3.3535719092706334e-06,5.556100549620863e-06,4.4437887437798e-06
34818,0,1.0103046775347885e-05,7.928306145943655e-06,1.534458678389183e-05,1.372240391477554e-05,1.530136081611326e-05,1.1314654398024502e-05,1.1010739558506843e-05,9.833125970533205e-06,7.605995778487408e-06,6.08945680918382e-06,7.514395693874553e-06,5.426196154488086e-06,6.059387550916069e-06,4.560696211971476e-06,4.752948893345669e-06,3.7552266254629352e-06
34869,0,7.031757586344971e-06,5.118897028842331e-06,8.749386804910502e-06,6.903705735750405e-06,1.6819846329310062e-05,1.2516395972392183e-05,1.1408570063266887e-05,9.808724146138927e-06,8.777972428098198e-06,7.446916895641864e-06,8.360579545967736e-06,6.068617887546702e-06,5.246750714299811e-06,3.583474721541391e-06,3.226999291454364e-06,2.6527969156758215e-06
34920,0,9.637591882980637e-06,6.725425644192593e-06,8.043410097626235e-06,5.5977760767884725e-06,2.607158127205876e-05,2.1797564549700918e-05,1.2047201029551892e-05,9.750770006890179e-06,8.553885331600004e-06,7.564447823112857e-06,7.449402094318348e-06,5.637902569175516e-06,3.936875329953207e-06,2.8071184908039225e-06,4.014750540160682e-06,3.153887449961667e-06
34972,0,9.108768350959764e-06,6.637611671873421e-06,1.4140779544543092e-05,9.889775104435206e-06,3.526012904118231e-05,3.18385226586389e-05,9.378128225794844e-06,7.361391944849757e-06,6.6717134717248004e-06,5.5036592201672105e-06,7.23123870366269e-06,5.818569615344976e-06,4.48800152573225e-06,3.241117439863826e-06,3.645307348626372e-06,2.879257539159921e-06
35024,1,1.2341125476190477e-05,9.33118834252009e-06,1.967732786640817e-05,1.6757679700885896e-05,3.101802018105221e-05,2.7133313850680436e-05,4.874468691509138e-06,4.044552667281526e-06,8.481199467340898e-06,7.267053085351209e-06,1.2998137442368948e-05,1.0352907880621378e-05,4.235339005234852e-06,2.9573937783428306e-06,3.937507009238739e-06,2.810375014677829e-06
35078,1,1.7393319651590276e-05,1.4558011421564497e-05,2.096290345050965e-05,1.818756498427006e-05,2.388881148820323e-05,2.0017747167241883e-05,9.769986750396676e-06,6.554323026538829e-06,1.094815529947866e-05,9.647312393493968e-06,1.2763288077772376e-05,9.43279334459385e-06,4.126472254385938e-06,2.9105478959293803e-06,8.095108807767256e-06,5.507754660138859e-06
35129,1,1.4394923719670388e-05,1.093620210782745e-05,1.8072844908934784e-05,1.4527076820845824e-05,2.1815942941103648e-05,1.6690987323159483e-05,1.1648749652195767e-05,8.846433697637629e-06,8.671905971914912e-06,6.483767048143662e-06,5.254329196887976e-06,3.864578807846392e-06,6.406216538234083e-06,4.719074950768459e-06,9.950717166473495e-06,7.232762941738401e-06
35181,1,8.25970184033875e-06,6.578417053924718e-06,1.3421165331195775e-05,9.607526072197928e-06,1.2057235130367323e-05,9.462671009724232e-06,8.578701102161654e-06,6.679138459747425e-06,5.261347438058046e-06,4.134925753352166e-06,9.903701196682888e-06,7.123088642520056e-06,7.314251713646101e-06,5.639603811548083e-06,7.373825346230271e-06,5.016392436953561e-06
35233,1,8.833397497453305e-06,6.916161827301081e-06,1.2737504260325758e-05,7.860975063070285e-06,2.6892535555198363e-05,1.995223459213244e-05,9.52819322380896e-06,7.973740547651699e-06,8.706236205072717e-06,7.393554797959719e-06,1.3963631971368615e-05,1.0827141418279737e-05,6.525122858888892e-06,4.282742297451653e-06,4.439710539115839e-06,3.6159979880216113e-06
35284,1,9.689206851881776e-06,7.596549878431489e-06,2.1087843998457535e-05,1.6668625920261036e-05,3.674086951839093e-05,3.0515684737179726e-05,1.0783958230829428e-05,9.546029671983066e-06,9.097536702438054e-06,8.171778293073883e-06,1.0848555657823636e-05,7.389565709165089e-06,5.980659161107677e-06,4.0925646535735396e-06,5.167707061989041e-06,4.264007177842404e-06
35336,1,8.921842754689312e-06,7.506731124587453e-06,2.1098273622733965e-05,1.8187267431657884e-05,3.4238594123924455e-05,2.8287558395115562e-05,1.4005241924010293e-05,1.1547648793052756e-05,8.305018077555094e-06,6.949364366181651e-06,8.847950748009694e-06,6.386349047619929e-06,5.21871518486646e-06,3.845871975499562e-06,5.347187152554298e-06,4.419553805369414e-06
35390,1,9.67750878119684e-06,8.061629136050303e-06,1.5095291803800036e-05,1.3274554156781015e-05,3.185427716649021e-05,2.8325129511233847e-05,1.612260618887301e-05,1.3532372804821251e-05,9.647149815383868e-06,7.97539657236717e-06,9.837167946568608e-06,7.129069696849836e-06,6.5681192687703535e-06,4.9351309112460415e-06,6.667961845312318e-06,5.047996261101185e-06
35442,1,1.0695912547197392e-05,8.718047896429573e-06,1.4233101370789036e-05,1.0946384761756174e-05,2.659830887089536e-05,1.9062943930053243e-05,1.2982661400912612e-05,8.72606944037877e-06,8.009190507748824e-06,6.350212799341233e-06,6.074173832982157e-06,4.2282136105595276e-06,6.133800134580233e-06,4.863543429246506e-06,8.874076151425047e-06,7.210086878270271e-06
35495,1,1.3783139185939406e-05,1.0928457057802768e-05,1.4760150772795974e-05,9.425594391574679e-06,2.3772805018679083e-05,1.740539131928983e-05,1.046335586456061e-05,6.799424545271926e-06,5.143342470602492e-06,3.4376023873493543e-06,1.1309125862700056e-05,8.380878327783696e-06,5.334544472394102e-06,4.206552723924644e-06,8.040596815060763e-06,6.3582842256050784e-06
35547,1,1.2163634633777737e-05,8.46096034272498e-06,1.342646183715626e-05,9.037689749580024e-06,2.6070408271887732e-05,2.2874733333799408e-05,9.188416942020008e-06,7.3111492737985146e-06,4.589518384184032e-06,3.2137635884673857e-06,1.3169468428450722e-05,1.0598884966936865e-05,5.469960635338209e-06,4.296474821322527e-06,5.345674695810154e-06,4.110862219037107e-06
35599,1,4.7073362312797085e-06,3.3324716511058715e-06,1.9118374938375278e-05,1.318314226578745e-05,2.3140626128276053e-05,1.8650374677544323e-05,8.342598731397588e-06,6.407952359624323e-06,4.483020517089286e-06,3.53505880425262e-06,9.816286967020607e-06,7.68723670444513e-06,5.0152214766645366e-06,4.070962327370177e-06,3.602910292627939e-06,2.784959081052211e-06
35650,1,9.2962861778089e-06,6.031316547446336e-06,2.242244782730424e-05,1.636124831668909e-05,2.0815776107403418e-05,1.6481378961106873e-05,8.818600935086222e-06,6.677383459374646e-06,4.348959217638354e-06,3.404606245904962e-06,9.130632288894725e-06,7.82370376133282e-06,6.060897584991181e-06,4.886922257991462e-06,3.993178825568052e-06,2.992352027662694e-06
35701,1,1.179138106646359e-05,9.169518664708385e-06,2.0072487318188847e-05,1.623001097949466e-05,3.1224142231148454e-05,2.3401451611241444e-05,1.408416864980744e-05,1.0456892048085498e-05,5.369769344156976e-06,3.7809378206008145e-06,6.873659017499004e-06,5.2943830905988836e-06,6.200671666086629e-06,4.739907872571047e-06,5.97634519359379e-06,4.523248748808082e-06
35753,1,9.601458926985823e-06,7.960149448355887e-06,1.6962157251094712e-05,1.3743695975313051e-05,3.157136532750684e-05,2.437995545882775e-05,1.5286896455560787e-05,1.2528985705507471e-05,6.954588261042794e-06,4.22925265032214e-06,6.252946797843829e-06,4.43120469554169e-06,8.503633980065099e-06,6.195205200393633e-06,6.170070238536028e-06,4.401280448315064e-06
35804,1,9.122308765659045e-06,8.081272156763491e-06,2.1680503022807665e-05,1.802524103806199e-05,4.0814624122169716e-05,3.1058571328987314e-05,2.3856067967047406e-05,1.8544593883224577e-05,1.0221679715575805e-05,8.004830770249589e-06,8.925146802941107e-06,6.5157287149709495e-06,1.0244982134859843e-05,8.31115813383564e-06,9.130238630666651e-06,6.056633941654853e-06
35856,1,8.381459473541229e-06,7.159037230924294e-06,2.4595479550195416e-05,2.1418431442284274e-05,5.044903831747281e-05,4.329582616583443e-05,2.5664209262611275e-05,2.0421974186463835e-05,1.0148077824728602e-05,8.695819082303372e-06,9.053201376501393e-06,6.697777595722647e-06,1.0016805292061867e-05,8.51796282457549e-06,1.2392310254002137e-05,9.430593949130973e-06
35907,1,5.016367883544354e-06,4.035007333562991e-06,1.5664564398179517e-05,1.1292606152529723e-05,4.202090290969613e-05,3.712965347537879e-05,1.5433034831646718e-05,1.2153558682591267e-05,6.052807706529833e-06,4.630314853333273e-06,8.378954263495444e-06,6.9237909237898835e-06,7.839412189294036e-06,5.937488201977429e-06,1.0293062598420279e-05,8.046883675619235e-06
35960,1,8.078061627442274e-06,5.934858272393168e-06,1.437477656403702e-05,1.0148026169517574e-05,3.613663752111138e-05,2.8731950873143245e-05,9.763193726818883e-06,7.547890532542895e-06,5.888607546676261e-06,4.229068255807102e-06,7.012294810771118e-06,5.6683945854388045e-06,7.4373392138799645e-06,5.551755844563442e-06,7.55439880033596e-06,5.724234479516318e-06
36014,1,8.18036904192719e-06,5.769475577894021e-06,1.6320669758628928e-05,1.2479104810036106e-05,3.084440752921619e-05,2.0250762970636395e-05,7.5651242754287095e-06,5.7236832338134095e-06,7.33443699415372e-06,5.35886327605795e-06,5.612826319727804e-06,4.252223315994682e-06,9.076667489764486e-06,7.645141019855074e-06,6.940048308722903e-06,4.4976953751263765e-06
36065,1,4.608289959668196e-06,3.074296319173286e-06,1.9696384724783575e-05,1.4354332283642323e-05,2.5270910711735788e-05,1.6660801623809616e-05,7.735778461205155e-06,6.098686800864992e-06,6.245179087979432e-06,4.771831345310117e-06,6.63404396923946e-06,5.028919126422495e-06,7.874237916781436e-06,6.5646824209314705e-06,5.2138545297418305e-06,3.888782684641498e-06
36116,1,4.558118225503855e-06,3.091595938623255e-06,2.18228288977929e-05,1.5352066541721716e-05,3.411199137045764e-05,2.678263128829152e-05,1.3032765745481348e-05,1.0079983338172834e-05,5.684367434368477e-06,4.3221380942265805e-06,7.3604164750151395e-06,5.487627408573381e-06,8.626677598809278e-06,6.591731751863615e-06,4.743244218157727e-06,3.7044328637185956e-06
36168,1,4.4305710375254385e-06,2.9302162482680796e-06,1.4796099006108893e-05,1.000429628916379e-05,4.1414228230852735e-05,3.743624888818266e-05,1.86232957265617e-05,1.6534699416290456e-05,5.5662604960521715e-06,4.279455714764393e-06,7.263559850433535e-06,5.389799697231275e-06,9.196867086458733e-06,7.328633621207909e-06,5.982876089530408e-06,4.1021943044025846e-06
36220,1,4.656418840044857e-06,3.314010760366646e-06,6.7535680888894865e-06,5.7902263502527234e-06,3.038004730342846e-05,2.3329934714588895e-05,1.5702358549197636e-05,1.2621243534838634e-05,4.683789513286371e-06,3.795561626837786e-06,6.193863393278514e-06,4.6628325721829266e-06,6.370046928615316e-06,4.910219942404192e-06,8.546234910435099e-06,7.340359934891746e-06
36274,1,7.1884373366096575e-06,5.889590007466773e-06,1.4883417393525633e-05,1.033933028265717e-05,1.9212235622057067e-05,1.2074373638048098e-05,1.2863782084252959e-05,9.950637162421155e-06,6.171343842462705e-06,4.3785825091656854e-06,4.547925243354327e-06,3.3237608968455043e-06,6.545008443130414e-06,4.895718613479472e-06,7.92448952134322e-06,6.7179317665636495e-06
36326,1,8.557450277343561e-06,7.009378721585077e-06,1.5227166861452483e-05,1.0457462838292066e-05,1.97037983965017e-05,1.1959909708877086e-05,1.1590901714138535e-05,8.59532066069421e-06,6.7794113974872426e-06,4.272688047862017e-06,3.3656114330792013e-06,2.572619008178807e-06,6.988516319435168e-06,4.99997846816174e-06,4.5386418904741624e-06,2.8922820411311616e-06
36378,1,7.473462587437003e-06,5.751736527525629e-06,9.917618006630137e-06,6.614663806177315e-06,2.2807263893749643e-05,1.6887505222947797e-05,5.835432594602852e-06,4.442948957265484e-06,5.057973553347046e-06,3.1836931391179763e-06,2.8345193114616363e-06,2.0920441509241234e-06,4.218815565910252e-06,3.039462363850966e-06,2.010293864331792e-06,1.2984386983211838e-06
36430,1,9.528067416869732e-06,7.913729071677581e-06,1.7553482391119725e-05,1.3770796859991909e-05,2.430670524466515e-05,1.8776772475304444e-05,7.140285147758533e-06,5.3819258042862566e-06,4.251061876685396e-06,3.1286032789558e-06,3.7830115261548005e-06,2.823240933346405e-06,9.660525188094445e-06,7.435245610602579e-06,5.2226888761106935e-06,3.7510590503676524e-06
36481,1,1.5816160213600554e-05,1.3049957741070941e-05,2.2086324535570247e-05,1.8738893037508884e-05,2.1026361738280597e-05,1.533206703016458e-05,1.094435745778342e-05,8.028431695458455e-06,5.306093318830228e-06,3.5479735847461997e-06,5.18359607018375e-06,4.372729832923428e-06,1.1298464985495789e-05,9.830643013587064e-06,7.2626320471705395e-06,6.314571903457651e-06
36533,1,1.5256726393664795e-05,1.143782011635087e-05,2.1617420920942527e-05,1.8014432759709975e-05,2.4379166223315147e-05,1.982014077623766e-05,1.5292847105505786e-05,1.1914029953796743e-05,7.06168327434653e-06,4.787577292619998e-06,6.365871740889151e-06,5.483738124035387e-06,6.987961756760395e-06,5.36129242967305e-06,5.766694754386513e-06,4.432186936546367e-06
36585,1,1.1060421545428783e-05,8.622482135927334e-06,2.084116658294198e-05,1.7409612224872217e-05,2.4367574937495638e-05,1.9861836914953702e-05,1.477164109311744e-05,1.111529265058258e-05,1.1816737508611971e-05,8.630208201622291e-06,7.747142927146644e-06,6.5192199239193295e-06,6.5364361054808985e-06,4.939444310117559e-06,4.323024765059067e-06,3.4496967554035968e-06
36641,1,9.116780052239945e-06,6.710679662300796e-06,1.7652764925499816e-05,1.3299053292473283e-05,3.400808756974901e-05,2.9087532254177575e-05,1.3384066953764887e-05,1.0461400117171744e-05,1.4336516069382782e-05,1.2053816873948393e-05,9.666373952167374e-06,8.389985332130904e-06,6.464788277037137e-06,5.242480251119414e-06,4.579368989482166e-06,3.651897128005154e-06
36693,1,5.984992277950907e-06,4.458670328545274e-06,1.817251017827745e-05,1.3954897320373268e-05,3.29183550136796e-05,2.865796168714762e-05,1.7407418014291202e-05,1.5405986169987843e-05,1.5138317886435052e-05,1.3638655795289547e-05,1.5652787126316253e-05,1.3130965820969072e-05,5.478957689588618e-06,4.473757430429191e-06,3.6155642105376573e-06,2.492146435122116e-06
36745,0,8.542038367997785e-06,6.673580049900023e-06,2.6763274521548693e-05,2.1848384232575693e-05,2.799550975127301e-05,2.1538315831310692e-05,1.5125584290177666e-05,1.2360043756150457e-05,1.3397365379474942e-05,1.2074401296524654e-05,1.4627871948743835e-05,1.0919193683022643e-05,6.540786300335465e-06,5.5112442642369265e-06,6.286561553228586e-06,4.366261808803748e-06
36797,0,8.408985801355943e-06,6.405069335522262e-06,2.5771551645840144e-05,1.944224982731157e-05,3.110928317730392e-05,2.174298410997991e-05,1.3847679934441982e-05,8.963087005162249e-06,1.0850212137576024e-05,8.665338895926444e-06,6.481179622535805e-06,4.556444688126063e-06,5.980872843284561e-06,4.79957678146684e-06,6.472817882512859e-06,4.585245679381305e-06
36848,0,7.362808476468386e-06,5.90668551482274e-06,1.7784349931392464e-05,1.3178555383757059e-05,2.4264533110058784e-05,1.6069157135762303e-05,1.3988765625349868e-05,9.502281967362836e-06,9.37770390700851e-06,6.598025487028736e-06,4.9963544790481215e-06,3.348091764548197e-06,5.641230427060824e-06,3.8030547945661443e-06,4.470769481485852e-06,3.366878844538411e-06
36901,0,1.0520551943925183e-05,9.16712929866918e-06,3.507164629556468e-05,2.7746747822221958e-05,3.576768342395747e-05,2.940754757052882e-05,1.0615219314155472e-05,9.458913568703832e-06,1.0736631484796508e-05,9.251445371050171e-06,7.118752258651263e-06,4.635905026790296e-06,4.78511656618871e-06,3.133678876226853e-06,8.863755622029485e-06,6.706060336961878e-06
36954,0,1.101855636750828e-05,8.814567260971654e-06,3.559289532370752e-05,2.910180485660217e-05,3.7877355546560967e-05,3.426385383626934e-05,1.0191780682884015e-05,9.08256934025679e-06,1.1149189650364758e-05,1.0145879371820387e-05,1.0201814397678614e-05,8.280212614307103e-06,3.1372869382960586e-06,2.3833385879867447e-06,8.828310866418957e-06,6.255441147632755e-06
37006,0,1.0786461757830523e-05,7.5674066238200886e-06,1.4713934953820918e-05,1.1217021442055889e-05,2.0237076899718828e-05,1.600738782158382e-05,7.909101094288971e-06,5.771650194452449e-06,6.876494565225577e-06,6.014484737503024e-06,1.4223934602868018e-05,1.171679881717859e-05,3.2882627050914864e-06,2.6047259278527296e-06,6.854849682237556e-06,5.135398462750602e-06
37058,0,9.83381828124918e-06,6.956685205909196e-06,9.490963105419162e-06,6.942333500894792e-06,1.1988427178735894e-05,8.7289892299103e-06,7.90566679619276e-06,5.9508945969772324e-06,6.505086604192185e-06,5.1714298341143306e-06,1.3925558655624653e-05,1.007303728454184e-05,5.658927197844357e-06,4.519116849223025e-06,8.977167897204117e-06,7.250976865894795e-06
37111,0,1.0828037969756881e-05,8.004390711561632e-06,1.749351218630455e-05,1.1060352532277214e-05,2.113689778489763e-05,1.565854981561732e-05,1.5464489728996393e-05,1.1034276461487995e-05,8.134464481970756e-06,5.8516832271033105e-06,8.508160368620388e-06,5.689793116556437e-06,7.19652563942028e-06,6.0759255052534935e-06,1.258199136435086e-05,9.944789604088016e-06
37164,0,1.4126315921709483e-05,1.0953912772721595e-05,2.60929383147911e-05,1.8578313944715006e-05,2.9767642610628523e-05,2.3531216048194704e-05,1.9373545115604276e-05,1.4782149277523824e-05,8.48247620281068e-06,5.510359347767326e-06,6.5802904635275475e-06,4.615670071776966e-06,6.882238279903447e-06,5.776470340449647e-06,1.2174886751693549e-05,9.124083557053484e-06
37219,0,1.677046865677784e-05,1.3100481606980045e-05,3.4431594870654346e-05,2.6322790104634438e-05,2.3814888964405227e-05,1.6498352350896588e-05,1.812088764476308e-05,1.4144659796757623e-05,9.943939202383793e-06,6.802290827262069e-06,6.061548168431568e-06,4.452396483691021e-06,7.2351746644616e-06,6.2271996607516e-06,9.764486795126898e-06,7.5924895457448895e-06
37272,0,1.3878511581558245e-05,1.0102698118611684e-05,2.8630602907971e-05,1.9122847812691085e-05,1.3116192151367498e-05,9.478053394062781e-06,1.3688990540428526e-05,9.42922995431969e-06,9.093737503320032e-06,6.273081111722335e-06,4.730291784818752e-06,3.859472157820236e-06,6.420183004540646e-06,5.021922059157277e-06,8.900736233059284e-06,7.084222570997742e-06
37326,0,5.008064730102848e-06,3.858372742820686e-06,9.28347340946957e-06,6.759938709683328e-06,1.3314917926636275e-05,9.836235447297413e-06,6.241871540582012e-06,4.618610695413656e-06,4.5054251001266e-06,3.4167094765934037e-06,4.174719687098511e-06,3.3546548537864805e-06,4.135524441133228e-06,2.978156553201913e-06,4.986371098082537e-06,3.7116140682430726e-06
37380,0,7.779131357094296e-06,4.550966668754036e-06,8.935336384681342e-06,6.8567050084366034e-06,1.759848242323578e-05,1.1021065374315397e-05,5.929101420707584e-06,4.4892895878275495e-06,4.3674175850596435e-06,3.461516689331816e-06,3.684070597683151e-06,3.0127656916226407e-06,4.5442798171388615e-06,3.0461022885296567e-06,4.931150455312726e-06,2.7369502247542368e-06
37432,0,8.91386785535813e-06,6.199083707217344e-06,1.1174099298738403e-05,9.061304743195492e-06,2.4685034079606038e-05,1.6150212634811796e-05,1.0081706209917453e-05,7.648666819524709e-06,4.097726723698359e-06,3.186563379112475e-06,4.082264044634746e-06,3.2814485608426847e-06,4.813817394722639e-06,3.5233725026539124e-06,5.328142936762149e-06,3.3032088564732614e-06
37484,0,7.287807463295262e-06,6.125678617574682e-06,1.1788405963208092e-05,9.817069751157007e-06,2.1978417617470104e-05,1.5365944024025343e-05,1.0976808200827734e-05,7.842964883593292e-06,5.955365230875636e-06,3.8108652986343924e-06,8.528391507542842e-06,6.275350572855244e-06,6.497308939280569e-06,5.616395499416087e-06,5.476208326127776e-06,4.632452742430902e-06
37536,0,9.98165202970149e-06,7.48598615544078e-06,1.2670011096270157e-05,9.238605198472375e-06,2.21439994720617e-05,1.5837082441988733e-05,9.603439211255482e-06,5.505937440390185e-06,9.640308166147666e-06,7.3558296327263924e-06,9.094460298904413e-06,7.200767057697332e-06,7.473933903935585e-06,6.2148143080952954e-06,5.883159581707107e-06,4.6176637190803445e-06
37593,0,9.093142664420827e-06,5.765621295433535e-06,1.3122820878651182e-05,8.513562218527321e-06,2.1403315527655573e-05,1.3866146354886864e-05,9.143974276176568e-06,5.9509246279028445e-06,9.294658222380012e-06,7.758008313480246e-06,6.696874334817565e-06,5.558189330965222e-06,6.682091269436102e-06,5.379937145659655e-06,7.167147628305577e-06,5.351279195225372e-06
37646,0,9.638420570388206e-06,6.798148820683794e-06,2.0549067401461256e-05,1.5466196922831744e-05,4.5102614325291764e-05,3.259616800542052e-05,0.0001387511613767782,8.009405245921802e-05,8.127752490675725e-05,4.613084835722764e-05,3.819429333217971e-05,2.309469424775269e-05,1.5698595607818458e-05,1.0688011948639948e-05,1.6374815945708642e-05,1.2486913018522176e-05
37699,0,1.917314085409745e-05,1.4859652612824688e-05,2.564858032123431e-05,2.1252468106326998e-05,5.249326697670238e-05,4.54243953918213e-05,0.00015591992652503995,0.00011662716318613245,0.00010605716852445675,8.40436510232378e-05,4.4317605025904556e-05,3.151695837201381e-05,1.9275187422398088e-05,1.4998340486321915e-05,2.7257386485057906e-05,2.147811801467898e-05
37751,0,3.238819610932301e-05,2.67093554194693e-05,3.515479819555397e-05,2.873286763937903e-05,7.173844197828766e-05,5.886238917046787e-05,0.00016762308689349134,0.000130666871222167,0.00016717156762406077,0.0001391575980571886,8.331972188872164e-05,5.2272688060975685e-05,8.362446893683856e-05,4.5311671990315424e-05,6.013997932219331e-05,4.612418862473591e-05
37802,0,4.647597023704055e-05,3.705923732769715e-05,5.574515449569305e-05,3.956760436718259e-05,9.546804115156336e-05,7.553941586767296e-05,0.00021311155681476282,0.00016914316736419264,0.00021023821930207706,0.000177492118983666,0.00015454921974009407,0.00010350402440333794,0.00017430503631102822,0.00011126239925438566,0.00011156379037559036,7.826979944029996e-05
37853,0,0.00012919362742810241,8.181482888238033e-05,7.750338168203806e-05,5.574528929775673e-05,0.0001088298914321503,7.37167560155219e-05,0.0001967462430312442,0.00014969902556384107,0.00018380087123953984,0.00013039708585634794,0.0002012794070745106,0.0001436709245756185,0.00021644997960956736,0.00014986122878605092,0.00012331647979070198,8.528607377355745e-05
37906,0,0.00017808488420954885,0.00014167647548238142,7.355127203229277e-05,5.352641139306729e-05,0.00012007817538804908,7.516062825222709e-05,0.00014399605339251547,0.00010869969065432812,0.00014333668901596907,0.00010051536349320206,0.0001795912433259078,0.00014037538085725308,0.00018918297637489451,0.00014003037394936385,0.00010627219742321736,7.538160343585424e-05
37958,0,0.00014483872719180907,0.0001119148225369868,5.907241735296406e-05,4.313376243404052e-05,0.0001233830786170244,8.518337114238927e-05,8.461848618175632e-05,6.755617943277325e-05,0.00010608937975836017,8.442084403159545e-05,0.00015368496657164782,0.00012115309980666675,0.0002322644821410585,0.00018543933299371113,0.00010443533875581281,7.760403253728482e-05
38009,0,0.00016075656545166332,0.00011248980013390398,7.500266484666166e-05,5.432259919928251e-05,0.00013052684706680865,0.0001058372898621616,9.697670990851259e-05,7.445884312371338e-05,8.439188981571305e-05,7.055426920586419e-05,0.00014424703465996288,9.293111120531662e-05,0.0003594077479816954,0.00026035265115093286,0.0001508832130605322,0.00010012096966976112
38060,0,0.00017435856796900207,0.000133841861740655,0.00011089950900213545,8.452875109612361e-05,0.00017205661467463676,0.00014291094857491564,0.00021028601159476897,0.00014957239610924208,0.00012231661306010347,9.47338767793455e-05,0.0001626021126591159,0.00011418210298935444,0.00033603255198865487,0.00024023213043766287,0.00013728109431751894,7.966417213088012e-05
38112,0,0.00018003170989793816,0.00012971357114852165,0.0001307160779959583,0.00010878358487302633,0.00022777935550375155,0.0001949422442002725,0.00032949184121876414,0.00026781831385823217,0.00020817737768139428,0.00016815374229796551,0.0002573668346973101,0.00020814386209653903,0.0002379753189979338,0.00019355842785809027,0.0001405867224308427,7.89646755295659e-05
38164,0,0.0001718129101123286,0.00011716065847843538,0.00010417728353775278,8.2168492301793e-05,0.000216295867345541,0.00017423054843699083,0.000306141860276009,0.0002394984733290073,0.00020988031251389794,0.00017504768667342085,0.00028346820397833785,0.00023514207715730017,0.00023504168796787862,0.00016768722105927423,0.00017497454276723076,0.00011061116350108531
38216,0,0.00013791221989352772,0.00010830737415985042,9.013612774393366e-05,7.466734197732101e-05,0.00014485284307618187,0.00010596979193879456,0.00022450358336215971,0.00018581938075825665,0.00012217249634552968,9.743683640141606e-05,0.0002241133856345536,0.0001800885134442519,0.00018316255601445684,0.00012713361181644752,0.00014941085467013048,0.00011060813319339666
38267,0,0.00020402722679511003,0.00016525783681656608,0.00010727638303475443,8.075244905706394e-05,9.803731097870733e-05,7.198922065213928e-05,0.0001856537189860686,0.00014888660476782112,7.731576369824292e-05,5.486256631041289e-05,0.00013645180971183477,9.171383519391481e-05,0.0001557479263925175,0.00011100803999423373,0.0001682937010696672,0.0001363708740436733
38319,0,0.00019500813417575865,0.0001514630728650411,9.711450899637526e-05,7.174546392511006e-05,0.00015475853163896228,0.00012235825311693213,0.0001502130519784308,0.00011981743681032432,9.324004566262868e-05,6.860880150021958e-05,0.00010728105306288908,8.054643966660257e-05,0.00018604183326649513,0.00014130266504188002,0.00014593903785100357,0.00011241227460926055
38371,0,0.000149586296226869,0.00012196097840772595,7.9558451884269e-05,7.144728045193091e-05,0.00016430561810162355,0.00013054585746797028,0.00014711705099121252,0.00010775009600547738,0.0001014290907388103,8.094515970940861e-05,0.0001560148002385567,0.00013206897579401557,0.00027064177313267335,0.00021946994431421823,8.416357260328231e-05,7.02133877809093e-05
38422,0,0.00014152016049621746,0.00011787787107623681,7.206896157727205e-05,6.333688103205289e-05,0.00012365453391022675,9.113866738303978e-05,9.135180274462048e-05,5.6767740707712864e-05,0.00010239446960948087,7.866851818242262e-05,0.00016669258415976252,0.00013781292651095814,0.0003006210690161135,0.0002538809493523641,0.00010308035629254832,8.327289921114597e-05
38474,2,0.0001248683601266872,0.00010598819134700445,8.956656361932137e-05,7.011612250932612e-05,0.0001060670091014536,7.964686711570449e-05,7.782459319929106e-05,6.169388424566072e-05,8.609359811129533e-05,6.474842590983713e-05,0.0001581911431601366,0.00011757543223201981,0.0002098255042366783,0.0001575264889151961,9.60551655190233e-05,7.574546254587145e-05
38526,2,0.00011669532407641411,9.761897851392379e-05,9.619465650232387e-05,7.384069553883982e-05,0.00010409475390803634,7.422289965628443e-05,7.002276005370366e-05,5.294316337774049e-05,5.2691683484943644e-05,3.756709771506151e-05,0.00012768011506822076,8.413787002985184e-05,0.00012194530644351527,8.597676554577313e-05,9.307744661671107e-05,6.988771119060432e-05
38577,2,0.00010869398965135404,9.401376388314636e-05,9.050947950451495e-05,7.624164017486443e-05,0.00016718504409717327,0.00013366196719055847,5.554984452808176e-05,4.052241814906558e-05,4.507509354398283e-05,3.4754218340398624e-05,0.00010267047528492663,7.749736523384091e-05,0.00011555065611540092,8.416245484548133e-05,0.0001360350110216881,0.00010771749362771338
38628,2,0.00011731326643030122,0.00010089952434143271,8.179108740432079e-05,7.019097858887213e-05,0.0001913691886965994,0.00016945087981653183,5.857492008816271e-05,4.189483727255101e-05,4.14981852383563e-05,3.5800191218055105e-05,9.706741120333366e-05,7.400672174324547e-05,0.00016789913819264111,0.00012824386218205616,0.00014634317513875607,0.00012559492362058068
38679,2,0.0001343818074892325,0.00010657179929590065,5.942706980171023e-05,4.887105986604784e-05,0.0001857612586781102,0.000160737319845155,5.685898520447035e-05,4.575761327599822e-05,4.756415455011068e-05,3.8603978837340707e-05,7.278480917474216e-05,5.7002456801896596e-05,0.0001687496471844125,0.00012881486494564317,9.926833709485629e-05,7.40310118718478e-05
38732,2,0.00014700603234605136,0.00011785686437990705,4.449745340297541e-05,3.381297808652468e-05,0.0001537345699571678,0.00010899910052405995,9.296213215714225e-05,6.564455589623201e-05,8.701903371102219e-05,6.028508104107301e-05,0.0001480022700533788,9.908093806545903e-05,0.00012201131973657822,9.154443497803774e-05,6.838699174652265e-05,5.0443325013586206e-05
38783,2,0.00013196473965646716,0.00010108587212883618,6.333871220720582e-05,4.4577239161600385e-05,0.00011649151968812571,7.79041276946508e-05,0.00010666895044548477,8.446538801280872e-05,0.0001094709774247969,7.938451681374272e-05,0.000254403810335524,0.00021220651117200015,0.00014140533660207788,0.0001080926270718196,7.534346181066558e-05,5.9837711677016225e-05
38834,2,0.00014684377854641393,0.00011163047490586474,6.814522396503217e-05,5.06548893186445e-05,0.00012070695159105329,8.737955321947642e-05,7.261114323165943e-05,6.048376040288269e-05,0.0001005452652176795,7.68190386494158e-05,0.00023436113221185086,0.00019337544482566363,0.00015182872919189587,0.00012641200704012373,6.401881486277141e-05,5.2001184095840025e-05
38886,2,0.0001247952891939,8.499317598163667e-05,4.2335985558022136e-05,2.774441496430355e-05,0.00011760790414635096,8.38885388675386e-05,5.0719947207596477e-05,3.863968419170655e-05,7.224834836461353e-05,4.948695740037902e-05,0.0001292308353430563,9.256438781786386e-05,0.00013111149939505523,0.00010716868314994322,5.812764261144613e-05,4.738816666423077e-05
38940,2,9.420888593176446e-05,5.50072871393017e-05,2.675805906368097e-05,2.0473870222169104e-05,0.0001203990859502509,8.988388297758865e-05,6.355267350723793e-05,5.334039470602947e-05,4.615891817927247e-05,2.7224038487716227e-05,9.683201576307544e-05,5.83131574342088e-05,8.280529978039742e-05,6.357253982642863e-05,7.71888404391906e-05,5.936406610809513e-05
38992,2,0.0001446600965444367,9.092396370567938e-05,6.313723690334425e-05,4.3703293386857965e-05,0.00013456866635511015,0.00010232003748695891,0.00010162395716391883,8.66256162674626e-05,5.448856524149257e-05,3.6886097427836624e-05,5.249387872602248e-05,3.0612316596310296e-05,0.0001089494340533358,8.31143294122854e-05,0.00012373562540756466,9.559291697062164e-05
39043,2,0.00013477367609661002,8.897154867711626e-05,6.365511298270362e-05,4.3691976669149064e-05,0.00011187718111541618,7.973927404950187e-05,9.092709586315684e-05,6.561806900290756e-05,5.3832189940941036e-05,4.0453963760877684e-05,4.9733123243060444e-05,3.97234102255631e-05,0.00013118894710874824,0.00010696465872565673,0.00011276329708523025,8.359653287314791e-05
39094,2,8.626420737961413e-05,6.0033286260658765e-05,3.148081640726672e-05,2.6043465889851415e-05,0.00010923081114224479,8.21138994509721e-05,5.848455405363693e-05,3.6544354369276905e-05,0.0001080556723397901,7.876011658971339e-05,0.00010547461708798984,8.090881502077779e-05,0.0001579629899472204,0.00012138983452228091,7.556674543740141e-05,5.7420210655271177e-05
39146,2,7.42224146117665e-05,5.2668236790300026e-05,4.020057738811253e-05,2.8420664669506983e-05,0.00013566056275107934,0.00010591928897453988,6.683715052107158e-05,4.491363051750187e-05,0.00010929245379212411,8.092934205407239e-05,0.00011821684293985421,8.97198008700884e-05,0.00018330988612850886,0.00014339151292932687,7.362441574349365e-05,5.760654339675649e-05
39197,2,8.294308512034995e-05,6.921113878846523e-05,3.581008526479121e-05,2.077970474749059e-05,9.577885065856258e-05,5.910761904717751e-05,6.57115025683911e-05,3.933728814884507e-05,7.157358219039358e-05,4.1607352657820626e-05,8.795667788716799e-05,6.240055130312739e-05,0.000189887431416864,0.00015723152487215862,6.892405273603667e-05,5.446124689593574e-05
39250,2,7.512323295915183e-05,6.346833706901557e-05,2.9306724871750694e-05,2.1791012078335885e-05,4.252105136787256e-05,2.841898495975372e-05,7.214441301128781e-05,4.558000753141361e-05,7.019746558342723e-05,3.8574661997201055e-05,0.00011287592182864549,8.72408983155333e-05,0.00017764027607112293,0.00015656439454381763,5.85457821766291e-05,3.956586859554146e-05
39302,2,6.0412324211570944e-05,5.174026964444038e-05,4.067838089468571e-05,2.9340284244587462e-05,8.219906603739835e-05,5.405223349645012e-05,9.75087599012858e-05,7.419478413457428e-05,8.80615056273171e-05,6.490282342156472e-05,0.00012665905789951168,0.00010493214094424772,0.00012692323671683564,0.00010097094723392226,8.618344006919023e-05,5.248813980139673e-05
39353,2,0.00012543817863571358,9.878181055818e-05,4.693420338709555e-05,3.596634181951458e-05,8.722270230884618e-05,6.301512940124117e-05,9.34897835720019e-05,6.69701990476351e-05,0.0001046909710571948,8.8400995501182e-05,9.551167682100202e-05,7.264271284140673e-05,9.528765706184644e-05,6.727849333282974e-05,9.456052895923751e-05,5.766347054213646e-05
39404,2,0.00013329377534250736,0.0001098750924194915,3.46683263288058e-05,2.5524487541665752e-05,6.171695248297028e-05,5.436280740081539e-05,4.106902236770037e-05,2.423840776427601e-05,6.787468967735038e-05,4.976590642076447e-05,0.00010769639360477463,8.30767127219166e-05,0.00011162404786022174,8.883878309290032e-05,9.137129824211364e-05,6.318249850595523e-05
39456,2,0.00012379939665188954,0.00010476705172183369,4.968516541079343e-05,3.027372149385269e-05,6.706020101155903e-05,5.6203566052240214e-05,4.629902285668128e-05,3.073058189656898e-05,5.425872469317061e-05,4.1203667723329e-05,0.00011723601497668846,9.456505941184284e-05,0.00011792263909011701,8.806124929894846e-05,0.00010930317457731877,9.266577343120865e-05
39508,2,0.00013029743306462355,0.00011219576015225633,6.620322192228699e-05,4.886500378690952e-05,7.537005759691612e-05,5.531838398243091e-05,6.536272176474963e-05,4.718103653267789e-05,6.783090843065484e-05,5.518439191453865e-05,0.0001074029140196366,7.802838215994599e-05,0.00010846185940678207,7.419083043258495e-05,8.748149494589545e-05,7.095752578029787e-05
39560,2,8.105551278958117e-05,6.516296918711692e-05,4.735460813348465e-05,3.1510876849873196e-05,6.493926067135272e-05,4.5344749783697936e-05,5.158251277125511e-05,3.297622838254744e-05,0.00010957852963251604,8.254169554269692e-05,9.121114731059945e-05,5.95197571187103e-05,7.951205775115856e-05,4.875797647748859e-05,5.4111458785532504e-05,4.0763538596668474e-05
39612,2,4.504208855686086e-05,3.663877208485891e-05,2.338679222288531e-05,1.561035730977525e-05,4.247931926367978e-05,2.8322092597569868e-05,4.8003528488890055e-05,3.281871159153714e-05,0.00012145388704817487,9.727367515368177e-05,8.1861301071339e-05,5.866711321147296e-05,7.108065076280592e-05,3.9205386216860984e-05,6.617495712294364e-05,5.045121940415962e-05
39664,2,9.555467361955732e-05,7.646825414202757e-05,3.933406497931293e-05,2.606593372421986e-05,5.671987953164357e-05,3.983983430983665e-05,7.853427860748955e-05,5.481513581795621e-05,0.00016841135940974622,0.00013174312074474873,0.00014107722052967878,0.0001034561662362353,0.00013508125359529863,9.436817593905051e-05,9.972093083537071e-05,7.969932606400118e-05
39716,2,9.547804580108467e-05,7.578888817421602e-05,4.404406462862364e-05,3.459709382017086e-05,6.29379061702495e-05,4.906536867489851e-05,8.745339331386583e-05,6.826768870117077e-05,0.00016562123576368155,0.00013163625073212465,0.00013431893185492414,9.216260328840655e-05,0.00014971558340224527,0.00011438075890681249,9.345545766108441e-05,6.940748590419878e-05
39768,2,9.539666826233405e-05,6.8825142518192e-05,3.985961445092789e-05,2.9868796813384096e-05,0.00010904560060501127,8.059061579957363e-05,8.162280670221126e-05,6.151113642743e-05,0.00012510076255313257,0.00010137206652830116,0.00011960083370941786,9.31518305410829e-05,0.00013598551323683105,0.00010831643139150975,6.194022212447054e-05,4.636441728174711e-05
39819,2,0.0001442509282605834,0.00011662508642427373,5.682131409773733e-05,4.3443649269076935e-05,0.00010949931060544297,8.366929593265525e-05,6.534410961433276e-05,4.389435774091798e-05,0.00012723093501943415,0.00010187181059597671,0.00012754907491201728,0.00011426045971109961,0.00011819616612467758,9.076227427587496e-05,5.3229893822929626e-05,4.106410796805891e-05
39871,2,0.00011730585163346273,8.074901457189204e-05,7.686038507560573e-05,6.106634475847395e-05,6.992481719225876e-05,5.834946029956209e-05,6.36129373525914e-05,4.9133361058945226e-05,0.00010827718055840825,7.813132708074369e-05,8.63793082307465e-05,7.124720113587627e-05,7.826751576988163e-05,5.579010527662568e-05,6.123573306212433e-05,4.650798541290026e-05
39923,2,7.108587549578913e-05,5.3673471593128615e-05,6.672443565960745e-05,4.9244648817374364e-05,6.993396269676578e-05,5.5160230856834185e-05,9.059051015808041e-05,6.875870367098703e-05,9.134018345917189e-05,5.135307107274475e-05,6.632978238519971e-05,4.8593808986033355e-05,0.00010227757592825569,8.049724327593747e-05,5.746193470875436e-05,4.490552799610535e-05
39975,2,8.181151788334849e-05,6.521711047613503e-05,5.738473382631586e-05,4.620220884442136e-05,8.282029797109684e-05,6.798008500325885e-05,0.00013583896678869413,0.00010993758076409721,4.80759707132356e-05,3.492568150721949e-05,0.00010299626020992595,8.03174463617788e-05,0.00016068286046097845,0.00014381096341290037,6.580550147859929e-05,4.572606178686587e-05
40026,2,5.5728381728796677e-05,3.702100006614832e-05,6.192918148878745e-05,5.156338358832083e-05,9.249271243188011e-05,8.296373292377381e-05,0.00014545401909330722,0.00012781906376071217,0.00014539479938251642,0.00010400470060520809,0.00012157382558321828,0.00010477353789099678,0.00017237061698211628,0.00016276261649187973,7.489724898484928e-05,5.555039593558718e-05
40085,2,7.756978862323329e-05,5.010988068754599e-05,4.4150449428815306e-05,3.3128131693044895e-05,0.00010089374763628495,8.991010034321059e-05,0.00013195695555643633,0.00012012597927988406,0.0001694065225692746,0.0001429265099530087,0.00011072037310684628,9.333621494039295e-05,0.00012612587333053142,0.00011234628372349591,8.565639815053895e-05,7.175225792781792e-05
40140,2,8.079590306289984e-05,5.5399496145878216e-05,3.746104618433231e-05,2.4417748991355384e-05,0.00010731393433850763,9.08369959639056e-05,0.00011362377216855125,9.695975650594521e-05,0.00010868641726348236,9.044825458330048e-05,9.186632470358801e-05,6.915460981709913e-05,6.6780516822878e-05,5.5692908164059194e-05,8.061374551796425e-05,6.457696934725898e-05
40191,2,7.139177030682043e-05,4.704215512973838e-05,6.0396848340568945e-05,4.7232879510247134e-05,0.00011190365836441346,8.607062002915003e-05,0.00010286110458754185,8.517161017279002e-05,8.427403834276993e-05,6.213742746437106e-05,6.997203502514142e-05,4.943378251537525e-05,6.562433785253927e-05,5.178186151731776e-05,6.607062358742963e-05,5.513922147389322e-05
40242,2,0.00010534264527316876,7.651685953055874e-05,6.030430550040525e-05,5.013044094498441e-05,8.902924049125261e-05,5.5707029781650027e-05,0.00012667666165488728,0.00011298985330467347,8.741394286899638e-05,7.229235664297564e-05,7.124465649283435e-05,5.222974619248192e-05,9.973347095831982e-05,8.917192159519433e-05,7.950354378671917e-05,7.332853457678038e-05
40295,0,9.686046144681402e-05,7.023178079685259e-05,5.5731832522872356e-05,4.4857534563370065e-05,6.668323610424625e-05,4.868199855068551e-05,0.00013980902386864126,0.00012340677883207064,7.215067607436508e-05,6.782130212065191e-05,6.156708007548081e-05,4.711560455761184e-05,9.920947435492951e-05,8.302494378987086e-05,7.321229060424643e-05,6.346656873315644e-05
40347,0,0.00019126348970854086,0.0001388140149533748,9.664124160987536e-05,7.866670586619489e-05,0.00010495193053109846,9.179233737681365e-05,0.00012406846234263466,0.00010117162489821225,6.0456715476702385e-05,5.030053128810241e-05,0.00014026165385630978,0.00010268768257029902,8.658271888577885e-05,6.522316855517165e-05,6.426690596578632e-05,5.211891745490832e-05
40398,0,0.0001984827880931508,0.00013896922837528436,9.42719138334836e-05,7.262759066299624e-05,0.00010017133612987395,7.476966637981445e-05,8.439042307517851e-05,5.9769889027783665e-05,8.501350810648284e-05,6.317077862599916e-05,0.0001477548302562286,0.00011506705261214506,0.0001040710249848008,8.522572391086796e-05,7.100133161809296e-05,5.620775070462067e-05
40450,0,0.00011183117825496704,7.47849295968284e-05,5.1508710767973404e-05,3.9908165949405156e-05,9.605153936297149e-05,7.193097161715088e-05,8.100473374103549e-05,5.9728335661546634e-05,7.992174281418703e-05,5.96985798882493e-05,7.275628700763259e-05,5.802463099245452e-05,0.00010116018735466824,8.282508702011593e-05,6.14354137801039e-05,4.4751847088886786e-05
40501,0,0.00010342982406295485,7.340901953455479e-05,4.518582827314551e-05,3.7360429119788194e-05,8.5870845165633e-05,6.730556670135412e-05,7.308365324221114e-05,5.80372410359426e-05,3.438379516850216e-05,2.567063790662188e-05,5.64834976519585e-05,4.2961363258154755e-05,0.00012341844124336075,8.543445709320523e-05,3.720108087197827e-05,2.5052644348030627e-05
40552,0,8.388584256833456e-05,5.444639458213692e-05,5.7072348131853726e-05,3.870907679269909e-05,6.790391066464797e-05,4.166513969172501e-05,6.112101474605485e-05,5.1248101735699795e-05,2.3638260767430855e-05,1.8850691807278294e-05,5.818476038170999e-05,3.947823642413892e-05,0.00013180371117916693,8.814866991663853e-05,4.241399618202752e-05,2.704340293605318e-05
40603,0,8.866499874853632e-05,4.907095260706843e-05,4.877982972217654e-05,2.6234777005525923e-05,7.09913366969073e-05,4.472520221858502e-05,6.357825420957516e-05,5.345991880346416e-05,5.198595754148877e-05,2.6871330767949147e-05,5.9679942641617225e-05,4.030306643787322e-05,0.00010700314048014994,7.813147751352877e-05,5.9584599388049763e-05,4.050662837138141e-05
40655,0,0.00013429415876484637,8.530946294816633e-05,3.182431641939499e-05,1.9110130953982055e-05,6.339942387799274e-05,4.409878874839651e-05,5.3001133930785275e-05,4.014257223387281e-05,7.240735620161776e-05,4.3060084388166286e-05,6.170162879928879e-05,4.462225037651155e-05,9.344509902481702e-05,6.92118990408993e-05,5.0643721602385656e-05,2.9914300950627773e-05
40707,0,0.00012222677432316046,8.692383886101126e-05,3.8283177400258674e-05,2.948800114861155e-05,9.445540683929668e-05,6.195780330990743e-05,7.80279377208339e-05,5.2241090584201805e-05,5.926495766595189e-05,3.771952087146986e-05,5.769053184376838e-05,4.1526415314520617e-05,6.118188224667172e-05,4.2260244992255336e-05,2.390315177168446e-05,1.750976021776569e-05
40758,0,9.786577686703899e-05,7.876134244556793e-05,4.2366058007067974e-05,3.6592059488016216e-05,0.00010546672247997204,8.277772916339718e-05,7.952920465339512e-05,5.7117386994627196e-05,4.636757920591232e-05,2.992305644816054e-05,5.8726431817149515e-05,4.239745511426942e-05,6.066920876828415e-05,4.5824043864578304e-05,3.07712927850992e-05,2.5009381244562972e-05
40810,0,0.00010771438438524815,8.390393477636765e-05,5.57376904861056e-05,4.14617335381158e-05,9.074909515558543e-05,6.849664801600418e-05,5.9735120294260714e-05,4.958413828763929e-05,0.00010583181431318344,7.77404995219459e-05,0.00012136426517349788,9.536428036684762e-05,8.480969858499498e-05,7.023745787307748e-05,4.721599405650594e-05,3.7155754315019564e-05
40865,0,7.197485366871312e-05,5.245929979806632e-05,5.239384882852603e-05,3.447201867489589e-05,7.544461921494572e-05,4.909383494990022e-05,5.0812611719052685e-05,3.881422539365953e-05,9.997355498097733e-05,6.749302472407404e-05,0.00011501400462264234,8.131103576003651e-05,7.63574413789546e-05,5.950043309243926e-05,4.8780714216792306e-05,4.057173917349688e-05
40917,0,0.00010048383739996889,7.427438773985205e-05,3.302077488016968e-05,2.3097681550223745e-05,0.000101545698051812,7.750440576023084e-05,0.00010483082544665371,7.920356715058265e-05,7.647715552267585e-05,5.705077678331187e-05,7.095880910481511e-05,5.684352866191976e-05,6.394388445119411e-05,5.416713728300722e-05,4.8788069944723944e-05,4.142375354213076e-05
40968,0,9.304911909369387e-05,5.894160264250082e-05,2.8095424022279407e-05,1.9570105194633776e-05,0.00011477104873678674,8.541967292079294e-05,0.00010593779871361068,7.998337325190685e-05,7.948269178545984e-05,6.302321367655114e-05,6.641173391112614e-05,5.253865061137099e-05,5.6902382325281065e-05,4.788933225130774e-05,4.8580539815761704e-05,3.704744906099538e-05
41022,0,3.525129272203554e-05,2.734234514921579e-05,2.362199235672981e-05,1.771577388202293e-05,7.009148902719369e-05,3.8677146892004436e-05,3.808920129368417e-05,2.6550597381323097e-05,5.06226052169878e-05,3.5569667654219045e-05,3.3575499872993045e-05,2.421926781045811e-05,4.8529749558946645e-05,3.5468354914707215e-05,8.653123148144426e-05,5.910862892146728e-05
41075,0,3.0362381824265244e-05,2.211630623745171e-05,1.7642255452149378e-05,1.5531611154455176e-05,2.1958659990782155e-05,1.6436760621729646e-05,3.45324942810371e-05,2.1990003597157936e-05,6.0745348997346995e-05,3.744920474086461e-05,3.086999673600442e-05,2.015784021190682e-05,4.0071360260407806e-05,2.5151139110909956e-05,8.323902821622538e-05,5.264390101649352e-05
41128,0,2.3083768641223667e-05,1.7352324728768803e-05,1.252914735054683e-05,9.342568795761227e-06,1.9193318201525927e-05,1.4977808738246376e-05,4.463149684338478e-05,2.9915679111769824e-05,8.967422257298174e-05,5.9959082494325905e-05,3.6255709800526946e-05,2.4571424128705327e-05,1.569751963555099e-05,1.197092617182661e-05,6.809610538607823e-05,4.4976942113774605e-05
41179,0,2.708976212962971e-05,2.014518781667262e-05,1.1139022694198223e-05,6.724274046578026e-06,1.727090948557156e-05,1.2921453738705178e-05,5.5384467497124e-05,4.078239865771741e-05,0.0001097844055885746,8.151516462414561e-05,4.666141085139994e-05,3.466249402547177e-05,1.6703201611540775e-05,1.3063149809632397e-05,9.00803871757885e-05,6.750553080516999e-05
41231,0,3.0398330577815907e-05,2.050104424186969e-05,1.656529547622418e-05,1.1219544360736374e-05,2.9388776497444926e-05,2.0617750887256337e-05,8.71954793130615e-05,6.384028428214313e-05,0.0001807369837769539,0.00013132450739472107,6.166664849682644e-05,4.9741413059985965e-05,4.068377291719534e-05,2.6979807382597096e-05,8.815343180664825e-05,6.079665905289718e-05
41284,0,3.06947177666197e-05,1.899195087909884e-05,1.827280247799379e-05,1.223537292727531e-05,3.1572452372565644e-05,2.1856513382135616e-05,8.35592029248485e-05,5.982230403394955e-05,0.00017069178786016762,0.00011929138662599488,5.476711046305128e-05,4.2302981588104685e-05,5.1707721660097035e-05,3.3398217855946405e-05,8.720394921294837e-05,5.2467812210441337e-05
41342,0,1.8215403723625014e-05,8.611057326843104e-06,1.372502964765117e-05,8.068240508626357e-06,1.8085295021843283e-05,9.925178009266128e-06,3.358271508851638e-05,2.1452805935295308e-05,5.3101447986973674e-05,3.506137887630782e-05,1.93822794965487e-05,1.4123544280680315e-05,4.193879253101231e-05,2.617843388893803e-05,6.144556418532685e-05,2.9058261326972765e-05
41394,0,1.1895631394308333e-05,7.519322873479221e-06,8.303763822174592e-06,6.480355563375345e-06,1.1208161547895507e-05,7.974253961928363e-06,1.8672582924769266e-05,1.3157889109814354e-05,2.8020333339569068e-05,1.650391146562751e-05,1.384589821045997e-05,9.32671525502117e-06,3.280077624350066e-05,2.6521524109593113e-05,8.028142567168708e-05,5.285716213061008e-05
41447,0,1.238549938687875e-05,9.010654121636514e-06,1.2040818329928888e-05,1.0540876273156528e-05,1.45930856502825e-05,1.2291623274853678e-05,1.412817531549622e-05,1.0833869338029748e-05,2.1838519711690004e-05,1.1806106128478127e-05,1.2247032035072894e-05,7.912871159141456e-06,2.2603385944895143e-05,1.7143499765913198e-05,8.10807071499756e-05,5.4541766450889184e-05
41498,0,8.224521384635083e-06,6.775764017804965e-06,1.8272360844766614e-05,1.5045913189753236e-05,1.8983290998455246e-05,1.4171276215417902e-05,7.633030415043739e-06,5.755068281541731e-06,1.0516947731977461e-05,5.498853760070268e-06,7.834197580437488e-06,5.595960272615284e-06,9.276602267312149e-06,7.3986186060227485e-06,2.3048452848884405e-05,1.5171241200016165e-05
41551,0,1.1544862403998703e-05,9.162690648319823e-06,2.016539597748382e-05,1.63251700098036e-05,2.8268131263965244e-05,2.13138877773024e-05,1.204479058604461e-05,8.494669605865578e-06,1.0206847247763819e-05,7.074106953681453e-06,7.792037766869125e-06,5.476731210782431e-06,7.858289113323778e-06,5.964797665427984e-06,1.415791704522157e-05,9.566388296498268e-06
41603,0,1.168580713219747e-05,9.158923288774802e-06,1.4603451815367704e-05,1.11873125721789e-05,2.4383318572904097e-05,1.6411165588775316e-05,1.3300414647758662e-05,9.495841456339795e-06,9.500528337441716e-06,6.840046010527411e-06,6.594450732442852e-06,5.3573393553820306e-06,8.252565615683925e-06,7.08401914295906e-06,7.846520252311987e-06,5.58222104019145e-06
41654,0,8.912116893343978e-06,6.856248164843503e-06,1.019584265171353e-05,7.694507128482563e-06,1.028573280064466e-05,7.0326842281988795e-06,8.798848487662064e-06,5.318713352106442e-06,5.9622377565618814e-06,3.971852084777309e-06,6.4143988562017565e-06,5.21463337086538e-06,8.49382288254184e-06,7.749425170984328e-06,4.078953002144828e-06,2.9831877522877105e-06
41706,0,1.0137812951376687e-05,7.398821394083514e-06,1.4066579813452061e-05,1.0591235257327927e-05,9.741959678253012e-06,6.689767586302237e-06,8.682747702747452e-06,5.728988926681704e-06,8.693856458142668e-06,5.676761465885042e-06,6.200724640167712e-06,5.000184142382877e-06,5.729040405353196e-06,4.534896579215687e-06,4.083172221505895e-06,3.1593268419583075e-06
41757,0,7.67700636432248e-06,3.984170453184401e-06,1.3020254702022674e-05,8.967779429004034e-06,1.3518833133375589e-05,9.188785225363722e-06,7.96919176163916e-06,5.590844857233363e-06,1.040767038960482e-05,7.663008250822444e-06,7.2473559241610735e-06,6.0574044521567226e-06,5.157012319193143e-06,3.836208208602904e-06,4.175559958739845e-06,3.1713180480454152e-06
41812,0,4.920310409700607e-06,2.8780466972005136e-06,9.960139580097492e-06,7.258706479462525e-06,1.5298399139694527e-05,1.045644904968948e-05,6.153773342773632e-06,4.6662005207937415e-06,8.19359472473842e-06,5.745716052554719e-06,8.113405494091756e-06,6.95742733289251e-06,5.820170710299866e-06,4.438584195404308e-06,6.670648892680586e-06,5.01597131534936e-06
41869,0,6.65501412904068e-06,4.869062594823352e-06,9.386291232611093e-06,7.0124162146192714e-06,1.1095827181242117e-05,7.972744230374359e-06,5.1131805081932705e-06,3.56737101107663e-06,4.415976631755373e-06,3.4339688826478024e-06,5.761992781182171e-06,4.527649689560135e-06,4.656843880034522e-06,3.5289220054636085e-06,6.203246683848548e-06,4.033238069724836e-06
41921,0,1.0389610783779822e-05,8.183474729167645e-06,9.520932070518847e-06,6.828095302021102e-06,1.43019003291682e-05,1.1483072545526027e-05,7.871905744797494e-06,5.3765033157759e-06,5.203110046831092e-06,4.113497508934628e-06,4.01128731482203e-06,3.273482308415293e-06,3.738854876296867e-06,2.934045099460668e-06,5.114151409994849e-06,3.664113298221945e-06
41989,0,1.0509362781971851e-05,8.333270531927892e-06,1.1681909887468659e-05,8.528588153870806e-06,1.4410574494365885e-05,1.1010138141737435e-05,1.02629356595905e-05,8.161936343481888e-06,5.3387583147484525e-06,3.964824307275215e-06,6.991200946376508e-06,5.1970824425857735e-06,2.541048637347212e-06,1.9582766598926415e-06,7.203740396090757e-06,5.514974489600294e-06
42040,0,8.073895451186608e-06,6.072359874738664e-06,1.0954763258577657e-05,8.390241607440292e-06,9.126929254384125e-06,6.383050039768921e-06,8.513611275983527e-06,6.423071716672085e-06,5.501488654248516e-06,4.085063419632505e-06,7.854999806786211e-06,6.178751885383386e-06,3.866393458277404e-06,2.8810848121357787e-06,5.466631901776476e-06,3.377853285211534e-06
42093,0,9.873912318037073e-06,7.666754308737973e-06,8.635625431382566e-06,6.995600256999629e-06,1.1029111782914333e-05,7.92922870128939e-06,6.949154866269807e-06,5.305909268408778e-06,6.279412477538676e-06,4.9094732215427325e-06,6.431655207574049e-06,4.850084407558172e-06,4.403483230087196e-06,3.7131980594166425e-06,2.42197603673798e-06,1.8213092966132774e-06
42145,0,9.620467120702983e-06,8.004729443466618e-06,1.3898481782740697e-05,9.398368193636835e-06,1.9830909660444e-05,1.5148111015320287e-05,1.1483747149766613e-05,8.920512977312574e-06,5.9193875005316584e-06,4.86351013969704e-06,8.279592985484863e-06,6.668671547769089e-06,6.569712612469741e-06,5.234656563127097e-06,5.7666086168171936e-06,4.00367353518749e-06
42196,0,6.591871032534105e-06,5.229594282498487e-06,1.676999438541938e-05,1.3104198287244326e-05,2.3801640426214303e-05,1.8535029679780102e-05,1.107698957270337e-05,8.358983988184768e-06,8.210098291514253e-06,7.288394721286723e-06,9.092482220547466e-06,8.195963546589071e-06,8.301440125069357e-06,6.622350385078218e-06,6.6171313218406244e-06,4.766748125943023e-06
42247,0,4.550123779660184e-06,3.5233968273874393e-06,1.2869894481960042e-05,1.1000929615332386e-05,2.1688881183880824e-05,1.7556372120455024e-05,1.0248295745677013e-05,7.911515598893402e-06,9.649330776143789e-06,8.521377089689591e-06,7.15335547411056e-06,5.968298415666479e-06,7.321134446994871e-06,5.601670075585738e-06,4.297066936068032e-06,3.0046923052562124e-06
42298,0,6.610969629512635e-06,4.869917649556959e-06,1.2350318595886064e-05,8.986979482510006e-06,1.638821951798177e-05,1.2314409238740761e-05,1.0132783959089842e-05,7.3912059320082505e-06,7.874410892012658e-06,5.96391855297204e-06,6.185310539879951e-06,4.5518929886755706e-06,5.732340199156803e-06,4.121291259600728e-06,3.23098498210858e-06,2.7435533666048738e-06
42349,0,9.111606505430454e-06,6.719797584003584e-06,1.5380117477963797e-05,1.0761525805396911e-05,9.86767655069729e-06,6.564409344015669e-06,6.048395082952375e-06,3.770222981280704e-06,5.049815074645072e-06,3.26044051550788e-06,5.2608514006922815e-06,3.691925431656405e-06,4.247873887704278e-06,2.9217032358063096e-06,3.133471303658117e-06,2.606579007693081e-06
42401,0,9.717449489196847e-06,7.627350543813992e-06,1.75025652445214e-05,1.3442719135576203e-05,1.427676321067919e-05,1.0256623873963735e-05,7.693222060376798e-06,5.266203665881658e-06,8.992556516457483e-06,5.917779996295505e-06,4.351316551134969e-06,3.317020307470407e-06,5.63570001485679e-06,4.5231547184672475e-06,8.175385697147784e-06,5.914528854718865e-06
42453,0,1.03818274955277e-05,8.39295019743293e-06,2.0524855011861278e-05,1.590811589813572e-05,1.8926662588159755e-05,1.2676691836711086e-05,1.553580303415399e-05,1.1531033853481472e-05,1.1262839602467398e-05,8.798119311304181e-06,6.381374291353353e-06,4.365564037164664e-06,6.269882590839451e-06,5.128273880528351e-06,8.748152643742976e-06,6.811964559907972e-06
42505,0,9.269873163993766e-06,7.121521879694811e-06,1.8310600489785452e-05,1.4012801108793927e-05,1.8901474484256716e-05,1.2577097772286285e-05,1.5036571239201684e-05,1.1034245904727573e-05,8.141365472826777e-06,6.028091244327013e-06,6.953236634071446e-06,5.217779418879732e-06,5.651398429716826e-06,4.207807249507104e-06,4.900762224345751e-06,3.3504925679083926e-06
42557,0,6.754691315008445e-06,5.226042593850696e-06,1.955473981024771e-05,1.4505568888494015e-05,1.468134351611268e-05,1.0556350488663356e-05,8.82926414510824e-06,6.811925395294087e-06,7.4656125211600995e-06,5.754816458688887e-06,5.6096166225189635e-06,4.414423256119581e-06,4.764365917494952e-06,3.476140241337496e-06,3.5867147198284732e-06,2.1694740700906193e-06
42609,0,8.182168427282484e-06,6.537087579974615e-06,1.844679532722795e-05,1.275655131422296e-05,1.1068659325536274e-05,7.651910067521426e-06,8.937861812891107e-06,6.391596869443416e-06,1.0189610638569413e-05,7.711761318985037e-06,4.806501982309438e-06,3.4688788617883228e-06,5.504817118660711e-06,3.937673990131522e-06,2.899642934706614e-06,1.7259744638730748e-06
42660,0,8.7853742296299e-06,6.9928489725119175e-06,1.3508445108720996e-05,1.097545870871955e-05,1.3838537798617461e-05,1.0166857083476115e-05,8.756900103293519e-06,6.597326033405773e-06,9.134259107194997e-06,6.5495474035942155e-06,5.391821847039943e-06,4.431884124214713e-06,6.9608342363314665e-06,5.341109297189981e-06,2.9018029344190185e-06,1.6454747648809548e-06
42713,0,1.1593961183920966e-05,9.129156763913504e-06,1.7536373519370235e-05,1.4680097549103993e-05,1.2322328564259292e-05,9.025572785600592e-06,9.5449730327233e-06,6.885995836767799e-06,5.4760767083816e-06,4.217517066917338e-06,5.835829037396146e-06,4.538038042329547e-06,6.312292836739144e-06,4.902034457797901e-06,3.7086755263374597e-06,2.595965451208946e-06
42764,0,1.1806196287846185e-05,8.67287597556029e-06,1.5662515523135824e-05,1.1283046366783892e-05,1.4239182254295274e-05,9.55987841150432e-06,1.0696547248189063e-05,7.976246265098648e-06,5.4120100659904115e-06,3.556154894087882e-06,5.880866465682669e-06,4.376516011512341e-06,4.568554705667938e-06,3.2121459474462255e-06,8.151467717434753e-06,6.009585351224426e-06
42816,0,7.431104938407465e-06,4.891248082152002e-06,1.0990963616755745e-05,6.589354429081219e-06,1.5153362073646346e-05,9.734880805781117e-06,9.855511496880808e-06,7.917697750664913e-06,6.441381488917073e-06,4.1215924943056965e-06,5.971570619861521e-06,4.927873375706682e-06,2.8875753969444182e-06,1.932832183614662e-06,9.087013615930655e-06,6.478657043501743e-06
42868,0,4.496931911873298e-06,3.414683034261747e-06,1.2498204673863701e-05,8.03545287092297e-06,8.33856652075257e-06,4.571855647853079e-06,6.6145991985052645e-06,4.282512612707645e-06,6.910785700606357e-06,4.605957139207996e-06,5.835905914382484e-06,4.987669741772997e-06,3.4749273474919196e-06,2.4758034205627833e-06,5.875383632466509e-06,3.861671887965716e-06
42919,0,6.9517012151681375e-06,5.387033354593224e-06,1.6578772970356155e-05,1.3161455088461591e-05,8.79952027544079e-06,4.654888822102124e-06,8.066086166750146e-06,5.068309763869534e-06,5.785793447354321e-06,3.861828107846796e-06,5.693256461630694e-06,5.0568667135384915e-06,8.134315357006824e-06,6.547310580823174e-06,8.006282971389606e-06,6.55895064467524e-06
42970,0,1.544841206573993e-05,1.2430165657092618e-05,1.68663424911728e-05,1.4432181858602655e-05,1.438008354588759e-05,8.668855892158195e-06,1.1721839395927006e-05,8.85089769220026e-06,3.4085778862167226e-06,2.646999077405158e-06,5.695174371540474e-06,4.909500839187739e-06,1.0808308858319209e-05,9.33540040815868e-06,1.1324121393988071e-05,9.901585929071694e-06
43021,0,1.634213202534857e-05,1.1635985961985995e-05,1.7020332353938437e-05,1.151757248334104e-05,1.703845932651542e-05,1.1774932660619233e-05,1.0985377798742244e-05,8.37974312796028e-06,3.890983532305355e-06,2.8464949011856093e-06,6.7809768983112395e-06,5.187613717420335e-06,9.438324000455019e-06,7.772470660753562e-06,1.009229355174023e-05,7.499023389551345e-06
43072,0,9.09236003983846e-06,5.159826399063867e-06,1.8075149512141155e-05,1.2791375766396126e-05,1.3565574086113947e-05,9.829026461316528e-06,1.4129964961840567e-05,1.1172160372403609e-05,6.5143594312976835e-06,5.1766691221306535e-06,6.711366521587693e-06,5.253749709584206e-06,6.470506569750857e-06,5.443414472948769e-06,8.965425489586696e-06,6.09209408584029e-06
43125,0,4.544962290718528e-06,3.4679179689294584e-06,2.246989611563624e-05,1.861656647908178e-05,2.2178684625733953e-05,1.5544361809190463e-05,1.811020111431923e-05,1.6560024525801377e-05,8.079868148226057e-06,7.359602852357683e-06,4.533286945607079e-06,3.855849288492683e-06,5.353980161714167e-06,4.145397913900054e-06,7.934997746403232e-06,5.315105805771346e-06
43177,0,6.252847820891697e-06,4.912118077813967e-06,2.5742567704923813e-05,2.1303577006894903e-05,3.287698268822431e-05,2.6276285262956923e-05,2.0350922693748192e-05,1.7678335256549565e-05,1.1390175705807211e-05,9.342626696318907e-06,3.6428562635582444e-06,2.891715406542956e-06,5.657614403357002e-06,4.125794013813631e-06,7.234235622610216e-06,5.558645221297128e-06
43228,0,6.454414747922332e-06,4.933263015465998e-06,1.9526648358882627e-05,1.4415001370157661e-05,2.5681108868380443e-05,1.725497788884341e-05,1.676299662352773e-05,1.1888194567117479e-05,1.0400882128658972e-05,7.5727537574626515e-06,3.314036395676606e-06,2.5593055440565153e-06,3.927272942189802e-06,2.3756491439244414e-06,7.128236552053271e-06,5.942103405711898e-06
43279,0,5.900708660455886e-06,4.017748027826601e-06,1.0663550156075105e-05,7.676076650295746e-06,1.2970321139730593e-05,9.626993671258607e-06,1.007500783414432e-05,7.4226644923824375e-06,6.950507494058248e-06,5.639313364112858e-06,6.275929777987081e-06,4.611264576355617e-06,4.377190157695306e-06,2.536821361184663e-06,5.890535064994455e-06,4.801369164336042e-06
43330,0,6.048191846527618e-06,4.568779773148583e-06,8.175027081624607e-06,5.900687720371923e-06,1.2664100381640516e-05,9.562941728315798e-06,9.889519127338408e-06,7.435679895243418e-06,6.280764822075075e-06,4.24523983602508e-06,7.158547817857658e-06,5.558169710357555e-06,4.28076381288397e-06,2.3906638537872382e-06,5.809644043494013e-06,4.090832621297714e-06
43381,0,1.0029545068366412e-05,7.07989973202563e-06,1.661531329089902e-05,1.0637925726877438e-05,1.9240328354047377e-05,1.267517018291178e-05,9.947124729765245e-06,7.015950739555747e-06,7.245809215891567e-06,4.695181276114302e-06,4.533676520956577e-06,3.0753710136526203e-06,4.911454944573006e-06,3.1087286174065092e-06,7.729349620406499e-06,5.704022971385753e-06
43432,0,1.1228871342997528e-05,8.82368756703384e-06,1.6853284755917874e-05,1.1379842079143603e-05,2.1505827069372012e-05,1.6284590469382016e-05,1.1890269963302355e-05,8.200333421044264e-06,8.369161961864482e-06,6.855646199193036e-06,2.830816119493588e-06,2.171278446548665e-06,6.786881947741435e-06,5.9653444033763856e-06,7.925890402218276e-06,6.256504586954576e-06
43483,0,6.831582975977913e-06,5.61142647199633e-06,1.1335543546404862e-05,8.437559669713432e-06,1.52135601144993e-05,1.2499124574889973e-05,1.072957028098184e-05,7.985240586725888e-06,1.6036639684922566e-05,1.1158679942677776e-05,5.260030332450215e-06,3.864015220675515e-06,7.511231316476857e-06,6.46387002857855e-06,7.774750718781234e-06,5.773245461360874e-06
43534,0,6.08104682458236e-06,4.648769386965522e-06,1.9476730217923757e-05,1.4532668178954509e-05,1.2960066432936347e-05,1.012790017273585e-05,2.8249553643443587e-05,1.8687685494375794e-05,6.306898141103306e-05,4.203059477604417e-05,2.458988423875792e-05,1.581061118836876e-05,1.0833986500412557e-05,9.045514559854446e-06,8.975325420435198e-06,7.113858072054929e-06
43585,0,1.1863500385987136e-05,8.803354313062893e-06,1.8252544504520524e-05,1.2833496422488591e-05,1.6548664751853933e-05,1.1126449463699603e-05,5.5841819361609956e-05,3.542031248199725e-05,0.00010791079304602908,6.524276810165057e-05,4.197503466699388e-05,2.511265121256966e-05,2.1064453372821666e-05,1.2182330048576591e-05,3.854995632021197e-05,2.4322369787671514e-05
43636,0,2.07482859490901e-05,1.6191278141279097e-05,2.163874529097432e-05,1.5440127009234603e-05,1.9579558913541374e-05,1.543857436184346e-05,7.048413637191242e-05,5.527968402148337e-05,0.00013278016858535063,9.801911174277366e-05,8.209367738723508e-05,6.222436704789043e-05,5.098759798778842e-05,3.197755801092989e-05,9.441844152160263e-05,7.488210971380895e-05
43688,0,6.813305957532313e-05,4.769060306405699e-05,3.3871743245833844e-05,2.851664922651923e-05,2.7931247616734423e-05,2.1449498133408116e-05,5.4785110836564785e-05,4.556290691334677e-05,0.00010288415758096416,8.366511542878355e-05,8.873519155487776e-05,7.180545097681738e-05,5.771655731983809e-05,4.279938769981161e-05,0.0001628099562606243,0.00011897410421222578
43739,0,0.0001506487451308977,0.00012062306588145253,0.00018176875201306433,0.0001201998073296369,5.0657847422781794e-05,3.893648825685719e-05,3.756162415085185e-05,3.0033341075258784e-05,4.223556263203413e-05,3.316656221635067e-05,8.727255809856124e-05,6.0814987791570874e-05,8.318693950046462e-05,5.595737457463602e-05,0.00022787635230206373,0.0001566574510297606
43790,0,0.00022765064264558768,0.00019032818364195461,0.00037040852674714815,0.0003060960970414467,8.296160512140621e-05,6.688679151306311e-05,7.26084243972311e-05,6.009321359898014e-05,0.0001268992635815257,9.292144611996995e-05,9.076195162326498e-05,7.120020087231787e-05,9.90157239288239e-05,7.534410513346346e-05,0.0002449113840989409,0.00017783884306597685
43841,0,0.00022961729819346517,0.0001982750084336775,0.00038403852466403554,0.0003222902446494418,8.024164477634849e-05,6.228558553288902e-05,8.382259459076944e-05,7.166368441056243e-05,0.00014375699548212518,0.0001187323520275857,0.00011335445005176914,9.222904816284702e-05,0.0001217633006417132,0.00010518856816085751,0.00018904415599702614,0.00013916801389492694
43892,0,0.0001543590813630379,0.0001272901526422735,0.00024353146746221088,0.0001909343458760495,5.3112607782096965e-05,4.084310129263196e-05,5.7247974837540995e-05,4.3415506329797836e-05,9.284199456022105e-05,7.362096729093598e-05,0.00010911757338690864,8.561455127529977e-05,0.0001372647246103035,0.00012208447667226,0.00012893474702172248,9.937143796311548e-05
43943,0,0.00010192846704541107,7.896656427740047e-05,0.00019763842048055083,0.00015861853053462276,4.3865607026094674e-05,3.292645128883644e-05,6.421169505711868e-05,4.964963902743837e-05,0.00015900214973842074,0.00012465888858628223,0.00010900418210032394,8.856698959229998e-05,0.0001016398746640276,8.289234301240633e-05,0.00012140763461202988,9.626067630562613e-05
43994,0,0.0001519373242769859,0.00011026710976194941,0.000254015873032025,0.00019480286567661472,4.9897165680405024e-05,3.704327272188182e-05,7.466091432861836e-05,6.105886058173413e-05,0.0002016454515542468,0.00016684048002504792,0.00011421444651380354,9.391116570193056e-05,6.588059230095694e-05,4.6981316893127315e-05,0.00020558218699638894,0.00014248898521655062
44046,0,0.00020115958604819675,0.0001611663260307067,0.000275832150511129,0.00020676981551635338,5.537194469624908e-05,4.302055315309216e-05,6.68847514258439e-05,5.2919136025135464e-05,0.00021568785341982537,0.00016548812879400577,9.939391658584966e-05,7.550656237228289e-05,5.738216757404683e-05,3.9417201126859734e-05,0.00020674290297411653,0.00013651554764672474
44097,0,0.00021691802738505112,0.00019297612903458505,0.000226449416237355,0.00017587159632893732,5.492904167243643e-05,4.491387562033904e-05,7.719188709563671e-05,6.159421938401967e-05,0.0001934546448110357,0.00015039263356243462,0.00010808684942836695,8.697543660379874e-05,7.30231845695096e-05,5.208321126333506e-05,0.00010684965343235584,7.462818503430005e-05
44149,0,0.00017307759871159337,0.00013655870193835356,0.00014951034503141354,0.00011719753472483682,4.8847509245424436e-05,3.844022403645197e-05,6.429239421932546e-05,4.854388605910689e-05,0.00012052691281893084,0.00010012347498201301,9.311564790418727e-05,7.757798773059188e-05,9.432398132408079e-05,7.385103641484254e-05,7.300196896352009e-05,4.8750925421285785e-05
44201,0,9.376663382000452e-05,6.651370167946139e-05,0.00013221931429309566,0.00010698694127393343,4.773503651436531e-05,3.43715648210025e-05,7.728969091930466e-05,6.185752888604439e-05,0.00012886705644487583,0.00010738331825356196,0.0001343371429643054,0.00011266990365094116,8.867709450618417e-05,8.055211887274595e-05,7.159979100998702e-05,4.4046182304584255e-05
44252,0,7.283004621120692e-05,5.675666851206679e-05,0.00011818112624187198,8.749915344356055e-05,4.842587032294742e-05,3.5328486737981806e-05,7.494794537942912e-05,5.556728332466979e-05,0.00013134552177937039,0.00010393062073006425,0.0001312759290348486,0.00010201560300002565,6.160444938958636e-05,4.9449964996293994e-05,0.00011673020524718424,7.517351159748689e-05
44303,0,0.00010966618278968,7.438573623291177e-05,0.000148398791233898,0.00010374590417171828,3.5228042498684295e-05,2.7325713364828634e-05,3.497563411493632e-05,2.3141110340540982e-05,0.00010673225973279039,6.951971639395472e-05,7.349569760074407e-05,4.612627923049055e-05,3.190035657717295e-05,2.1818264379268444e-05,0.0001368187124157815,0.00010391551982049635
44354,0,0.00012315917232661542,8.984131529609136e-05,0.00020565165881135706,0.00017165808940438034,5.150029299489457e-05,4.201672314527946e-05,5.623346647141058e-05,4.343239209634581e-05,0.0001275192141269369,9.333862932983428e-05,5.804843905275563e-05,3.8403361003618896e-05,2.2101779019892628e-05,1.707677787743652e-05,0.0001271196279177315,0.00010686824641526942
44407,3,0.00011172645496417176,8.839286398052684e-05,0.00018338952404802893,0.00014583398060900063,4.7678907355344275e-05,3.5316480817969626e-05,6.153014527038673e-05,5.152449675482645e-05,0.0001487379860867942,0.00012189762638975513,4.6509572920063446e-05,3.808372634580321e-05,5.175585441262797e-05,3.494251219477498e-05,0.0001040545141381343,8.630754171488824e-05
44458,3,0.0001297484780884555,9.192850762699314e-05,0.00016797383940425032,0.00012266729108233401,4.326695767656408e-05,2.916119713560924e-05,4.4626113410201195e-05,3.47777277694544e-05,0.00011602566381691642,8.389802075358243e-05,4.0749329130053634e-05,3.127324897704172e-05,7.079173534818002e-05,5.2991508738467126e-05,8.321415336924055e-05,6.300071154810723e-05
44509,3,0.00013239548887424978,9.941269659019311e-05,0.00014833820610028097,0.0001071361617797723,4.786195001598493e-05,3.70372529338622e-05,4.070164554650897e-05,3.319222615313233e-05,9.410637120267767e-05,7.274195348576802e-05,5.839451491969329e-05,4.439980923861324e-05,6.899323883966844e-05,5.2446599931723365e-05,0.00010057973766649373,8.060787160495504e-05
44560,3,0.00012886263945615352,9.501015385666469e-05,0.00017327841533786343,0.00011175192527648745,7.357916719691597e-05,4.417447865447829e-05,5.622235540307039e-05,4.2437526001617155e-05,0.00011437975415731518,9.446926080091649e-05,7.361179953791729e-05,6.503478230897507e-05,5.7271797570176116e-05,4.610256487564545e-05,9.491987869930442e-05,7.34255107951534e-05
44611,3,0.00014567617283631882,0.000115383298580217,0.00023496278406768889,0.0001856781771179301,0.0001047377431846496,8.250157635697975e-05,7.36953636888082e-05,6.127386203530553e-05,0.00015456910089022105,0.0001338659239438325,5.809789902062934e-05,5.141344081680481e-05,4.3798380245884594e-05,3.7140177446553735e-05,5.1335659289064994e-05,3.225427480792601e-05
44663,3,0.0001387622712763296,0.00011774978287135848,0.0002067302244269151,0.00017413741324997153,0.00010130127337684087,8.67479164377541e-05,6.438866153005404e-05,5.568431710871935e-05,0.00015090407074301197,0.00013247196442805312,5.880045659333764e-05,4.7127800414882456e-05,4.753603934748997e-05,4.032834478400263e-05,5.568053702159401e-05,3.891093001566231e-05
44714,3,0.00010310082362353855,7.46403516994133e-05,0.00015538961074641918,0.0001181078296243008,6.7470189218443e-05,4.53469116588783e-05,3.6214209733746954e-05,2.886939392461698e-05,9.607863863354502e-05,7.955568009760434e-05,0.00010310281431246444,7.695787240186097e-05,4.2869825756570265e-05,3.338240376412852e-05,0.00011412876453159842,8.513968283553676e-05
44766,3,0.00010027391019240473,7.725159822307311e-05,0.00012974098792273135,0.0001020044520874132,6.650926802252253e-05,4.0591086251109016e-05,4.693979998329518e-05,3.7765074122852965e-05,9.92832219652908e-05,7.899719315304201e-05,0.00010789185137414512,8.611653249395624e-05,2.5548678587545025e-05,2.0354321390906488e-05,0.00013187896719206492,0.00010515715107614984
44818,3,0.0001258291856452237,0.00010723269079056171,0.00014409674320259888,0.00012552658127984781,8.441409483311886e-05,6.530067886777062e-05,5.497768638821609e-05,5.029524529189346e-05,8.297870394732031e-05,5.983862409837931e-05,7.640226133937317e-05,6.336027843580079e-05,2.096826471464667e-05,1.7217725119701047e-05,8.885646126821703e-05,6.106126299987901e-05
44871,3,0.00012863929860154431,0.00010682164967073572,0.00018474001791991257,0.0001504875997770748,7.053815484719042e-05,5.73037750494756e-05,4.2243056019817144e-05,3.583076044550878e-05,5.0327955206534056e-05,3.5637860042871336e-05,5.983673082557974e-05,4.746873038701378e-05,3.314902815429383e-05,2.5064319272685732e-05,8.280313466974386e-05,5.890671052978479e-05
44922,3,0.00011515851740165122,8.640329832717139e-05,0.0001772897086043099,0.00012871302815573452,5.9666207037412775e-05,4.435593756603202e-05,4.163283515988984e-05,2.819005536991671e-05,5.162578970976271e-05,3.81688414092149e-05,5.11964178033869e-05,3.952452393836427e-05,3.64244004771373e-05,2.784832869513989e-05,9.400221749405677e-05,7.38354247216443e-05
44973,3,9.685424203500135e-05,6.706652110154824e-05,0.00015287864271794262,0.00012585035665031908,5.104213041716448e-05,4.1514701582864784e-05,4.5279319584996946e-05,3.008449545877557e-05,7.049723666460161e-05,4.944387465885105e-05,6.257595253825383e-05,5.003686497920318e-05,3.013600510969137e-05,2.4680869563502493e-05,7.314068855329582e-05,5.419983016859538e-05
45025,3,8.397593454506184e-05,5.942254909718698e-05,0.00014791857757324412,0.00012099958079110999,4.234844863073238e-05,3.5480752949491404e-05,3.1434657484393384e-05,2.378200901639241e-05,6.799648650454838e-05,4.9673174453087884e-05,5.855377040343901e-05,4.893042964990024e-05,2.6480370332313112e-05,2.1897838255038127e-05,6.580302522115534e-05,5.452074444806741e-05
45078,3,7.124883742906382e-05,5.4388208458686987e-05,0.00012078535646032281,8.070046926441987e-05,3.992931966674937e-05,3.260643624322168e-05,2.478326552537601e-05,1.9724976434173272e-05,4.013264792042494e-05,3.2336447430124516e-05,3.750047869877369e-05,2.8898400472072184e-05,2.944493025410499e-05,1.8536256614495688e-05,8.216551284612282e-05,7.275845402085292e-05
45129,3,5.940148842355795e-05,4.73056345940148e-05,7.125526437238558e-05,5.522898525912987e-05,3.698038312085178e-05,3.21876986814465e-05,3.214466337632832e-05,2.388128916309875e-05,5.512632083775319e-05,3.7961628801639824e-05,3.7657192874781246e-05,2.674146591583733e-05,3.5238623686635266e-05,2.5213851307709372e-05,9.836759556317339e-05,8.307788981953163e-05
45180,3,8.931592834407098e-05,6.780115672115069e-05,0.00010655334515520586,8.063153259784246e-05,3.403598985609222e-05,2.3812886798091406e-05,2.878738907589966e-05,2.071400413664869e-05,5.3813564695546476e-05,3.8539014531619545e-05,3.873366552926464e-05,2.918895253332917e-05,2.7591696699949272e-05,2.1192405410134706e-05,8.551689233323256e-05,6.087778267610896e-05
45231,3,8.876203231270237e-05,6.62056705061829e-05,0.00014927157809778376,0.00012099549976236874,4.9052058017614575e-05,2.9620895290450697e-05,5.336953972488121e-05,3.1349728459091965e-05,9.440298006460911e-05,4.995850281189229e-05,6.759196947059615e-05,4.2654800286217824e-05,2.2434922953100325e-05,1.5982486421251565e-05,6.891400205550956e-05,4.984720018047826e-05
45282,3,5.953580104737647e-05,4.380984764661404e-05,0.0001658952319817331,0.0001360179763362107,5.803209491987325e-05,4.301396401045827e-05,5.4068747552338314e-05,3.136173516397266e-05,9.572524281330357e-05,5.1746420840410963e-05,6.886715266198164e-05,4.4827285244121715e-05,2.5903166695300662e-05,2.0838547447368944e-05,9.655193889684421e-05,8.162148531561504e-05
45333,3,0.00012808189072153255,9.400946262687833e-05,0.0002456156321836191,0.00019321076631943925,5.54265671574485e-05,4.6892017367071056e-05,2.6335245095224262e-05,1.895929587812508e-05,7.593921426699686e-05,6.105786764963476e-05,6.658934835022191e-05,5.4438807913722674e-05,6.166770481399055e-05,4.727293062572649e-05,0.00013323669396740831,0.00011045939397024124
45385,3,0.00013475427649045984,0.00010784631181019817,0.0002576555948867625,0.0002069726622207187,4.877986059069432e-05,3.7225102114179976e-05,3.092180761506411e-05,2.331436631807078e-05,8.813255445503225e-05,7.147066041823178e-05,7.14233196300171e-05,5.749506916310408e-05,7.450027465392379e-05,5.6343315908241765e-05,0.00013482862274539147,9.529776022868531e-05
45436,3,0.00012484255780027733,9.406008478906115e-05,0.00016791589293853996,0.00013295556150268872,3.374005538884945e-05,2.1050016456984562e-05,2.2003446750492536e-05,1.4860466504091528e-05,6.49468385564904e-05,4.8322058976814795e-05,4.5126170669898266e-05,3.081328615803824e-05,6.525779526927909e-05,4.695280612814246e-05,0.000125692864253572,9.356790881912337e-05
45489,3,0.00015774486678139167,0.000127638615426076,0.00013699730186330923,0.00011708106563167403,2.5017963682923863e-05,1.734585937819783e-05,1.688521969414016e-05,1.3154116828153657e-05,5.0555734630892895e-05,3.914381087806184e-05,3.344045408986358e-05,2.476388007589004e-05,5.5751426744875265e-05,4.117809972077043e-05,0.00018139884215111343,0.00014131319852189316
45540,3,0.00014196956928464298,0.00011682449764120814,0.00011643233659969512,9.489204298572925e-05,3.0700991800820034e-05,2.0224592271884858e-05,2.3645313030628692e-05,1.6651342281781992e-05,5.403736638755386e-05,4.0345740822571115e-05,3.4770666751012834e-05,2.7653862332629024e-05,4.346622095995245e-05,3.231660169931637e-05,0.0001689783016533467,0.0001203130227271544
45591,3,9.971080194826221e-05,7.416777233757036e-05,6.843953192830281e-05,5.818985018972585e-05,3.069642050111358e-05,2.0122868042685486e-05,3.440922038136198e-05,2.1904038483388655e-05,0.00010240958272427105,6.289871085138223e-05,3.734421947689214e-05,2.7525560769075284e-05,4.046448709855874e-05,3.259981107645626e-05,8.423648407551705e-05,6.509951992942381e-05
45643,3,8.520446159830069e-05,5.845902645549975e-05,8.955591050249503e-05,7.43120487563304e-05,2.6231566109731853e-05,1.9036969671812536e-05,5.6555464322072676e-05,3.998812178166066e-05,0.00017920289769467686,0.00012332087385083602,4.8497767390463125e-05,3.876794295003005e-05,4.1489404500271774e-05,3.401910483060272e-05,6.594019936389229e-05,4.932454150825343e-05
45694,3,0.0001220379334122501,8.001210202136937e-05,0.00013415531767800378,0.00011127059429456375,4.0138234282962545e-05,2.7257218860263517e-05,6.087259860939779e-05,4.6831314270126435e-05,0.00016537073344043593,0.00011995696235150774,4.9468905309306505e-05,4.440407704963179e-05,4.222694577659412e-05,3.644857291585173e-05,6.340728443337617e-05,4.624728547725996e-05
45745,3,0.00012864018301501573,9.403274352504426e-05,0.000120000582488307,9.436989417418221e-05,4.345648340341684e-05,3.290430590657339e-05,4.574846085922953e-05,3.807694354596084e-05,7.236403505334255e-05,5.8612637099438425e-05,5.273118787610958e-05,4.623271220523637e-05,6.562946451544987e-05,5.7364575237239015e-05,7.237923731312604e-05,5.0095087229189936e-05
45796,3,8.405704301470576e-05,6.0902723700466884e-05,9.226162444009824e-05,8.087892276117951e-05,3.694915540420545e-05,3.086737908306485e-05,2.9721744608236298e-05,2.5183514153212704e-05,4.0950866126520656e-05,3.061854370581978e-05,5.763815648332852e-05,5.065417235739841e-05,6.554093002328623e-05,5.666801846229358e-05,6.467329452077548e-05,3.963363539484739e-05
45847,3,7.415723264332712e-05,5.1469503600422355e-05,8.436539704740741e-05,6.754619463560331e-05,3.369194240457709e-05,2.6157112696676373e-05,2.039631145889642e-05,1.6784639931682335e-05,3.720271406225676e-05,2.6524272899824675e-05,5.2935589681063616e-05,4.230806463187797e-05,3.831038512559653e-05,2.6294313518869065e-05,8.132509628800036e-05,5.567635863401169e-05
45899,3,0.00010028157664371632,7.652091311354858e-05,9.753681987049923e-05,6.780550064378643e-05,3.9305278319024915e-05,3.0099325802534386e-05,3.070161004122991e-05,2.3920332032294306e-05,5.030192612173248e-05,4.076386549874799e-05,6.215849070038756e-05,4.155727411347867e-05,3.819520949938501e-05,2.36283768542128e-05,0.00010786223182449223,7.807791570510135e-05
45950,3,0.00011902607875964468,9.273698579227283e-05,0.00014985347138888374,0.00012249363873537787,5.0854594117361344e-05,4.2514462766052854e-05,4.0251288963410964e-05,3.400858776181833e-05,7.69692625148073e-05,5.971696984539031e-05,7.921753468667846e-05,6.152825259189056e-05,4.739485077776399e-05,3.3750056008644005e-05,8.496651753174347e-05,5.221407453002039e-05
46001,3,0.00012409334151532495,9.775155665767882e-05,0.00017121239173279024,0.0001454783880653387,5.76484704676633e-05,4.803554966276144e-05,3.4980360985585256e-05,2.8760511672192503e-05,8.327959759633987e-05,6.813138074662466e-05,8.271107390422313e-05,7.259115605455912e-05,5.4999911853987445e-05,4.358528982621365e-05,4.652293118702613e-05,3.258976392941516e-05
46052,3,0.00012390867195225227,9.953517636609683e-05,0.00016995292907812063,0.0001298323345822302,4.5837192392665935e-05,3.549916705300492e-05,2.712156576327116e-05,2.126795977590263e-05,8.192864860504687e-05,7.028859793767771e-05,6.821344549038746e-05,5.7396681322101334e-05,4.962146331047682e-05,4.433533725416787e-05,9.23666835123445e-05,6.749281213510081e-05
46103,3,0.0001130532356905374,9.365287365864493e-05,0.00012276660520704516,7.898200151028204e-05,2.6520223588877803e-05,2.4172117032789535e-05,4.274713630711758e-05,3.3895418327268537e-05,0.000116450406751691,9.810897703316888e-05,9.175285150532262e-05,7.511938793657919e-05,6.633336825831635e-05,5.165965879986808e-05,0.00010832356219440202,8.432073784961685e-05
46154,3,7.820449491880857e-05,6.455509663956295e-05,7.741483210898415e-05,6.051393093021384e-05,2.050348042255315e-05,1.7024043762960464e-05,3.867517745759258e-05,2.748005950872323e-05,0.00010067901882790479,7.352860871204648e-05,8.71824722438951e-05,6.599617853016168e-05,6.508230266697796e-05,4.688234459555995e-05,9.09004714293448e-05,7.52703123850196e-05
46205,3,9.195789113956924e-05,7.021535043659235e-05,0.0001228419365213552,9.157028534261818e-05,3.535828398539807e-05,2.309599679734724e-05,2.2210280558417118e-05,1.6606229250983736e-05,5.737415030804741e-05,4.780973740547387e-05,5.478180348641884e-05,3.968521834052268e-05,6.750391575490505e-05,4.645247973657475e-05,0.00013940611862274397,0.00011188999768732994
46257,3,0.00013090213032648554,0.00011159669067439315,0.00013206661268441963,0.00010434796999567956,3.874272925479143e-05,2.6868585171099488e-05,2.8154204475336052e-05,2.416090045509004e-05,5.8700007782686744e-05,4.9513008391626e-05,4.970125489435788e-05,3.515561413863732e-05,7.733607273990753e-05,6.107473386353075e-05,0.00017105351545246907,0.0001517022151408097
46309,0,0.0001086447596152236,8.365288518228242e-05,8.80566423359271e-05,6.328289198799963e-05,2.839103147073277e-05,2.0677352678429252e-05,3.454678204062129e-05,2.674836056675638e-05,8.055899545304437e-05,5.730398688931714e-05,5.011731403844913e-05,3.486224420348712e-05,5.646424517997695e-05,4.8686550739312636e-05,0.00013752723193919504,0.00011699665508635674
46361,0,6.0607871146097585e-05,4.6985190573350786e-05,8.126067160642425e-05,5.462599697682763e-05,2.220296779069312e-05,1.516071173630128e-05,2.873992904759741e-05,1.776350670364109e-05,8.10011132049026e-05,5.968123751717354e-05,5.992671043278012e-05,4.572592595858001e-05,5.2266466746703384e-05,4.3678384923306355e-05,9.934586106285066e-05,6.456354987053314e-05
46414,0,9.09445989901572e-05,7.280197254872627e-05,8.587075530766766e-05,6.365581890237912e-05,3.0026376915266085e-05,1.9179117460583693e-05,2.0735052615058724e-05,1.5696490901785564e-05,4.973185406755708e-05,4.046528204822642e-05,4.271878784247556e-05,3.307992786610989e-05,5.413288443685962e-05,4.4727476180211006e-05,7.147140593236226e-05,4.137784626630169e-05
46466,0,0.00010471746108582641,7.921270554464837e-05,6.130114488144712e-05,4.5026569039580246e-05,6.532285828231548e-05,5.096555005584184e-05,3.6048408100746445e-05,3.089208088903081e-05,7.332695380077563e-05,6.218724860999951e-05,5.140353190086799e-05,3.981811457843879e-05,6.264047662730926e-05,5.421183434371612e-05,6.525451926311595e-05,4.6053092258855186e-05
46517,0,0.00013713277493049465,0.00010201663356006855,8.81467119795282e-05,6.641783770014975e-05,6.0910353259700156e-05,4.554973059603503e-05,3.8591574401284624e-05,3.2745882603586176e-05,7.673421890482944e-05,6.343281803272585e-05,6.079180946120969e-05,4.810862770020346e-05,6.870530137422202e-05,5.977636758547949e-05,0.00010485186356386945,7.03320178518059e-05
46568,0,0.00012802592649904714,9.48835213311999e-05,8.684984131111715e-05,6.454449402880946e-05,2.3816331594474156e-05,1.6056546529883487e-05,2.7592557426515902e-05,1.8192083831914424e-05,6.148335885337023e-05,4.2503869730378675e-05,5.47732104695037e-05,3.9754036128985734e-05,5.3146074337330924e-05,3.8556839213239735e-05,0.00010784936506484476,6.658204050458914e-05
46619,0,7.664552824677261e-05,5.690345801684968e-05,0.00010787220352400997,6.914785314366511e-05,5.0010424146603274e-05,3.315669603291045e-05,3.516553493195353e-05,1.858906231988778e-05,7.775236213796799e-05,5.37153282888583e-05,6.615162986868143e-05,4.9103037937033446e-05,3.463240867090832e-05,2.442131999762619e-05,0.00010257191288832576,7.243564622091171e-05
46671,0,9.115035030396875e-05,7.265596211065794e-05,0.0001226862130185943,9.122005069929674e-05,5.204622945434942e-05,4.103637238322408e-05,4.107758787038364e-05,2.835254382868578e-05,8.526705553060583e-05,6.3436435162215e-05,5.6802173712596285e-05,4.032312937391471e-05,2.5831353210575768e-05,2.23503241553269e-05,0.00010355230934668019,8.780725593819784e-05
46723,0,0.0001607142954484509,0.00013130359120963465,9.297390237018149e-05,7.442789724322893e-05,3.301396031759717e-05,2.7370635768121455e-05,3.347787616362502e-05,2.6255856483425173e-05,8.252607061151395e-05,6.197893320497843e-05,3.949112018762599e-05,2.8871904878327025e-05,4.1134192765305376e-05,3.130474615619507e-05,8.53626022971518e-05,7.652597003369663e-05
46776,0,0.0001762658676108731,0.00014832449701127003,8.586864855044426e-05,6.661315903805221e-05,4.060404889265249e-05,3.3042045821579725e-05,2.8030455312302873e-05,2.2595654980742314e-05,9.10510928528762e-05,7.20046056459707e-05,4.6498760833737484e-05,3.594210313208116e-05,5.538704739165025e-05,4.281194489997532e-05,6.304383535311857e-05,4.717204345926499e-05
46827,0,0.00011039001630538107,8.483234593547208e-05,6.707007291597504e-05,4.7213627490525696e-05,3.4591675340749545e-05,2.6975206681098463e-05,3.423362919319608e-05,2.821251367986686e-05,0.00010401359905925401,8.570472442723968e-05,4.9606379912627825e-05,3.9774195449123204e-05,4.6321852046328396e-05,3.28086859979842e-05,5.3001581217799315e-05,3.681240442911535e-05
46878,0,5.5272954895335806e-05,4.2673362649907475e-05,8.31285265971463e-05,4.970038094463368e-05,2.7398649683818897e-05,2.0921918096212466e-05,3.136715699856259e-05,2.301354803975433e-05,9.167037900944012e-05,6.874109846686301e-05,4.4609622091278866e-05,3.152264300298816e-05,3.30152624501792e-05,2.392720748538832e-05,8.780876448421076e-05,6.397036815343528e-05
46930,0,5.639104432862427e-05,4.5905921984600274e-05,0.00011241322318967774,7.922111675252465e-05,3.358771986172505e-05,2.4157022378546444e-05,1.655016671009797e-05,1.2506517336963575e-05,5.2850945792644496e-05,3.9168030312940934e-05,3.0268192464915047e-05,2.367577693702007e-05,2.909147821637973e-05,2.077561005108799e-05,9.145906791567519e-05,6.573151199436376e-05
46982,0,4.688724481762291e-05,3.890212920715228e-05,8.792302757959545e-05,6.334739511338919e-05,2.5580489921274714e-05,1.5440985554226325e-05,1.2113568697247803e-05,8.654499027779942e-06,2.8400286121908155e-05,2.343670236102488e-05,2.500637387770132e-05,2.333943867757472e-05,1.5216132629394302e-05,8.716399478476448e-06,5.351824629084343e-05,3.5078682367882385e-05
47034,0,3.130101300870824e-05,2.3035598469686994e-05,4.878705704091981e-05,3.695063957531952e-05,1.7263713099462452e-05,1.2805651316816146e-05,6.869287033698673e-06,5.7935403626883525e-06,1.7380120616036886e-05,1.528172995380261e-05,1.7743998799752506e-05,1.4678355469443002e-05,3.5619857042555915e-06,2.69982420111207e-06,1.973947521623591e-05,1.546009692505589e-05
47086,0,2.8197722583316544e-05,2.247023755793292e-05,5.024773257520761e-05,4.0902246693076654e-05,4.653970655650575e-05,3.717881216474345e-05,3.171204520250554e-05,2.3383157622665374e-05,1.5384725654748784e-05,1.3288812654252826e-05,8.468948811006902e-06,6.902320564424007e-06,6.596586076816155e-06,4.842474187981739e-06,2.096262098576005e-05,1.766598454785161e-05
47140,0,2.7061580447067053e-05,2.0748514753015893e-05,5.475124012711055e-05,4.5575547381852827e-05,5.9656493159562875e-05,5.199826929292352e-05,4.308214171535803e-05,3.562764088245346e-05,1.3013753681498652e-05,1.1243932091750638e-05,6.525848847921102e-06,5.3701330890570076e-06,7.095251469430621e-06,5.274928482195807e-06,2.134229203561838e-05,1.7424103055490436e-05
47192,0,1.9941932521395658e-05,1.3909100461878788e-05,4.124961670022201e-05,2.9747090409171958e-05,5.1668957354685016e-05,4.092781855843641e-05,3.7423610129405044e-05,2.7287985651613386e-05,1.710614052144521e-05,1.308635114089798e-05,7.432765975400051e-06,5.595795034865993e-06,6.300698151481836e-06,4.35918401687103e-06,1.3910902007968808e-05,1.0457766233621005e-05
47244,0,1.3744920044363689e-05,1.0580724266553599e-05,2.350806471993427e-05,1.5988822309191775e-05,3.5073995607803314e-05,2.584049121040206e-05,2.4006924033998098e-05,1.5824249937433654e-05,1.3898719296151228e-05,8.74782629331939e-06,7.365215611590011e-06,5.737621079668865e-06,7.110747563104186e-06,5.448576170642637e-06,7.884398056981405e-06,6.833964486880152e-06
47296,0,1.0929346083058465e-05,7.695243119000299e-06,2.2111112275550984e-05,1.4531304409488854e-05,2.0107032613793755e-05,1.5448257174737078e-05,1.8827715085254256e-05,1.255808879536154e-05,5.713513191270756e-06,4.327380357843077e-06,6.904178759077952e-06,5.847390178242002e-06,5.766689958836165e-06,4.573359934584659e-06,8.626480033526894e-06,6.953051201640057e-06
47349,0,9.368122170911543e-06,5.471438657575686e-06,2.3514486372286456e-05,1.6566950730876537e-05,1.9097473004061415e-05,1.4195695508373837e-05,1.768535414685054e-05,1.0645641051958094e-05,5.546829356944389e-06,3.595514930995503e-06,5.947176831675816e-06,4.287862668205913e-06,4.411676199605639e-06,3.5615554243917896e-06,8.507759472728816e-06,6.692752126727657e-06
47403,0,7.745170531089192e-06,5.406216966895794e-06,1.79501607275608e-05,1.4793685852491408e-05,1.6494443093377424e-05,1.3774784053444686e-05,1.0382964010714377e-05,8.05574934481656e-06,3.217835695028675e-06,2.167522699798233e-06,4.693174618916693e-06,3.309801734615897e-06,3.205764696266695e-06,2.3894000588033294e-06,7.105120498932653e-06,5.947575303274936e-06
47454,0,8.66108016257031e-06,6.3413855073350735e-06,1.6501196044667564e-05,1.4071688845133154e-05,2.2621100874211364e-05,1.737189774875121e-05,1.2183170760128763e-05,9.20823614947062e-06,3.220018601386339e-06,2.710954896491182e-06,5.2455027799533636e-06,3.6996513683240944e-06,3.0596384546388384e-06,2.3756739205909823e-06,6.233312574146968e-06,5.161953266596713e-06
47505,0,1.0916539300345152e-05,8.044147249006912e-06,1.6821700472284987e-05,1.30900934500581e-05,2.5831767810841617e-05,1.9947963176164928e-05,1.346322903761781e-05,1.035338367887346e-05,1.0877748238971756e-05,7.882057719423347e-06,6.206704024509878e-06,4.574020924881413e-06,7.003397323241768e-06,5.18490688746911e-06,4.768763792849805e-06,3.771232840278163e-06
47556,0,1.1611634728561202e-05,9.092521941504232e-06,1.694626810954994e-05,1.2968458776954255e-05,2.0510217305622185e-05,1.5964013806342905e-05,1.1779182807968507e-05,8.788870087998844e-06,1.1400120482226813e-05,8.630953124095438e-06,5.408754818449618e-06,4.092189894274309e-06,8.004832059668671e-06,6.016984258084608e-06,5.791799870402197e-06,4.698045953180079e-06
47608,0,1.2970549044197073e-05,9.74251805269049e-06,2.6022191853955797e-05,1.9441956624808708e-05,2.1156457568200247e-05,1.6454311614184077e-05,1.1063550239099415e-05,7.808086291481488e-06,9.016998435053757e-06,6.923096360590901e-06,7.835947281035209e-06,5.415071869459776e-06,8.092324728312963e-06,6.078852738273012e-06,7.2617766080630645e-06,6.040980299976267e-06
47659,0,1.2554569418805556e-05,9.15838146498826e-06,2.483264299611889e-05,1.662115431420993e-05,2.158931673520024e-05,1.6680651384000398e-05,1.1641962167222995e-05,8.190130590481877e-06,1.0167340756039845e-05,8.61299777107963e-06,8.288014926775208e-06,6.20526256986201e-06,1.0106896906221147e-05,8.796237730647088e-06,6.383253275761017e-06,4.641551132999713e-06
47711,0,9.030107015537279e-06,7.380805307089498e-06,1.3012964149453297e-05,9.915291830050769e-06,1.7220160626479705e-05,1.2517191515519659e-05,8.143202995999873e-06,6.2236613699455625e-06,7.576790998198382e-06,6.114831442840952e-06,4.489995667372018e-06,3.5436659763373223e-06,1.1411818621783877e-05,1.0316828293016839e-05,5.398821722183321e-06,3.979589433071638e-06
47762,0,1.0614966904794197e-05,9.365985003278807e-06,1.8984198059622237e-05,1.5142518547512717e-05,2.253700755090428e-05,1.6290562683084722e-05,1.0223867294956969e-05,8.157891478948414e-06,5.360092065342516e-06,4.023722234056953e-06,4.048513753763732e-06,3.05355347514563e-06,1.0527357344528543e-05,8.386309671436925e-06,5.952638291152354e-06,4.621127063644514e-06
47813,0,9.287864278725202e-06,6.7066351974921e-06,1.8464362910161495e-05,1.4195532713963894e-05,2.6942378389285593e-05,1.7926585136558504e-05,1.0554934443183389e-05,8.209824337792482e-06,4.216571281266982e-06,3.056166660848568e-06,3.780301165031895e-06,2.792693314678839e-06,8.990860540543004e-06,6.687950591371107e-06,6.566016325199176e-06,4.308435463709255e-06
47864,0,9.278806926372096e-06,5.673172813843345e-06,2.1893400582547116e-05,1.5854343779415875e-05,2.774187259857877e-05,1.7208231472799375e-05,1.0996731817727246e-05,8.605352582078996e-06,5.201007750884099e-06,3.170426291862913e-06,3.819254716927996e-06,2.385065086940075e-06,7.888839123594733e-06,5.463586094365322e-06,7.370608570116236e-06,4.977965706996629e-06
47916,0,1.0731334330357843e-05,7.979233711905334e-06,2.7518489344468144e-05,2.1228524145373372e-05,2.959425649464274e-05,2.247162102964283e-05,1.3289262647217037e-05,1.1452768204314585e-05,6.4224207357303136e-06,4.495707085490678e-06,4.006253331241925e-06,2.7313879338558717e-06,6.491573227380804e-06,4.318827358943872e-06,7.980128017567863e-06,6.581416958956949e-06
47968,0,9.881127335884506e-06,6.714520304264666e-06,3.728588383595681e-05,3.147376715944443e-05,4.020365124234451e-05,3.423698621327147e-05,1.8687604500720052e-05,1.675338365725032e-05,1.0923643475103842e-05,8.123944646544657e-06,5.7251297922453805e-06,4.925061745415083e-06,6.848238660346903e-06,4.838899572251235e-06,8.074754513765078e-06,6.523047444645421e-06
48020,0,8.571892551563915e-06,5.341212018332876e-06,3.578552044713498e-05,3.056061784992227e-05,3.835369447495106e-05,3.233095308519655e-05,2.058196067253744e-05,1.6356330604135262e-05,1.1140758265131077e-05,8.53615566438957e-06,6.5602344222384415e-06,5.612643831332238e-06,7.71965394833428e-06,5.7666072193964335e-06,6.745301502504782e-06,4.965004633428395e-06
48072,0,6.542296736649502e-06,4.252051200496879e-06,1.813687009039885e-05,1.3481262929477949e-05,2.7138627435035558e-05,2.3022502221797316e-05,1.6414928376953163e-05,1.2016763937846799e-05,6.578199738276034e-06,4.825581869838279e-06,5.0192636218724715e-06,3.754280922806282e-06,9.810678086054301e-06,7.99815164236279e-06,5.104964256340585e-06,3.834791892535232e-06
48124,0,4.958818396376768e-06,3.0312510088452883e-06,1.1776289713649064e-05,8.955228285935546e-06,2.0763110646497103e-05,1.592711611675457e-05,1.0542363108257858e-05,7.726476757755857e-06,6.814087425857961e-06,4.658329003464988e-06,3.4527112464638195e-06,2.6331672162185253e-06,9.08722918813773e-06,7.634158587640533e-06,5.330184474447251e-06,3.8097765502420416e-06
48175,0,8.626684215390044e-06,6.109527997632649e-06,1.925612506207874e-05,1.513415274786915e-05,1.3317236405954903e-05,9.351846904244078e-06,8.683248785184143e-06,6.903968365376633e-06,8.085805955897178e-06,6.2009392922797276e-06,4.949800555573244e-06,3.860114502919164e-06,5.304402285881438e-06,4.0654573675860845e-06,7.0137398967393295e-06,5.5197486071966816e-06
48227,0,1.3178008610581759e-05,9.624424867637835e-06,2.7587670885248304e-05,1.958693292861112e-05,2.7380290149123713e-05,1.6205149751007945e-05,1.4275378953934828e-05,1.0617828617194286e-05,9.83537331976765e-06,7.034410188038149e-06,5.778622365720802e-06,4.3778267047278945e-06,4.396717872723731e-06,3.2446951233471482e-06,7.115798763469187e-06,5.185007260690218e-06
48278,0,1.4777872637091889e-05,1.0546872289850708e-05,2.8126802384302594e-05,1.9535703307953883e-05,3.1631478140773315e-05,2.1629484500452767e-05,1.5802497848741282e-05,1.077388968496217e-05,8.088314211004013e-06,4.491706566156591e-06,5.623307289659979e-06,4.121207997257784e-06,5.449452053059502e-06,4.257734453516227e-06,5.7869359850621765e-06,3.7763842098872325e-06
48330,0,1.0577667895253979e-05,7.419328762039912e-06,1.994730843756957e-05,1.5097738688151889e-05,2.1011604802403826e-05,1.4424024457066913e-05,1.4563585751620023e-05,1.1059755014237779e-05,3.719546016783694e-06,2.5633616653160005e-06,4.861320365483551e-06,3.7176242131451957e-06,5.043111672546631e-06,3.7370598859005737e-06,5.425671253032173e-06,4.162312260438063e-06
48381,0,1.0196590482173111e-05,8.279129111065562e-06,1.770211036728006e-05,1.5158956358036014e-05,2.2810674438911728e-05,1.7107484636829102e-05,1.742904442586848e-05,1.5324934919299385e-05,4.178582159544753e-06,3.383406186764359e-06,5.189357557223443e-06,3.791340510537411e-06,4.516431838511056e-06,3.844428442683356e-06,8.103723710174139e-06,6.34802034789675e-06
48434,0,1.2747193612712949e-05,1.146721619470736e-05,2.102993303220493e-05,1.7749815669712643e-05,2.2904278136390102e-05,1.8723850522122735e-05,1.824416342786342e-05,1.6347197767319442e-05,9.787964131838183e-06,6.4251172949977785e-06,7.588401086087821e-06,5.772961057780259e-06,5.062590125483629e-06,4.2971450740548205e-06,7.926709869864466e-06,6.146404266174906e-06
48486,0,1.0754510869533806e-05,9.3360953387091e-06,2.2300487581832883e-05,1.8285355753628245e-05,1.3042154846142596e-05,1.0258439772092558e-05,1.2308790036512538e-05,8.985318745278601e-06,1.1129813070651735e-05,8.219540794545291e-06,6.358207233648116e-06,3.95278069478757e-06,6.919919862456356e-06,5.670585649327729e-06,5.825740613822185e-06,4.327283143800721e-06
48539,0,7.778838511663704e-06,5.575305840735524e-06,1.749221919247188e-05,1.2613627391893931e-05,1.1259489425246396e-05,7.722203909740718e-06,6.623179351878424e-06,4.726837026270469e-06,6.715328256267446e-06,4.976520777861437e-06,2.573478327824442e-06,1.310977338823419e-06,8.327088685566645e-06,6.8071854337607675e-06,8.743270237127413e-06,6.472053634541529e-06
48590,0,5.773501372834852e-06,3.5770911713478293e-06,1.1465907435330663e-05,9.393195348053803e-06,8.891656592330998e-06,6.835838054582839e-06,6.547519584874791e-06,4.589471700050563e-06,6.399153085924373e-06,5.070229347159317e-06,4.537941787378335e-06,3.069360353173887e-06,7.406876423327908e-06,5.55158841582897e-06,7.880787266511236e-06,5.676834257029112e-06
48642,0,6.957003845965553e-06,5.678397279677508e-06,1.82654826351243e-05,1.5092496302123602e-05,1.3612036256363906e-05,9.236387806341745e-06,1.0272778783917765e-05,6.4219869207774006e-06,8.595381396589944e-06,7.982055568005288e-06,5.203004106914327e-06,4.077537507013931e-06,6.109451299887306e-06,4.415482506527173e-06,4.667808224245739e-06,3.83837507815337e-06
48693,0,8.985777462839297e-06,7.849735889935531e-06,2.0627204443052274e-05,1.663355658612416e-05,1.7804242685149555e-05,1.3365517575726737e-05,1.760839929048051e-05,1.325958544399244e-05,7.346935504330382e-06,6.136889607471238e-06,3.832525911734624e-06,3.13316804313626e-06,4.1020301800270446e-06,2.2334671805796973e-06,5.122661120947735e-06,3.7711978851522815e-06
48744,0,9.251465242856047e-06,7.2069241330337566e-06,1.6181939404324867e-05,1.1770958907467559e-05,2.3134015749845705e-05,1.692881550177931e-05,1.8082666495193333e-05,1.4062584464517794e-05,8.35515171421512e-06,6.084885871444675e-06,5.687507254909027e-06,4.3844385656423465e-06,3.428990827733266e-06,1.8150162085595308e-06,4.216422714139304e-06,3.34169050177923e-06
48795,0,8.771730935913837e-06,6.362130875573859e-06,1.201570864815924e-05,7.073243857366997e-06,2.4538859392412012e-05,1.9007040689506817e-05,1.1106541222190727e-05,7.54918995586894e-06,8.479954697659349e-06,6.319538739889832e-06,6.147428502434929e-06,4.910673254854704e-06,5.9875467116241375e-06,4.055618176583476e-06,4.528630607752007e-06,3.826467427383635e-06
48846,0,9.406441490377323e-06,6.053518079334602e-06,1.736555544141081e-05,9.1917066426623e-06,2.6774633135551282e-05,2.138462917366156e-05,1.2363680709464516e-05,7.579654147930743e-06,6.488761429831339e-06,5.4196944445497055e-06,3.897700629434298e-06,3.01452610629157e-06,6.303846165876124e-06,4.924546139435261e-06,4.738361666983141e-06,3.660097564788557e-06
48897,0,7.047129755203741e-06,3.860237449840761e-06,1.8008668738878687e-05,1.1184569269842391e-05,2.914662837075469e-05,2.0462692160063018e-05,1.4741578098245044e-05,1.09404592753447e-05,9.433668693519367e-06,7.2248429618159826e-06,4.914446544678737e-06,3.130111712423355e-06,5.890121126550507e-06,5.048292709133577e-06,5.74453984849864e-06,4.641811431898651e-06
48948,0,4.190791964302179e-06,3.3476184290242706e-06,1.1848150249471125e-05,9.64252615978048e-06,2.8095011997822086e-05,2.0849943834756122e-05,1.3534328222838297e-05,1.1644523275945961e-05,1.3598741033075755e-05,1.0487811020318508e-05,4.7406978578444905e-06,2.692887184600861e-06,5.767720477963219e-06,4.823755605140809e-06,5.639208633972336e-06,4.587650803461865e-06
48999,0,9.403340925085803e-06,7.0442655693454145e-06,1.6917950362240277e-05,1.346656891268425e-05,2.6380234385519804e-05,2.0946881079339004e-05,1.4685731083479599e-05,1.2374791490451908e-05,1.1561477476531993e-05,8.670345898798597e-06,2.16963097494634e-06,1.321129802362314e-06,5.661975965958103e-06,4.9445731353937015e-06,3.5880636773001426e-06,2.8192295618698385e-06
49050,0,9.3808110939697e-06,6.584740918390959e-06,1.7801712928115236e-05,1.384260482935451e-05,1.8364552819666172e-05,1.3098582044692515e-05,1.1981738148858973e-05,9.114883208314816e-06,6.507301441547705e-06,5.197067773371776e-06,4.885465138459258e-06,2.9496738059963886e-06,8.828719297519775e-06,6.63873566979626e-06,6.705090869415981e-06,4.723375172148719e-06
49101,0,7.257528481329657e-06,5.666186165931143e-06,9.875267740363727e-06,6.421983036094087e-06,1.0948855926215979e-05,9.204946642873893e-06,6.381508546167867e-06,4.890547492175897e-06,7.666826946188776e-06,6.195442965571343e-06,6.720924979573305e-06,4.2949609500887e-06,8.34559881970786e-06,5.7088681489141355e-06,7.460113377035674e-06,5.1724148103831375e-06
49152,0,9.801030098202491e-06,8.354240706924592e-06,1.0358307335277607e-05,6.962067157017435e-06,1.651863171364673e-05,1.453735811340851e-05,6.578321861412864e-06,5.345809864329547e-06,9.31869652352611e-06,7.3730154917966395e-06,6.75132841496214e-06,4.679961729893594e-06,4.6456827948336756e-06,3.3184599843558154e-06,5.518429866273007e-06,3.4870853855359638e-06
49203,0,9.284626191299163e-06,7.364812353878392e-06,1.1110980364964133e-05,8.660997727921887e-06,1.6067674701434486e-05,1.305788772522278e-05,9.225050722515845e-06,7.391689177690315e-06,8.509535935562999e-06,6.22266818483251e-06,5.316752093717672e-06,3.8135751152467994e-06,4.991066428298917e-06,3.7930557699561754e-06,7.951314055474503e-06,5.650895786235981e-06
49254,0,6.6629272915734966e-06,5.107878587091518e-06,1.0996939763667422e-05,8.318224910116412e-06,1.367525655295136e-05,9.3593691168316e-06,2.2947253516289395e-05,1.5222437808050854e-05,3.5124579527072996e-05,1.971692659153644e-05,1.4239954302715813e-05,8.684369377909292e-06,8.244034381418125e-06,6.450327438278187e-06,8.57901169395448e-06,6.72006473477755e-06
49305,0,4.492153307837706e-06,3.2972561070003904e-06,1.1837467159532966e-05,8.550219388332321e-06,3.0254774897114285e-05,2.0996705932093797e-05,6.321441383323032e-05,4.275536926003649e-05,0.00010331464413113005,6.889376475535001e-05,4.434265224999638e-05,2.313013854993683e-05,1.7108584452840897e-05,1.1379497761676846e-05,7.584950375360265e-06,5.94969758692452e-06
49357,0,2.3381691817457313e-05,1.1864449103875467e-05,4.230440719250123e-05,2.2234269391043707e-05,8.815131338195846e-05,5.5482389918188024e-05,0.00021836372225457536,0.0001470441513132818,0.00026836235339324345,0.00019078286363316465,0.00014132342986828366,9.553896686242232e-05,6.397840843799274e-05,4.455511091627258e-05,3.801319373452331e-05,2.319167684486943e-05
49408,0,3.839562543352997e-05,2.9045912756971124e-05,6.482405719788186e-05,4.8687803323128575e-05,0.00013474409018141215,9.98444327157103e-05,0.0003062326490109668,0.00022132050901144926,0.0003664827914399817,0.0002680372542564838,0.00017348962785732115,0.00014608294267738693,8.124686696633714e-05,6.898761814887144e-05,5.427957662221608e-05,4.321865576647634e-05
49459,0,4.7790558764793795e-05,4.022713308271692e-05,7.327010672428217e-05,6.204270811106207e-05,0.00014005039450735597,0.00011539113894503983,0.00030105097089616183,0.0002083569785977731,0.000399192547698019,0.00026967425525870856,0.00021483957058194623,0.00016613371757536813,0.00011447203560191742,8.971122623305827e-05,6.535404985397025e-05,5.3296711845165305e-05
49510,0,4.4252124564368385e-05,3.814773508090394e-05,7.426125098969279e-05,6.335627566333257e-05,0.00011971621504403743,0.00010144930955579182,0.00022289696715445796,0.00014894388768738417,0.0003077234530071662,0.0001897951052290744,0.00020117683143438086,0.0001453430643115249,0.00011289304393942373,8.641000668050762e-05,6.142824245612509e-05,5.00995797760576e-05
49561,0,5.5807604404010276e-05,4.319250499345311e-05,0.0001075273591004842,7.708506598387644e-05,0.00020369777453822598,0.00013946343065383203,0.0003511517322886587,0.00024217490334150826,0.0003669408823209182,0.00024513639230816834,0.00023035778088160722,0.00016687896420034275,0.00010428488658960426,7.814704880278364e-05,7.3451737133947e-05,5.7710500792735366e-05
49613,0,6.580385703103507e-05,4.5464940535095936e-05,0.00013401436083764962,8.650452840900973e-05,0.00022226801321007027,0.00014743140796331288,0.0003705171799331311,0.0002711325281918675,0.00043922969780938186,0.00029863569115535864,0.000288572525171148,0.00022361660708123502,0.00013912763152737812,0.00010723567996193497,8.131788544893597e-05,6.007485004204737e-05
49664,0,5.4416893784703525e-05,4.0476419623162806e-05,0.00011995565049090356,8.806572199537114e-05,0.00018735158676772278,0.00014280279658537127,0.00020110986229499307,0.00014118173395240592,0.0003402925320840006,0.0002305368360169892,0.00024734166416091224,0.00018820412172537916,0.00012840227736131722,9.970763080419736e-05,6.233290627824648e-05,4.791211335543379e-05
49715,0,5.0828560475766637e-05,3.989741722698546e-05,9.293328194517435e-05,7.415352126877572e-05,0.00016847471077753237,0.00013244541791560688,0.00016917638001396913,0.0001168534952533873,0.00030444531248542185,0.00022401029532970556,0.00023426096751036203,0.00017482810652519717,9.124181103744292e-05,6.695571827248131e-05,5.11908749085185e-05,4.078978467132656e-05
49766,0,4.4516765930546274e-05,3.081532500462236e-05,7.674461550554887e-05,5.293953336399217e-05,0.00011560751837252334,8.531927759349406e-05,0.0001464593804433415,0.0001081271840386922,0.0002591689047000356,0.0001828441594510842,0.0002479719017834079,0.00018858024584684035,9.186956614862905e-05,6.784572493067621e-05,4.154754960121928e-05,3.108472587239709e-05
49817,0,3.4062508452176785e-05,2.6585151110694985e-05,6.021834694771109e-05,4.578246949442458e-05,0.0001702167483003145,0.00012060927209062451,0.0002551173416134447,0.00017901828050633496,0.0003536621617652015,0.000275405539605366,0.00026892657846636005,0.00021001487807371637,0.00011136861521728865,8.397190987923572e-05,4.856135887110101e-05,3.6013248064917595e-05
49869,0,2.868491095863436e-05,2.2394827009516058e-05,4.112263112424078e-05,3.701183274555023e-05,0.00019799455182791773,0.00015343847489027946,0.0004992465231457642,0.00040459384800758133,0.0004073579656769807,0.00035333628448944653,0.0003327840309923793,0.0002780266892016468,0.00013501063351256863,0.00010930298773346414,5.9536426492269676e-05,4.7329880968907416e-05
49920,0,3.947650762407636e-05,2.9880239219643306e-05,8.45094855676558e-05,6.567021030307153e-05,0.00018832061230459875,0.00015317822200317657,0.000523588333859915,0.00044105536656893643,0.00041725507379908913,0.00035732448626006656,0.00037048179136733476,0.0003239212025871398,0.00013654039865090213,0.00011894186103960984,5.967880533182984e-05,5.205293128735394e-05
49971,0,6.0010462977263694e-05,4.8764487928791205e-05,0.00011548902445589428,9.644333990700128e-05,0.00016314512782737234,0.00012864623589665825,0.000387394161104317,0.0003191838506853532,0.0004985605969207449,0.0004137491407656421,0.00035489205720215896,0.0003076510411804486,0.00012119969689702232,0.00010501054570175218,6.440012612473199e-05,5.5478030514659775e-05
50022,0,6.410925206054987e-05,5.511285494953657e-05,0.0001178110705364104,0.00010271885821050224,0.00012235552009388703,0.00010261998796296558,0.00030456371181586286,0.0002512715129220435,0.00044462220015542,0.0003627845117106738,0.00029139748585260477,0.00024771173872484487,0.00010107643865173663,8.450011261239888e-05,5.7388480766658194e-05,4.644659172108664e-05
50081,0,4.8163015079451034e-05,4.094956712529946e-05,8.709468191044101e-05,6.953589985450211e-05,0.00011001429473046798,9.641784296508322e-05,0.00017697731972037172,0.0001420708938900866,0.0002834549307293871,0.00024243005936225312,0.00018293891975198492,0.00013186848759039925,7.554227628775596e-05,5.7436884462583194e-05,3.9916289308161956e-05,3.082379369797322e-05
50132,0,2.6436799004190124e-05,2.16826812963024e-05,5.7847991988250065e-05,4.600767175360912e-05,7.905600365288917e-05,6.294335549376704e-05,0.0001267162937402625,9.481184647711903e-05,0.0001705330742309708,0.00013883225017233692,0.00010530210319271586,7.13151375787563e-05,8.397829027414478e-05,6.450629640040968e-05,3.736952178582899e-05,2.819236694719784e-05
50184,4,4.296805312459292e-05,2.9494683155370485e-05,7.7748304190305e-05,6.060908908283071e-05,7.255894013947043e-05,4.7425966148432356e-05,0.00022311272637155814,0.0001685300317343764,0.00032492664627408054,0.00022508200461078965,0.00017242494267646284,0.00012652957248811757,8.490136267822302e-05,6.65013984542889e-05,5.2563412961689894e-05,3.838009672298979e-05
50238,4,4.401279335032792e-05,3.112505703933174e-05,6.520885371064293e-05,4.4895909389545346e-05,7.4901017136407e-05,4.373873067826943e-05,0.00023345986293156167,0.0001778332774904163,0.00036426144737131626,0.00029078465017047273,0.0001710800056942595,0.00012023935186121303,6.420431380774162e-05,4.449606743733815e-05,4.8520989418172856e-05,3.209568243909851e-05
50289,4,2.8195485074954474e-05,2.0996729474455586e-05,5.890370953177332e-05,3.8158612879815505e-05,0.00010737042003550572,4.7899649964063226e-05,0.00014555970339479173,9.743673811219434e-05,0.00024290010841088703,0.0001845293785086359,0.00012975491520982472,9.593939236372241e-05,6.158778348585343e-05,4.6041091431589034e-05,2.442327969517548e-05,1.7080679113529642e-05
50340,4,3.502627593978638e-05,2.3376006288964813e-05,6.880665389374618e-05,4.567974005505685e-05,0.0001188487862784064,6.787234718230246e-05,0.00016359128838020897,0.0001126992828532931,0.00023920665006454757,0.0001555355067579056,0.00017400586706406472,0.0001253158068847853,8.435240660733405e-05,6.157354291899402e-05,3.455577896392223e-05,2.164282073300051e-05
50391,4,3.383575785602084e-05,2.230746677976086e-05,6.208053868537552e-05,4.0212458012817465e-05,9.842663446292088e-05,6.067091673564469e-05,0.00020317291160073462,0.00013165205908885274,0.00022035863065868937,0.00014617167223928492,0.0001410800413000387,8.972626519246444e-05,7.488253591998958e-05,5.176510461275167e-05,3.8547909282536895e-05,2.483199025640196e-05
50442,4,3.850213539852115e-05,2.7594773664563776e-05,0.0001017295450099253,6.857938483965688e-05,0.0001990805001916024,0.0001286167853742525,0.0003005455227049908,0.0002185292063586296,0.0002600062792804859,0.0002053300968792323,0.00010892357945309086,8.59712553252181e-05,6.272808339389423e-05,4.895890593152714e-05,3.174627961719567e-05,2.4213870761846342e-05
50493,4,3.5114729108879537e-05,2.2543544680773162e-05,0.00010046081300511227,6.993340179964325e-05,0.00019294771630977854,0.00012921049612367604,0.00028807771826359473,0.00022436739945048785,0.00028662438409543056,0.00021504316063644896,0.00014073013432790922,0.0001004723381065572,6.984367663234579e-05,5.322580293956064e-05,2.3015529916413605e-05,1.8581240073007925e-05
50544,4,2.7432586706930276e-05,1.754005294428295e-05,5.408443359039299e-05,3.9889019569570184e-05,9.973669853583936e-05,7.352036942209757e-05,0.00016648093414085282,0.00013365725305007555,0.0002509617911333488,0.00018162161473438764,0.00014575990734290786,0.0001011196948999555,7.302243077302673e-05,5.669705227705006e-05,3.147352282758526e-05,2.1093642486392873e-05
50595,4,3.64896187474242e-05,2.994548708579136e-05,5.057495304717955e-05,4.067980180153273e-05,9.122952838064951e-05,6.655575987000247e-05,0.0001392633559898276,0.00010974617258017014,0.0002316799603349891,0.0001769537773230155,0.00014611107656638028,0.0001182689757633382,6.838785140393074e-05,5.616362263829482e-05,3.232632494749088e-05,2.21734679803428e-05
50646,4,3.0351063233340613e-05,2.5838146481989843e-05,4.191980700907025e-05,3.483079317848711e-05,7.619825016349066e-05,6.017173069478312e-05,0.0001545459354793178,0.00012117887315379089,0.000177143912711692,0.0001168871380347712,0.00012184468124721853,0.00010163271173548493,5.094032282211301e-05,4.2953138728185556e-05,2.21346452945939e-05,1.7717869095467735e-05
50697,4,3.5691525181141225e-05,2.8907046228190224e-05,6.947711076365497e-05,5.3997754076967174e-05,0.00010496078601327539,8.40510015057868e-05,0.00017984799557725997,0.00014479611595744022,0.00015130268486843236,9.966802313128093e-05,9.752681991324212e-05,8.027357182239047e-05,4.9108068835972144e-05,3.887771113369159e-05,3.09802957740024e-05,2.3083719862840292e-05
50748,4,6.755577014334218e-05,6.0218020049461506e-05,9.20909891434379e-05,8.243942821093638e-05,0.00010090943455495729,7.389553006730606e-05,0.00016020914001406772,0.00012761318542428874,0.00016265697691663608,0.0001251040077913743,0.00010208951782173233,7.432284561406874e-05,6.94002601777217e-05,5.9539692472378796e-05,8.200679982424252e-05,6.584448519269241e-05
50799,4,6.501515398040618e-05,5.0956772157393646e-05,7.282656410166335e-05,5.872966713437504e-05,8.21194670361093e-05,6.123407770462594e-05,0.00012731298637251497,0.00010495718620848416,0.0001654238367746173,0.00013291117110583543,0.00010949210915508299,7.944859498810604e-05,7.041380495838175e-05,5.854219237321338e-05,8.459604781412297e-05,6.470812327398617e-05
50850,4,2.9173365342192368e-05,1.7201548144736852e-05,3.817828578668382e-05,2.7009257606405027e-05,6.454839647187836e-05,4.872706908430368e-05,0.00013061283387249046,0.0001008649568168468,0.00016333014095884128,0.0001314445168425872,0.00010203768244326352,8.219734545814565e-05,4.432939256466094e-05,2.93526588510546e-05,3.51770098860296e-05,1.7091288894267263e-05
50902,4,5.556397983623419e-05,3.893065378688074e-05,0.00010189652210161199,7.092787745308481e-05,0.00017844438443879947,0.00011918594379401404,0.00030532092342040723,0.00022055452436857021,0.0004278299133128521,0.00031152600967157096,0.00017079785394503064,0.0001368095062315499,7.588007686781451e-05,5.528795802545829e-05,4.631150728245545e-05,3.155235771943754e-05
50953,4,6.788078591023203e-05,5.76254594668118e-05,0.00012024734257212506,0.00010010734647192897,0.00020330461358836714,0.00016308622443758736,0.00032003741194421427,0.0002364767736348694,0.00045162719696703314,0.000341065915122591,0.00018337860111441396,0.0001524788096882975,8.71397374909432e-05,6.991692841612566e-05,5.861034394876502e-05,4.6380856432629086e-05
51004,4,4.860194882029956e-05,4.121131968016819e-05,8.59672385373974e-05,7.343866459209113e-05,0.00014490127951189777,0.00012306702875227701,0.0001547887796497527,0.00011434487871267595,0.00020468344354117432,0.00014843473128270672,0.00012593251449102589,0.0001057095692786336,6.010521456348799e-05,4.575862737685163e-05,4.643945929788205e-05,3.479380450246483e-05
51055,4,3.0466018118538218e-05,2.469305856089012e-05,5.6013465318727554e-05,4.293890651408644e-05,0.00010954974794989595,8.254693532347415e-05,9.536347582040482e-05,7.715581520048482e-05,0.0001646994304787653,0.00012603817746994887,0.00015704287351235656,0.00011769034755237755,7.036509760642042e-05,5.266278103222849e-05,4.3593922248715785e-05,3.3853210438999935e-05
51107,4,3.343530074709176e-05,2.3869369036009147e-05,5.0175686629696866e-05,3.472935842560919e-05,6.13038862677373e-05,4.5543510815780775e-05,0.00014694745988432642,0.00010680112077012985,0.00028890715797925715,0.00022337730431489674,0.00019452510284603453,0.00015028308362632597,9.317184503365055e-05,7.339574772612613e-05,5.8149170457156265e-05,4.4229879876519876e-05
51158,4,3.206350454978262e-05,2.1792302330868163e-05,5.107839392441251e-05,3.59858767036318e-05,6.170042181893726e-05,4.661400228124849e-05,0.00016165369909566747,0.00011895249077980741,0.0003114052960648419,0.0002481651416638978,0.00016391730364058438,0.0001180265625139076,7.805835687120555e-05,5.4209087945349295e-05,5.100468267239428e-05,3.457570934055397e-05
51209,4,1.9658388823021327e-05,1.459260575946521e-05,3.5480995702335516e-05,2.772558138526344e-05,5.291020154279819e-05,4.2880242255031725e-05,0.00011414284383709312,8.51875612675147e-05,0.00021820415080529525,0.0001666730313942654,0.00013783309215291672,9.681583132061684e-05,4.96300983144443e-05,3.214844824567738e-05,2.7449710179891847e-05,1.9829992534119122e-05
51261,4,1.8657115468839816e-05,1.3533486677658472e-05,4.339569062005182e-05,3.251142920626246e-05,5.6002391925938986e-05,4.339247156761256e-05,9.903469550846442e-05,7.797445344243214e-05,0.0001537074194874926,0.00011336400231979791,0.00013704399395551305,0.0001033189190555672,4.698600624633608e-05,3.4018661657220575e-05,2.6730334820912915e-05,2.0706623544497385e-05
51312,4,2.0672254641117967e-05,1.4748981104815084e-05,3.74730064542994e-05,2.6076981434444126e-05,5.883315865762329e-05,4.639775919009175e-05,9.833883590070181e-05,7.96155259253713e-05,0.00014407109605695363,0.00011128554979108137,0.00012589237207065007,9.412466046858302e-05,5.6631308486853135e-05,4.150966220755485e-05,3.184822281797685e-05,2.5185163008621257e-05
51363,4,2.1606684616403044e-05,1.544306290414597e-05,4.4378916352793254e-05,2.9283550322418936e-05,6.15938051600496e-05,4.7254409311874784e-05,0.00018700250129286965,0.00013993274907695522,0.0003697845308413529,0.0002696747712100584,0.00023845358740707786,0.00017718233623906774,8.684251458786726e-05,6.735171185049039e-05,3.528555778742593e-05,2.8461451293167605e-05
51414,4,1.406737540519497e-05,1.028493102853767e-05,4.465780922717972e-05,2.8853344485726636e-05,7.259686896064783e-05,5.529111834701244e-05,0.00018487630145918606,0.00012851895699570977,0.00038689410327758845,0.0002897384028638751,0.00023797745638129422,0.0001747770472407357,7.896949984183163e-05,5.975927035783194e-05,2.7703180783661016e-05,2.0323949436925572e-05
51465,4,1.4776494485192985e-05,1.0106742622554492e-05,2.5821904786167814e-05,1.3882837170132656e-05,8.045424831146015e-05,5.894481878641854e-05,8.22358587332126e-05,4.716966804612083e-05,0.00018434696155447772,0.00013596189911074038,0.0001301168321900021,9.432358380308146e-05,5.1908411716585946e-05,3.9431743446907114e-05,2.4980679971111116e-05,1.6155448425704823e-05
51516,4,1.610299932608619e-05,1.1043287999544051e-05,2.1721596153950625e-05,1.0982401109106969e-05,6.934174169462686e-05,4.476270340145706e-05,6.786809381343848e-05,3.338738803670756e-05,0.00011888172509580992,8.5957594825516e-05,9.951032402859211e-05,6.35114303728496e-05,4.6354870490647315e-05,3.1053180135638924e-05,2.3535693420570595e-05,1.4752309102008466e-05
51568,4,1.4740192589668884e-05,1.0745072153844883e-05,1.989833708165867e-05,1.288520639343296e-05,4.672658154002663e-05,3.3936463913479004e-05,7.662043890269577e-05,5.596302811843242e-05,0.00013152326784945207,9.466345399342635e-05,8.865885827135052e-05,5.422646059911066e-05,3.3025185007100314e-05,2.278292094514047e-05,1.6986284330733145e-05,1.0934629790153106e-05
51620,4,2.1454604703752527e-05,1.6744654629995567e-05,4.991373209117926e-05,3.523257358129167e-05,6.188005563343655e-05,4.504905199101341e-05,9.925190052409535e-05,8.748003109093244e-05,0.00021857508679289496,0.00017909688185336267,0.00011822764851094496,9.507528174368626e-05,4.0022789765341074e-05,3.303851980752058e-05,1.7119346250148094e-05,1.2921287826984584e-05
51672,4,3.0250275799339245e-05,2.622163698581566e-05,7.786426585572696e-05,6.67829162656166e-05,0.00010719083272329698,8.57776443021948e-05,9.090183212787015e-05,7.983128691126596e-05,0.00022228202631333432,0.0001898063917097705,0.00011952920651350335,0.0001070617403325271,4.661454026265981e-05,3.876750213688726e-05,1.778296151654613e-05,1.401088032364095e-05
51724,4,2.4358235247029487e-05,1.7276646675304477e-05,6.41757676098578e-05,4.72320453532718e-05,9.758375376346547e-05,7.435013919614236e-05,8.508090890813801e-05,6.37313945645036e-05,0.0002591703742754698,0.0001958162053290863,0.0001445824102477278,0.00011000796099175863,7.3668502308158e-05,5.213602894719274e-05,1.9225666066896787e-05,1.407221476460242e-05
51776,4,1.509489104328617e-05,8.70148985412716e-06,2.4138978553154968e-05,1.8772247520086695e-05,5.6499999084020486e-05,3.659809681251781e-05,7.855204409229675e-05,5.3198063815064996e-05,0.00024836712501712094,0.00017491170412337653,0.00013805904682376394,9.870520648948444e-05,7.039272456195369e-05,4.661808511922853e-05,1.93918204752608e-05,1.4019998292747278e-05
51827,4,1.674070710330698e-05,1.1675081918001563e-05,2.538208462933954e-05,2.08782676507081e-05,6.125819229522934e-05,4.164533553652047e-05,5.527112599462486e-05,4.417098752608834e-05,9.951615840737717e-05,7.442164322761693e-05,6.585838437600245e-05,4.9942318837735494e-05,2.4596957686290645e-05,1.5156687996342158e-05,1.6718952952099235e-05,1.3065098704644008e-05
51878,4,1.0574972915366002e-05,8.176899981727568e-06,2.1596918629959632e-05,1.612140602107321e-05,4.7205092278795024e-05,3.356518891300805e-05,4.423943681896534e-05,3.329044479610308e-05,6.383091368501441e-05,4.63650540282024e-05,5.450742802989895e-05,3.66103412850668e-05,1.4051213155344464e-05,7.000054532703277e-06,1.531930031055011e-05,1.12282073636777e-05
51929,0,2.1109444244414757e-05,1.5808079258314587e-05,3.208572311537858e-05,2.5260078494132833e-05,4.9188769872944736e-05,3.267201474275207e-05,4.707516526872977e-05,2.9462145110065843e-05,5.318996296151286e-05,3.349824196272283e-05,6.191444703709856e-05,3.825904180125756e-05,2.5077244436581592e-05,1.5828528174722368e-05,1.4294772375054777e-05,1.0367873492444614e-05
51981,0,2.8960004945033146e-05,2.4468859949541593e-05,4.122547628388096e-05,3.49946823118809e-05,6.375070750118586e-05,4.74333016083744e-05,0.0001013770528807143,7.560100610822627e-05,0.00012899172444965287,8.374296907539122e-05,7.766794427371574e-05,5.732321863029014e-05,3.958747784994512e-05,3.250135199483469e-05,1.661600031456212e-05,1.358078752781086e-05
52032,0,2.2685864202261396e-05,1.6713299001350484e-05,3.246276170349214e-05,2.3067073203717733e-05,6.62045604925971e-05,5.0869202505477126e-05,0.00010149085600483026,7.698934508759888e-05,0.0001540375039699199,0.0001181071160159267,6.875850722828911e-05,5.355064920661688e-05,3.4650020382463555e-05,2.7249520305281965e-05,1.5732481116474908e-05,1.2822273884855083e-05
52084,0,1.6918943559548663e-05,1.1905025227410217e-05,5.0630052025698767e-05,2.767029992217443e-05,8.446020263008894e-05,5.5307578745743404e-05,5.5502071958677466e-05,3.721280695682745e-05,9.78388068991611e-05,7.01403205628247e-05,4.608394223163267e-05,3.120561897861955e-05,2.7051129002216714e-05,1.7364539552928105e-05,1.618385852505036e-05,1.184063547107105e-05
52135,0,2.225795290202395e-05,1.799392838074538e-05,6.481291441972819e-05,4.382835331480966e-05,0.00010286333773340465,7.175904085709793e-05,4.767571299963861e-05,3.526929502818236e-05,5.2232412788244644e-05,4.454353907606975e-05,4.3083544892630434e-05,2.7913532737643684e-05,2.850763665902677e-05,1.872181322797686e-05,1.7084711376011355e-05,1.2279441166793198e-05
52186,0,1.9339776851839773e-05,1.6092681591948488e-05,5.05402670081613e-05,3.721037048430525e-05,8.310973167149204e-05,5.6118413194799306e-05,7.154041574313677e-05,5.3104642813633735e-05,8.321438839433375e-05,6.529029509229551e-05,7.088300721611564e-05,4.7670768957614905e-05,3.1712431450965663e-05,2.324983747735021e-05,1.53907976236541e-05,1.1164262911415646e-05
52238,0,2.277579584219243e-05,1.594873317891854e-05,4.8214228601044225e-05,3.3438221718459247e-05,7.517968352987903e-05,4.6484417712060603e-05,0.00010955288601866818,7.678112704758294e-05,0.00011105243201081703,8.669494985325387e-05,0.0001404608080457309,9.624616117855969e-05,4.7352479352930454e-05,3.5528664206490606e-05,1.7707846125326913e-05,1.1635522750501851e-05
52289,0,3.918304518865544e-05,2.892606382659574e-05,5.9868796351135646e-05,4.093281727134056e-05,9.035783536814796e-05,6.36704742617599e-05,0.00011134924606679925,8.398242268939971e-05,0.00013235387638509303,0.00010224148461278913,0.0001436042272888421,0.00010024952968095331,5.6456475509008826e-05,4.4045955340456614e-05,2.903271899135553e-05,2.0486946052056115e-05
52340,0,4.053299968814076e-05,3.093653127181263e-05,8.158074651274492e-05,6.132202564889241e-05,0.00013947356106550364,0.00010546235991379407,0.00011062298234332683,9.129304985043167e-05,0.00012683080060638759,0.00010348787707761153,7.667175339491e-05,5.079851892433911e-05,7.110582670550865e-05,5.877996680319141e-05,3.7823848359649715e-05,3.083340918487683e-05
52391,0,3.206014663766085e-05,2.6637422796746197e-05,8.534330120279255e-05,7.080242647497687e-05,0.00013750656588341553,0.00010290954973777787,0.00011165190713327928,8.359633217434802e-05,0.00011208303939663415,8.39831624163136e-05,5.207094578869048e-05,3.7407380232569154e-05,6.344124163449337e-05,4.9589146300438834e-05,3.1200667317993655e-05,2.5052329997273326e-05
52442,0,3.777751833558254e-05,3.3071033177317544e-05,7.778442367100545e-05,6.532413683764076e-05,6.09231772433256e-05,4.090071210446696e-05,0.00010557562161073242,7.826129314310079e-05,0.0001641821806503429,0.00011531499782742209,0.00011146751120535352,8.229593839888995e-05,4.135410148160907e-05,3.3180655044421616e-05,2.004770467570462e-05,1.6476241375541346e-05
52493,0,3.3641929821568575e-05,2.6907238325862177e-05,6.352680526917194e-05,4.850252888944491e-05,3.363798364745149e-05,2.5736577811801595e-05,9.206591470285471e-05,7.226873854751438e-05,0.000181080668221983,0.00014116587430876106,0.00013827227973932564,0.00010557245857583266,4.491119986971818e-05,3.651171083250311e-05,2.3785768958890286e-05,1.9033000520605246e-05
52545,0,2.4944344627509734e-05,1.900381702215417e-05,5.7125457029468476e-05,4.318380261086867e-05,5.535380587046351e-05,4.3114491163901814e-05,0.0001059298519458761,7.56511573850918e-05,0.00022055232194764576,0.00015527270119454833,0.00013712782396149714,0.00010639873571223014,4.714092311922271e-05,3.592616036997225e-05,2.537454164459665e-05,1.9464197553762007e-05
52598,0,2.8253036573685573e-05,1.9797557416011745e-05,5.872414780693563e-05,4.222341544875438e-05,5.992501449227713e-05,4.5484383450363584e-05,0.00010648344054659854,6.911279867264519e-05,0.00020212908405280877,0.00013556774570646965,0.0001465153809887405,0.00010859836552590831,7.002390548740934e-05,5.56634568545069e-05,3.3563568216303664e-05,2.5245440263406277e-05
52650,0,2.8081366601323267e-05,1.9428212887995106e-05,3.643479433764211e-05,2.3469404293698324e-05,4.355673733466227e-05,2.5881813453532213e-05,7.663785405898982e-05,5.4179959356869056e-05,0.0001262334493443701,9.296429929793256e-05,0.00012930019822950472,9.42651261880512e-05,7.186100041693704e-05,5.8371561971818175e-05,4.26228532257675e-05,3.184889911689475e-05
52701,0,2.552413994214907e-05,1.9842753762804307e-05,2.7613249695700305e-05,1.864560439413189e-05,3.454207605300049e-05,2.4039773223589497e-05,7.794670334463826e-05,6.324141203842125e-05,0.000156158671453156,0.00011418013754157967,0.00013210201132270248,0.00010941830784293065,9.349479143336686e-05,7.261407946571867e-05,4.8190825664419184e-05,3.737563432589189e-05
52752,0,1.7517891700568912e-05,1.310861496096083e-05,2.434397507626798e-05,1.6579132343640575e-05,4.1712072735964295e-05,3.0368929387289494e-05,7.732717644376195e-05,6.507641500677866e-05,0.00016520391898645556,0.00013171421643246316,0.00013049470767930813,0.00010468876029342157,9.071435846235744e-05,6.680519277575053e-05,3.9779772351053535e-05,2.8682513332760882e-05
52803,0,1.012003762672894e-05,6.252944918548151e-06,2.1636593965613182e-05,1.1003830063612855e-05,3.409728183263354e-05,1.906479295551352e-05,6.333570119177243e-05,4.3902350045625563e-05,0.00012296652801847957,8.500833102599874e-05,7.121544275941636e-05,4.602998713108392e-05,3.254178213544097e-05,1.9096698244461905e-05,1.6168555822051947e-05,8.025988276982448e-06
52854,0,1.6679524746067444e-05,8.776108168330553e-06,3.612422844121716e-05,1.70955261946633e-05,3.0249045486004087e-05,1.850851321940818e-05,3.400917459168384e-05,2.378477131162204e-05,4.36860936636413e-05,3.171362563915768e-05,1.969189680509008e-05,1.194817668533849e-05,1.3056958953144121e-05,1.0430674361963107e-05,6.954044696705447e-06,4.944137133471948e-06
52905,0,1.7036247576040836e-05,9.516037097868568e-06,3.84199543116636e-05,2.187025423648291e-05,3.6965174993537865e-05,2.6841164571414316e-05,3.111561047385985e-05,2.4145533703899414e-05,2.8923243061791747e-05,1.997406558758789e-05,9.774744062570014e-06,7.668424704205994e-06,1.711917086912498e-05,1.430631952435125e-05,4.25301961849102e-05,2.1705725498111944e-05
52957,0,1.1803836622746123e-05,7.84536107992024e-06,1.82934173640434e-05,1.3068035810250902e-05,2.562670888134314e-05,1.881391450299562e-05,2.0626993812285235e-05,1.4234035110542618e-05,1.6009438969616104e-05,1.0284693211653243e-05,7.5590831851217666e-06,5.9897610141727135e-06,1.2988588151558824e-05,9.111455503048886e-06,4.42091275931266e-05,2.4198895628558294e-05
53008,0,1.5719876139358397e-05,1.2146515018774254e-05,1.404575329785647e-05,1.0331766883792341e-05,3.0316282422930514e-05,2.27157799047668e-05,1.5369102466518094e-05,1.1423429929717472e-05,1.0130575930602108e-05,7.370621891441795e-06,6.9948840219843456e-06,5.598279490120196e-06,4.727830917608995e-06,3.838748253429769e-06,2.0596288004069226e-05,1.5685117603830967e-05
53059,0,1.2440238603628855e-05,9.317863802794261e-06,1.0433364975575881e-05,8.613901963015675e-06,3.619850733755302e-05,2.8981986950474643e-05,1.5492200387133885e-05,1.1705560827384438e-05,8.81405469967123e-06,6.8370604905626075e-06,6.327255999248687e-06,5.092657457492686e-06,9.571073426280635e-06,7.381821754736993e-06,2.0244454571533116e-05,1.661166111186839e-05
53110,0,7.1623205228438715e-06,5.8705191846071525e-06,1.3938162873176186e-05,1.1504181916448768e-05,2.698057637290953e-05,2.1423866586090428e-05,1.0819024498495896e-05,8.986010906902135e-06,8.471817099898712e-06,6.586773288495364e-06,5.362059274708238e-06,4.465089149770171e-06,1.017675027777565e-05,8.083041717070237e-06,1.6833379574324045e-05,1.3587143585936491e-05
53161,0,7.163689246781603e-06,5.6742632160882265e-06,1.487635543049983e-05,1.2480562857635682e-05,1.6377581623038905e-05,1.3045241132081226e-05,1.131077215857293e-05,9.8647887961313e-06,4.594657424827525e-06,3.546157748339597e-06,5.398593883149507e-06,4.588090891169711e-06,7.101796260312516e-06,6.006935987654894e-06,1.0727066418119247e-05,7.495586822121996e-06
53213,0,7.070311710995854e-06,5.538592226624917e-06,9.834911180380836e-06,7.569030078434155e-06,8.42567712375967e-06,5.687523001623392e-06,1.1155285454739194e-05,8.309464807226665e-06,2.4032456181846886e-06,1.7983330218457497e-06,5.415591890883485e-06,4.231159290640027e-06,6.829940624050687e-06,5.8671568538482506e-06,3.252864597726146e-06,2.3092686355549827e-06
53264,0,1.0154594813017823e-05,7.870175126218378e-06,7.845828684956888e-06,5.583967817530088e-06,9.613187940923896e-06,6.346974549299572e-06,1.8076070356610926e-05,1.2537341422619713e-05,5.001875811989073e-06,3.277056660920873e-06,4.631811987384589e-06,3.337399811421541e-06,5.017034211725998e-06,3.637280393633059e-06,4.645820896965424e-06,3.037385100772645e-06
53316,0,1.0297018006541994e-05,7.967359858882974e-06,9.693637315301683e-06,7.304477477701733e-06,1.759305838209259e-05,1.363654814982864e-05,1.8080155904644297e-05,1.3748035043305586e-05,7.093609869295436e-06,5.604795776257631e-06,3.8085598576848314e-06,2.5533838859037323e-06,8.066080766954441e-06,6.1024638479993145e-06,6.116183747026811e-06,3.778094655025671e-06
53368,0,7.722519951802662e-06,6.333679134648458e-06,8.443621748311602e-06,6.650120357653798e-06,2.288563151102318e-05,1.695522034723644e-05,1.5550129348268748e-05,1.1456360003150536e-05,7.949187448889692e-06,6.471367397641476e-06,3.84883244397778e-06,2.6550034342998725e-06,9.666995508873434e-06,8.364740780137478e-06,6.77753196287581e-06,4.459769141248516e-06
53419,0,6.889923146935684e-06,5.702683076468019e-06,8.581446729646523e-06,6.584375735912511e-06,2.273290543250914e-05,1.6131928694416174e-05,1.5110473922485475e-05,1.0557885318850682e-05,6.616499385223867e-06,4.877519346297082e-06,6.866898472638385e-06,5.226276870636366e-06,6.971446623608364e-06,5.36187793184263e-06,6.205742871915135e-06,4.872830122041348e-06
53471,0,8.573130442635469e-06,6.96562338177989e-06,2.5220444999837867e-05,1.8155408529799804e-05,3.7858950463728266e-05,2.855382304515145e-05,1.2220031782884152e-05,9.393772958906582e-06,5.555808376458837e-06,3.7875337057915425e-06,6.712222067044366e-06,4.867329907970768e-06,5.730116746329626e-06,4.1949998083979155e-06,5.643994198218567e-06,4.408330565803269e-06
53524,0,8.82064302522197e-06,6.9434494357518105e-06,2.5562138988815818e-05,1.884873424972554e-05,3.795242437512322e-05,2.6781999844417455e-05,1.6078724766474976e-05,1.0675508892800224e-05,6.658608119187582e-06,4.4980738539816046e-06,4.750212306507469e-06,2.546828712284028e-06,5.50834841351097e-06,4.058769499075712e-06,4.982647183571928e-06,3.4247669090233133e-06
53575,0,7.806733712288208e-06,5.699459648212885e-06,1.0748573564413495e-05,8.566197291615108e-06,1.7864721180409747e-05,1.1195463392400905e-05,1.4824926194199808e-05,9.621960101762404e-06,6.5399276059275755e-06,4.802666391001103e-06,4.8045940948935305e-06,2.9933836684140353e-06,5.766204701888268e-06,4.372674821416431e-06,7.19160639482456e-06,4.7432125612788245e-06
53626,0,1.1152934180760195e-05,9.090280303936972e-06,1.1314806534651494e-05,8.24890782763028e-06,1.921116713088364e-05,1.5187429015720077e-05,1.2075756130668097e-05,9.444081020486005e-06,6.509368467746476e-06,5.256156439221527e-06,5.076229117729219e-06,4.060281494913235e-06,8.890218941903107e-06,6.6819387210510326e-06,7.453166698423715e-06,4.947495841589943e-06
53678,0,9.79477418605955e-06,7.402646827554044e-06,2.011912629961601e-05,1.5455925934203036e-05,2.3247740992732542e-05,1.991323734338879e-05,1.7344741428595607e-05,1.4049995187110712e-05,1.029099616662666e-05,7.592884330819555e-06,6.640434745395019e-06,5.004430313156123e-06,8.218752098764665e-06,6.063262475241104e-06,4.165403314274243e-06,2.815799720864625e-06
53730,0,4.302081826753331e-06,3.3690056507059086e-06,1.997221972843236e-05,1.572569686840798e-05,1.890041339585977e-05,1.5056938745360396e-05,1.8224689504490684e-05,1.5726484157140274e-05,1.329307961728497e-05,1.0629369760194612e-05,6.3453427169499055e-06,4.8283555182424725e-06,7.284379849710798e-06,5.5224976001939865e-06,6.346485685855141e-06,4.744950007053459e-06
53783,0,4.34389218527426e-06,3.60249811980624e-06,1.2689635663000827e-05,8.845624513170401e-06,1.5592048075241253e-05,1.1657860465695167e-05,1.8286796274079304e-05,1.535589262782811e-05,1.5635920792915906e-05,1.3122022630809267e-05,6.1104934875944324e-06,4.7303827916485295e-06,7.711429351226789e-06,6.2510718470488655e-06,6.976705303248609e-06,5.210615834748064e-06
53836,0,7.779362081921923e-06,6.69226702319845e-06,1.2755106658464074e-05,9.62616046717399e-06,1.9696843543001986e-05,1.5548675836326187e-05,1.6895658709574252e-05,1.3845075914484961e-05,1.3233250151114178e-05,1.0055482642851845e-05,7.0977926432305214e-06,5.296984261987963e-06,6.590361910954718e-06,6.17201201204208e-06,5.537571577202095e-06,4.388120289998207e-06
53890,0,8.39729780152779e-06,7.473023458589107e-06,1.1929034253765301e-05,8.001435954830214e-06,2.0265919919929125e-05,1.6228345849041806e-05,8.101130179817056e-06,5.524528510231929e-06,6.866058531114322e-06,4.59644037085375e-06,5.6591014834066336e-06,3.7670388041877074e-06,5.428206506694423e-06,4.283064737623671e-06,5.277902583316447e-06,4.604861094668674e-06
53942,0,5.228931084611757e-06,3.894110260445929e-06,9.692283030748032e-06,5.909785728305045e-06,1.7164866594746446e-05,1.417737913879295e-05,3.7797255044143056e-06,2.122103880273511e-06,7.261404634719574e-06,5.238706452933758e-06,4.961464503635211e-06,3.7286056855396103e-06,2.920631520639409e-06,2.102827629424677e-06,3.884184815921252e-06,2.8103781794313816e-06
53993,0,6.040630000924362e-06,4.326693712992714e-06,1.0081869931690405e-05,7.42519899250341e-06,1.885218972558452e-05,1.544318156205508e-05,5.52152372221818e-06,3.6066620114206794e-06,5.892844225348904e-06,4.234087061900618e-06,4.9903023784111145e-06,3.981763498718604e-06,4.371450302370114e-06,3.4266386280923294e-06,4.949905560964942e-06,2.651935817184171e-06
54044,0,1.0657823333164014e-05,8.276256151323571e-06,1.8307848922536393e-05,1.2482702422884526e-05,2.262393009392411e-05,1.6577669129825113e-05,1.1074717516646874e-05,7.239779051162323e-06,4.627317908315375e-06,2.236540210056706e-06,8.881280751862823e-06,6.193127021876773e-06,9.959092704676323e-06,7.825496733312485e-06,9.044427214846233e-06,6.366117588571083e-06
54096,0,1.2808845802975557e-05,1.0952479001873105e-05,2.0112899599523804e-05,1.5861387020711322e-05,1.869653364727973e-05,1.3749084229101956e-05,1.2420545108961362e-05,8.979802301704639e-06,5.815340937672391e-06,3.73898991757213e-06,9.200422650762043e-06,6.852242166683156e-06,1.1508919098919058e-05,1.0187971647450726e-05,1.0233379970720283e-05,7.327894816369894e-06
54148,0,1.1847693446440352e-05,9.694515361115732e-06,1.7212127669156135e-05,1.540083818981936e-05,1.0648152627389987e-05,8.69142415805473e-06,1.0303124591554346e-05,7.5465055721465265e-06,6.611586188431058e-06,4.691282121861325e-06,4.892660915687636e-06,3.414879166027121e-06,8.817368801800865e-06,7.68185223881408e-06,7.413784552136263e-06,4.761237383816561e-06
54199,0,1.1711115436679079e-05,8.995157641048423e-06,1.5312323261539527e-05,1.2757444091966009e-05,1.0525616782557198e-05,7.042964880063363e-06,8.297030066640436e-06,5.4089472595214754e-06,5.550496182077389e-06,3.745540698460182e-06,5.289911842504489e-06,3.6741644914107326e-06,6.4989938500119485e-06,4.994393602685775e-06,3.7860413864035572e-06,3.05841493354621e-06
54250,0,9.5616894444404e-06,7.111373138186003e-06,1.0918006432985012e-05,8.76062240062379e-06,1.4779584431946011e-05,1.0941074202525637e-05,8.1554261551125e-06,5.9429558268496886e-06,3.5175189992290337e-06,3.195966649060701e-06,8.910727311121595e-06,7.077272844771423e-06,4.695216480295281e-06,3.4289096565619913e-06,4.1119365440925705e-06,3.5216007506224594e-06
54301,0,7.4018265743447645e-06,5.622690253452275e-06,1.3405785613518327e-05,1.0014344352164473e-05,1.908215209440508e-05,1.5504460651395686e-05,7.737985999822566e-06,5.7445292891620235e-06,5.238984924987475e-06,4.564965165529749e-06,8.32431519670147e-06,5.911251293339381e-06,5.252289521575969e-06,3.850656204177714e-06,8.07861067635327e-06,6.876479820991081e-06
54353,0,7.924400525571355e-06,6.312638367371141e-06,1.527879162739289e-05,1.1787565156687592e-05,1.974194508056803e-05,1.449169450135756e-05,6.275884068986091e-06,4.845533230774824e-06,8.62661915680811e-06,7.512545514453309e-06,3.428080248146215e-06,2.1346163189592584e-06,4.534321928422138e-06,3.1651699714891215e-06,9.063687620536924e-06,7.714099346884988e-06
54404,0,1.6997294057856685e-05,1.134105665317829e-05,2.4741784590637013e-05,1.884071501460601e-05,3.7872934774428564e-05,2.627880990256546e-05,2.4407655758427748e-05,1.5758547988102304e-05,1.1265105685879271e-05,9.14225510593748e-06,5.414680301730643e-06,3.5978706928241816e-06,7.819594923654937e-06,5.493838358431095e-06,7.181810541203915e-06,5.840295539724617e-06
54456,0,1.664025783067194e-05,1.0639887249602397e-05,2.4618524308116255e-05,1.8386759617551172e-05,3.6542300621922074e-05,2.4629638987037362e-05,2.544754612032954e-05,1.7710957778719394e-05,9.2402436198906e-06,6.193066204470784e-06,5.297974901223021e-06,3.3774019275813153e-06,8.547603718316863e-06,6.6576000088385055e-06,5.184026290020997e-06,3.858665432270787e-06
54508,0,7.0723508544404945e-06,5.1052238273330694e-06,2.0210700388424677e-05,1.55493226262184e-05,2.444522452109958e-05,1.6088410464595763e-05,1.5379755668730735e-05,1.138336313075619e-05,6.960170693170946e-06,4.446176071382719e-06,4.3611398428137335e-06,2.706298373880612e-06,5.203837126371938e-06,4.217802627782235e-06,4.4493049085336565e-06,3.6587293117086938e-06
54559,0,7.491258449154716e-06,5.395453373774065e-06,2.171595000878937e-05,1.6583429236929814e-05,3.108192295019824e-05,2.3299069022028254e-05,1.4806259985362767e-05,1.0394714200722476e-05,6.44461147378366e-06,3.840054449743979e-06,6.529495878014013e-06,4.671259336014317e-06,5.421850032434883e-06,4.710969970327112e-06,6.188029064086807e-06,4.9829600660684125e-06
54612,0,4.767485894766159e-06,3.552135699043791e-06,1.3149146304936516e-05,8.86580874637359e-06,2.387876703853475e-05,1.8943873546069042e-05,9.767721049198422e-06,6.758002468714758e-06,3.4292344587793237e-06,2.7560574620737243e-06,8.569715462181893e-06,6.964588256215516e-06,7.438848393314454e-06,6.66262365689084e-06,9.254596985738082e-06,7.501647260900226e-06
54664,0,5.248843233068383e-06,3.616271886483608e-06,8.147409418495832e-06,6.874711477964506e-06,1.4750648210182407e-05,1.2252079255628836e-05,8.372695621164261e-06,6.003577320282035e-06,6.283848904603486e-06,4.833821302556863e-06,8.876776753337937e-06,7.399415286430938e-06,8.212552034569324e-06,6.332866464909728e-06,9.79885885433559e-06,7.5632708267497655e-06
54716,0,6.487473075747582e-06,4.99695834159064e-06,9.169041010408246e-06,7.146932686858912e-06,1.2918885798489667e-05,8.826860848328097e-06,7.927598663493404e-06,5.915903462409254e-06,7.0603232790816474e-06,5.130970993350993e-06,7.893871890041775e-06,6.190780599586597e-06,5.992957172511143e-06,3.35938711684365e-06,8.191061917573995e-06,5.968078036053384e-06
54769,0,6.619404110153966e-06,4.777759317967021e-06,8.085069766624267e-06,5.950851447752816e-06,1.0294095134638335e-05,7.560741078408435e-06,5.7973756562302595e-06,4.150880464444368e-06,5.142369722219809e-06,3.69237867558035e-06,6.307893479805937e-06,4.702529186596297e-06,3.3409856771971112e-06,2.445306654490519e-06,6.912800372590982e-06,5.639832076451964e-06
54820,0,7.902630197352122e-06,5.856434765299549e-06,6.447932860613625e-06,5.05847426783409e-06,1.0503179156348945e-05,8.539447559070468e-06,5.214118104414886e-06,3.303022459831089e-06,4.031928801573671e-06,3.131741756341367e-06,4.35517636011965e-06,3.4075580649254023e-06,2.195510019665456e-06,1.5575682617387642e-06,5.969039753366655e-06,4.64706757189675e-06
54871,0,9.265542456266892e-06,7.341751139134645e-06,9.961084622447174e-06,6.6498501277116115e-06,1.5140495720218849e-05,9.924265234017719e-06,1.0972514428513557e-05,7.423234965345556e-06,6.295038266210195e-06,4.692223421641906e-06,5.0790736699778185e-06,3.530463303334871e-06,2.744084211480189e-06,1.6323279090920684e-06,7.467486723162435e-06,5.639395943813059e-06
54922,0,9.513800813686851e-06,7.307461649367797e-06,1.5798425001924055e-05,1.20727573697953e-05,2.3090354273088876e-05,1.5366192383885574e-05,1.8075883468150713e-05,1.3389763798717978e-05,9.447139628357304e-06,7.130514350625321e-06,5.654830752452536e-06,3.899454468682936e-06,5.993496937924657e-06,4.660813956641294e-06,8.059362139231751e-06,6.245997278203481e-06
54974,0,9.866040435530578e-06,8.195867517306169e-06,2.0438189698358204e-05,1.763729665839873e-05,4.503427855128783e-05,3.474583036528586e-05,3.087176835856151e-05,2.415722618018099e-05,3.185001795823115e-05,1.8158583891738282e-05,9.529197267985768e-06,4.6025594936428964e-06,1.1272154436237304e-05,7.738753821740687e-06,7.257693109773801e-06,5.632360190562104e-06
55026,0,1.3264757114530392e-05,1.119944555527032e-05,4.506196158472195e-05,3.597919527064416e-05,9.520854326063204e-05,7.482205487626413e-05,5.921552911749148e-05,4.4011361811374395e-05,6.803915418372878e-05,4.466949024871786e-05,3.99601611373451e-05,2.35662531026966e-05,2.426652088036846e-05,1.6588899408755258e-05,1.0934138607485179e-05,8.037974843732716e-06
55080,0,2.673426113759018e-05,1.8769084942686476e-05,7.284829605176106e-05,5.995987457772658e-05,0.0001549265390785762,0.00011718544089984522,0.00014432720415424562,8.760170299395897e-05,0.00015188176273474776,9.71061879502326e-05,9.30640509879554e-05,6.552928854584254e-05,4.683260021008911e-05,3.311407663334669e-05,2.4674230729126124e-05,1.482929211243793e-05
55131,0,4.572571418820495e-05,3.7560647335209795e-05,0.00011064749327460542,8.391021037657166e-05,0.0002403736692272832,0.00017605708950880428,0.00020391594428097843,0.00014143903965601465,0.00023040488951422245,0.00017477169622865326,0.00016864628168886364,0.0001300378336148954,6.985580482862383e-05,5.0794526324342205e-05,4.121975761872486e-05,3.0214909969952887e-05
55182,0,5.413493265656976e-05,4.7887773981922136e-05,0.0001391748493939195,0.00010843010960777146,0.0002859212927630649,0.00021867131531943737,0.00018200672302168098,0.00013108320302221503,0.000244646944484054,0.00017661707825670153,0.00018610168104426093,0.0001402136258135851,8.109516167103349e-05,5.8030254328630975e-05,4.90867988896991e-05,4.034588245148583e-05
55233,0,4.453646229359066e-05,3.473976422846998e-05,0.00011970687551336651,8.74193172681015e-05,0.0002466777353844045,0.00016856003994016562,0.00013061436091284942,0.00010491958405105993,0.00023440775783375143,0.00017653330046742978,0.00012866795628789992,8.85985105106917e-05,6.23363357056195e-05,4.1526778515806504e-05,4.1603993831825464e-05,3.2321553425752224e-05
55285,0,5.057792143116585e-05,3.6610157025924365e-05,0.00015879992946630524,0.0001079036148662537,0.0002756485153872295,0.00019619115444157817,0.0003269272816597516,0.0002410257035196899,0.00024197845674621098,0.00021448822765954934,0.00013437631019597062,9.843523517043913e-05,5.027700747456568e-05,3.629328288965049e-05,3.460333312303819e-05,2.6965517224015425e-05
55336,0,5.172668132122296e-05,3.8658745940463534e-05,0.00018366995173519577,0.00013467485448686526,0.0002876128390790726,0.00021637693002021912,0.0003815508982330902,0.0002921196870478425,0.00022144871669192712,0.00017905927196842198,0.00016139077471908798,0.00012277453505379703,6.309034313366136e-05,4.7489952518929344e-05,3.502024384055661e-05,2.732381248531207e-05
55389,0,2.894892680159821e-05,2.1709945127034576e-05,0.00013198149125233504,9.33488491463033e-05,0.00023637477861360967,0.00016585875252888657,0.0002526317625496733,0.00018566455082754445,0.000211515573283356,0.00017216638143965752,0.00011673099730397482,8.385803452386767e-05,5.402949646830963e-05,4.312333514008804e-05,4.176825923092025e-05,3.523554438537856e-05
55440,0,1.9293922153605043e-05,1.4959305869258165e-05,9.874766000598405e-05,7.65852419695383e-05,0.00023517625363315416,0.00017352382749503758,0.00018935736794397704,0.00015777936966088524,0.0001928854301697241,0.000153442322061814,7.233692462378716e-05,5.477584445757387e-05,4.8389044236455286e-05,3.7966620216617825e-05,3.86876937142426e-05,3.0185163596902555e-05
55491,0,2.2017690373672166e-05,1.7546795464888526e-05,8.00879969652743e-05,5.9613849371784684e-05,0.00019243567534556462,0.0001346428131424581,0.00018441968782327708,0.0001507134526484498,0.0001262853304417068,9.10152934715179e-05,0.00013662435755825453,9.714827718842057e-05,7.189343321921129e-05,5.3498188530966814e-05,2.9679571005479446e-05,2.1788940771019303e-05
55542,0,3.4204186925440356e-05,2.1464125939848082e-05,7.945828875554149e-05,4.842555578590311e-05,0.00013653294084962323,7.621091084732769e-05,0.00016673498145335688,0.00011576776353028096,0.00012338980629203537,9.864433315885617e-05,0.00013854513284989795,9.93899972164695e-05,6.716417405807971e-05,4.766558875587627e-05,3.331653097550974e-05,2.4168548925601062e-05
55593,0,3.215578925336974e-05,1.7590201439599453e-05,8.411919781710418e-05,5.5282926320534e-05,0.00011415267006522942,6.923890229752698e-05,0.00013409517684066295,8.451389734660874e-05,0.0001826746136567321,0.00013647649664914825,8.32362900696673e-05,6.347192896085085e-05,4.2739298671755885e-05,3.3500851332110074e-05,2.9142194366726323e-05,2.0044615379352388e-05
55645,0,2.3088772934460027e-05,1.5291576816843503e-05,7.671124163853536e-05,5.821324095970823e-05,9.4574238458554e-05,7.455942200991471e-05,0.00014898044393846623,0.0001086271975773814,0.0002465003422923564,0.0001646848900023807,9.635410170902807e-05,6.31486822852677e-05,4.6557663108984926e-05,3.362381807554911e-05,2.7058977586194857e-05,1.7635178237925565e-05
55696,0,4.673615039628681e-05,3.466135506577143e-05,0.0001374919116822924,0.00010515607711369772,0.00021129966195516613,0.00015238221797741816,0.000298515561733713,0.00022902267968535176,0.0002993111817949844,0.00022839964917585745,0.00017069104395119703,0.00012472206620322575,6.771310885176585e-05,4.7609884316584096e-05,3.8363039233082696e-05,2.6623859135414072e-05
55748,0,5.550397565812844e-05,4.7173115957066435e-05,0.00015821772190994357,0.00013080143523405032,0.00024376965051343225,0.00019859360373266122,0.00028867595395033573,0.0002179224084876186,0.00025401233675923705,0.0002095211796746255,0.00015828899300986986,0.00011810916509100305,7.164158296381749e-05,5.5766223049316e-05,5.9751458587542504e-05,4.6269630227596225e-05
55799,0,3.9628463487462935e-05,3.183931372371625e-05,0.00010205022847902116,7.479336642331465e-05,0.00015489843795992497,0.00011133839735186986,0.00013967846839503466,0.00010532058832949664,0.00016441191824264592,0.00013319805125364635,8.653839863226224e-05,6.546617041936631e-05,4.9952054881990844e-05,3.883480981739694e-05,5.4554870704555696e-05,4.082144092668797e-05
55851,0,2.0623694075459005e-05,1.700639678324869e-05,3.569122599101852e-05,2.5741155715548077e-05,7.534835582855083e-05,4.148414697262402e-05,0.00011145109651586312,7.870673182071922e-05,0.00014502715762150314,0.00010926342701762867,0.00011226106944320894,9.160112940140346e-05,4.860304301962926e-05,4.0098899253845895e-05,2.4340531454797617e-05,1.9050728455207514e-05
55905,5,1.827153904696006e-05,1.4151844760881874e-05,3.8814971742370853e-05,2.769945042502984e-05,0.00011734812929955495,8.538693659423516e-05,0.00021762816354653852,0.00016415498344963153,0.00020505137213856404,0.00016331555104650842,0.00012991649431793128,0.00011451544458472796,5.241202951538313e-05,4.6115656793952004e-05,1.5821101875212926e-05,1.2339837900065622e-05
55957,5,2.3061163280996794e-05,1.5291312142834437e-05,5.5769832654300355e-05,4.014494538197603e-05,0.00017840200317628782,0.0001524565888846686,0.00023632188828160284,0.00019461014083825177,0.0002296709799932978,0.00018081151198485345,0.00014660840768401272,0.00011765499421958883,4.7757837929481244e-05,3.8951731138031486e-05,1.6256764045219763e-05,1.2106570403777763e-05
56009,5,2.694009717072609e-05,2.0571479798738033e-05,7.051843749084446e-05,5.240019843438502e-05,0.00017712337030405937,0.000140412101442188,0.00013075877676312178,0.00010103126194501662,0.00023785448530996042,0.00017086115519022852,0.00015700657365237344,0.00010803486069267207,5.9656624372902494e-05,4.103330017038809e-05,1.4922880914974294e-05,1.0264229678396418e-05
56061,5,2.3950069056570632e-05,1.9350210237962276e-05,6.211631738566747e-05,4.7867707478596554e-05,0.0001294831659066634,9.824882900519123e-05,0.00013934701573354766,0.00010759580788476096,0.0002075063752917516,0.00014603971914289437,0.00013007994831608632,8.989247374305981e-05,5.990030155451588e-05,4.22089874346516e-05,1.9799892250183163e-05,1.2128622166676952e-05
56114,5,1.8506517700425764e-05,1.3322100205478517e-05,4.366690426646212e-05,3.520836776680228e-05,7.785096566136915e-05,6.206548884677947e-05,0.00016156472918338146,0.0001289196483795733,0.00012206894483374854,0.00010051064801482511,9.368048561341601e-05,7.594217960591025e-05,6.49277574620311e-05,5.123208347750648e-05,2.8027149608058304e-05,1.940154243101739e-05
56167,5,1.9082673184609414e-05,1.4839383730424594e-05,4.827899077147203e-05,4.079017659407238e-05,6.189875714617374e-05,4.963275703421263e-05,0.00011950939707813429,9.162431310690844e-05,0.0001127027826480258,9.098617493849323e-05,8.104180919736216e-05,6.149254251070324e-05,5.914200075297043e-05,4.3409689753370336e-05,2.3156850679867815e-05,1.547017936324455e-05
56219,5,1.927096108966326e-05,1.5282073540139317e-05,5.547501661057581e-05,4.7480737718061694e-05,6.020611704381606e-05,4.773768044368268e-05,9.884441698570979e-05,7.769961880540091e-05,6.108038504872972e-05,5.080150709670323e-05,4.57366152804319e-05,3.554960750638564e-05,2.324445289063572e-05,1.857900985815998e-05,1.308780702580286e-05,1.0121472490761362e-05
56271,5,1.8902354372834563e-05,1.5191928376345886e-05,6.503494907842443e-05,5.574530919683555e-05,7.178847287490637e-05,5.7832974591877014e-05,0.0001159274306865543,7.734946531359329e-05,8.031116524964239e-05,4.932978019138291e-05,4.8943811876091856e-05,3.454738878995372e-05,2.5786350797442073e-05,2.088694847912684e-05,1.7009186394620403e-05,1.4326709435997752e-05
56323,5,1.6550994496770527e-05,1.3686085786190376e-05,7.899121299409384e-05,6.498427722003557e-05,7.641752229506735e-05,6.0526243452135705e-05,0.00013471898191673039,0.0001042733436512028,0.00012148705934242419,9.059870300904758e-05,5.990360508239302e-05,4.47779459094975e-05,3.254404892740677e-05,2.633111627279406e-05,1.6754390786853746e-05,1.3973869435327954e-05
56376,5,1.3932970368040203e-05,1.1456466352088298e-05,7.429655146923938e-05,5.750767511531226e-05,6.351035325432047e-05,5.0898425254252364e-05,0.00015704416118769886,0.00014254285084662705,0.0001409961081088137,0.00011550496951378133,6.176404751100514e-05,4.446275077123831e-05,3.7760655666306104e-05,2.8695295218009664e-05,2.04565103663583e-05,1.6646582423196588e-05
56429,5,2.3586372340788885e-05,1.656903335062319e-05,7.050407041214145e-05,5.310199653999898e-05,9.260188325303662e-05,7.214832520313485e-05,0.00017761543595587104,0.00014022433984656565,0.00021889837811234203,0.00015004595101234233,7.724581991968653e-05,5.093843105419715e-05,4.299232940174284e-05,2.9465917029033903e-05,2.4142120751003425e-05,1.8948505520043505e-05
56481,5,4.548567787377379e-05,3.378782082640024e-05,8.475595369574825e-05,7.152369605375147e-05,0.0001050111668984997,8.460811910170268e-05,0.00019072508885176865,0.00013368496176283942,0.00027282392840078507,0.0001813948775216269,0.00010175569547364591,7.490515157900837e-05,5.54649025997439e-05,4.2173363718186047e-05,3.4286757009766704e-05,2.639304187760261e-05
56534,5,4.2012702657089506e-05,2.9491851321072627e-05,6.858939067226597e-05,5.731712929830627e-05,0.0001045522748629039,8.409974940427739e-05,0.00015749736098287577,0.00010972301039131802,0.00019567122773009261,0.00010889778998117763,9.232856079985163e-05,6.749716306925639e-05,4.7365564340610326e-05,3.527314318448591e-05,3.1431036220970685e-05,2.348234271255948e-05
56589,5,1.4477835979455876e-05,1.1070812763527896e-05,3.3603422417034026e-05,2.5999263571065533e-05,0.00010242124891732122,8.122626331636235e-05,0.0001204046180995549,9.53370728640456e-05,7.028921045377282e-05,5.190527245017533e-05,6.723776190077025e-05,5.533175622657544e-05,2.789801072677088e-05,2.3047721564890827e-05,1.7898707478988778e-05,1.3701565665094424e-05
56641,5,1.816211012484636e-05,1.0519696649591349e-05,3.123204686472419e-05,2.048556353768743e-05,9.400985350029842e-05,6.924389569331447e-05,0.00015638972849505142,0.00011155348461626665,9.569023974581868e-05,6.62728839183377e-05,6.856970064465997e-05,6.030852069815993e-05,2.8247652555760705e-05,2.2339099922652554e-05,2.041123019160117e-05,1.3888122832590944e-05
56693,5,1.7004928810371014e-05,9.021748305243074e-06,3.59197031496041e-05,2.641126671491359e-05,8.489682706857107e-05,6.179706142276227e-05,0.00014709983233187525,0.0001022313380729129,0.00011439221828733546,8.983882566814028e-05,6.591693275487972e-05,4.928548769955904e-05,2.1924866932120078e-05,1.5080941429831808e-05,1.4778000814525108e-05,8.185697198138703e-06
56745,5,6.074394963441412e-06,4.846879548630532e-06,2.4547992614178905e-05,1.9441505770989213e-05,5.938035958057868e-05,4.819267884786328e-05,7.868278607560596e-05,6.106680792550276e-05,0.00014101587714218417,0.00011649371547105065,6.393839127183771e-05,4.552949073566046e-05,2.434397312389585e-05,1.7614388397310595e-05,1.9136701428406847e-05,1.1984492417912534e-05
56798,5,1.8273810180748484e-05,1.10114544661265e-05,2.9653939709796436e-05,2.2236047085304753e-05,5.291997949815523e-05,3.946877076483381e-05,4.996225267474247e-05,3.6522772448432204e-05,0.00013047738811796473,0.00010354896011407862,6.72121075809273e-05,5.143233893442327e-05,2.4984848126117615e-05,1.9167811339185107e-05,2.30325622610132e-05,1.7041266038068753e-05
56851,5,3.368063534872623e-05,2.4837745210000675e-05,5.508348698489154e-05,4.5003291171197304e-05,6.979054126463185e-05,5.160326681972444e-05,7.446154316712318e-05,5.150170239765073e-05,0.00010831030558218565,8.812210895390592e-05,7.614657918563437e-05,5.899010094942105e-05,3.3974622112584345e-05,2.5259632339922174e-05,2.405539702713672e-05,1.8986581423939306e-05
56903,5,2.9404840037767152e-05,1.9042259111610814e-05,5.050580208283243e-05,3.4711263704641945e-05,7.144305622031772e-05,5.1869891916307535e-05,8.790166323580396e-05,6.475411950170275e-05,9.33787948773493e-05,6.81253113550746e-05,9.971153234367941e-05,7.647908622876259e-05,3.643648850232508e-05,2.741621497749404e-05,2.4065113355401587e-05,1.9249664335123837e-05
56956,5,2.072365413530334e-05,1.4851935623716307e-05,3.0096179279654427e-05,2.2989967362722444e-05,6.414994616355392e-05,4.363625776755457e-05,7.585284588612325e-05,5.530989492811792e-05,7.435993942470744e-05,5.6436364045764535e-05,8.498152874358679e-05,5.8701027236769486e-05,2.3186977916613574e-05,1.6703780179518353e-05,1.5473392311120187e-05,1.0864668797450161e-05
57009,5,2.098555225935926e-05,1.592625109723658e-05,2.962675041747193e-05,2.4936254583778852e-05,6.626999697074383e-05,4.7866905927803245e-05,9.20542691308139e-05,7.32410940225737e-05,0.00012701883465962663,9.86177450479182e-05,3.16144373993932e-05,2.4590639186580397e-05,1.6073566374098954e-05,1.23477290376137e-05,9.386909841191794e-06,6.737771680779139e-06
57060,5,2.136573760752624e-05,1.617806830522433e-05,4.967041822473052e-05,3.382254270572732e-05,7.120841073944728e-05,5.497039850237032e-05,0.00012344840333261764,0.00010008659349024172,0.0001851253105053108,0.00014292787859508196,7.10212524036357e-05,4.751796424010222e-05,3.703891083395571e-05,2.6584993849989388e-05,2.300868042076151e-05,1.5858021534564374e-05
57112,5,2.586420477153554e-05,1.9372742862437614e-05,6.921645849643806e-05,5.1726402256374734e-05,9.341160158955822e-05,7.206333227238076e-05,0.00010913773727865536,7.632983465877372e-05,0.00016722240379681084,0.00011841454238391019,8.086019657616411e-05,6.059827679715232e-05,3.962739894901786e-05,2.983838295208256e-05,2.3805913276460435e-05,1.698619407317268e-05
57164,5,2.1012327383562383e-05,1.5682015859716924e-05,5.629995356838735e-05,4.083327162251378e-05,8.1097479503878e-05,6.036622674340528e-05,9.569804976642975e-05,7.439729651272972e-05,0.00012615082885448375,0.00010084439538744702,4.835085292008722e-05,3.6261409151219236e-05,2.188785455342265e-05,1.6622583415157006e-05,1.0104341350125717e-05,6.9052556231586106e-06
57216,5,1.6555118453341008e-05,1.3313856749174273e-05,3.178687517273453e-05,2.4681394263431157e-05,3.853799037226437e-05,2.8890242878562243e-05,0.00010512710424412528,9.366536812604055e-05,0.00012178564947373505,0.00010177908000160108,3.666994600409048e-05,3.125359604605617e-05,1.5368668658869738e-05,1.1362970259011407e-05,1.1155619523868686e-05,6.4512661619586295e-06
57267,5,2.6557622504327125e-05,1.7709040054962378e-05,5.525475873475299e-05,4.350710162681096e-05,4.458772871964752e-05,2.500654829361993e-05,7.753091118156802e-05,6.279538518707661e-05,7.114397688703972e-05,4.919342953862602e-05,5.288180619710961e-05,4.207188123811003e-05,1.590587934538192e-05,1.140948085246268e-05,2.27934050146668e-05,1.4479725856249235e-05
57319,5,3.1402300175425825e-05,2.221719241156008e-05,8.026128892297628e-05,6.686679647873594e-05,8.920468261505767e-05,6.43095290242701e-05,8.966609519839877e-05,6.387467739513673e-05,4.7234827722767106e-05,3.3411879435526324e-05,6.18613123785831e-05,5.150421832454388e-05,2.165220762872391e-05,1.811924857527493e-05,2.6573795181317898e-05,1.740582021663051e-05
57371,5,2.1839088671126016e-05,1.4362399782177661e-05,6.807665141133308e-05,4.994234286257438e-05,9.86141788939707e-05,8.414670354903261e-05,9.081089189203216e-05,6.54257975577042e-05,6.524490932591124e-05,4.9493295434531137e-05,5.22809179182922e-05,4.183468280773132e-05,2.3321024117139698e-05,1.644720518797132e-05,1.9980064546680824e-05,1.1586874563584381e-05
57422,5,1.7693403226349135e-05,1.2666999389405415e-05,6.345073036175565e-05,4.588809424727638e-05,0.00012342281835858558,9.471679805452534e-05,7.790070208749719e-05,6.244913540748177e-05,5.888442543975144e-05,4.515553981197188e-05,4.626018590954842e-05,3.4237551349950766e-05,3.5497511956897336e-05,2.423498939743868e-05,2.1014770564413136e-05,1.528687915976483e-05
57473,5,2.1748753172268777e-05,1.7365127744774923e-05,8.869077100180027e-05,7.152736098775857e-05,0.00015948143697715064,0.00012611522394911665,7.715136763560377e-05,6.416740990290754e-05,7.521340051284372e-05,5.028496534542787e-05,6.578745583881222e-05,5.5160574535425766e-05,5.190554474554204e-05,4.3887617116854825e-05,2.8851905716290218e-05,2.4437478440471347e-05
57525,5,2.6039294295920806e-05,2.1137734247295032e-05,8.573962617226137e-05,7.144092546765114e-05,0.00014400664196201048,0.00011390863731894541,6.86392196115492e-05,5.018967494910354e-05,0.0001010248389711359,7.42180370181996e-05,7.210732768238522e-05,6.502645204936025e-05,5.6648986080811776e-05,4.9771879793883445e-05,3.381747354811466e-05,2.9834402793409865e-05
57577,5,2.9614382987195158e-05,2.1971053698294916e-05,5.7900911914933646e-05,4.1358218189388316e-05,8.94151524870339e-05,5.5933573848618995e-05,9.495146150583597e-05,6.118805654488516e-05,0.00011270317317569692,8.536127170671423e-05,7.945637313665179e-05,5.9804877417212276e-05,4.650410921730307e-05,3.621113819445923e-05,2.876106556744059e-05,2.2436806241988377e-05
57628,5,2.4883274860219656e-05,1.583081663729594e-05,3.248698352157449e-05,1.8606622395220338e-05,5.2535640839693e-05,3.227358298222121e-05,0.00011714350462023663,8.089423607425106e-05,0.00011514869570871061,8.164037539379798e-05,8.791832358637594e-05,6.379988770699316e-05,3.106092424908317e-05,2.1719809288040208e-05,1.8533286602888554e-05,1.40987939797985e-05
57681,5,1.790721621792057e-05,1.216193304171824e-05,4.2769019771646434e-05,2.5058620141900142e-05,5.746526160547124e-05,4.110913791185122e-05,0.00011495193530668137,8.771145681705906e-05,0.00011299402086502041,8.381702209432294e-05,8.65990954557328e-05,6.284983674416958e-05,2.4590393437979234e-05,1.9344926285949974e-05,1.4692616421290894e-05,1.1666445374918521e-05
57734,0,1.6009045562366565e-05,1.1353350538714573e-05,6.42791674116904e-05,4.5802609715322e-05,0.00012158054514421505,8.059207524921268e-05,9.23862627611409e-05,7.15888149249505e-05,0.00010088489144888454,7.701988874167237e-05,7.569805394110678e-05,5.2060336623678584e-05,2.4230325039382386e-05,1.818268058195727e-05,1.198084900481154e-05,9.022963299618527e-06
57786,0,2.449873740324428e-05,1.7722838989797975e-05,7.618424813744865e-05,5.451490248910621e-05,0.00013442774274759816,9.88119050313328e-05,6.509567495745742e-05,4.905810058999366e-05,8.899281775697875e-05,7.053965305195833e-05,4.7702975639672884e-05,3.5693554048988714e-05,3.146967492227405e-05,2.2356670129714355e-05,1.4872277532342374e-05,1.2542329842186494e-05
57839,0,3.861499109454711e-05,3.063391780113456e-05,8.381776651604154e-05,6.510232090127674e-05,0.00012644787615970448,0.00010068893193145567,5.611801474072394e-05,4.441835409784606e-05,8.582449918462805e-05,7.142734692830613e-05,3.734425889763632e-05,2.8427675207838152e-05,3.414938975034095e-05,2.7489457003732038e-05,2.0264004333427325e-05,1.65683631036576e-05
57892,0,3.40851448220328e-05,2.4672833066900907e-05,6.493029103907995e-05,4.8149615667684635e-05,0.00011333450662617314,8.125051373649647e-05,6.324570583754669e-05,4.5364452354515473e-05,8.424968433145736e-05,5.451762211263408e-05,3.751925997247004e-05,2.3399573921878904e-05,3.2953846759992264e-05,2.4602980856067313e-05,2.2356394015652087e-05,1.6058236464941995e-05
57943,0,1.776567937908488e-05,1.2904642723094956e-05,5.807065579143553e-05,4.7017354586831516e-05,6.962715821258092e-05,4.5641545498857056e-05,7.257275461009833e-05,4.9800908630698444e-05,7.965604787649935e-05,4.8105603847055645e-05,4.3847269012242e-05,2.9039243975139788e-05,2.9252834362101827e-05,1.959895653945712e-05,2.0379902480727447e-05,1.3923055837201559e-05
57995,0,1.438921938393207e-05,1.0040617447471226e-05,5.984457563127359e-05,4.9185483713079524e-05,5.811401285575252e-05,3.5756360933350645e-05,5.7553434426563885e-05,3.998020593335687e-05,5.19437788077101e-05,3.7525021407447264e-05,5.328762435970353e-05,3.788478225480606e-05,2.9302364965082747e-05,1.9401004369678003e-05,1.890986079549405e-05,1.1976076848451624e-05
58046,0,1.118975096764436e-05,7.977481153129585e-06,4.80263076324042e-05,3.445670148312518e-05,3.0267536058389728e-05,2.2428629649563275e-05,4.0547719636320705e-05,3.1923196026914454e-05,7.566923300245928e-05,5.525643643052223e-05,6.174378475072433e-05,4.4576085785563455e-05,2.825419281423816e-05,1.8925350961244342e-05,1.6390454642274315e-05,1.0337818948101702e-05
58098,0,1.2717288139709716e-05,9.67040613066768e-06,4.691607651975657e-05,3.536608848524568e-05,5.03088714551646e-05,3.5721531719448404e-05,4.496068292741293e-05,3.6476310715037e-05,9.342625712961748e-05,7.46246535508393e-05,6.75400443264096e-05,5.922061923933372e-05,1.9763754934771608e-05,1.639552932780967e-05,1.5714078450838266e-05,1.2801764533384865e-05
58149,0,1.3052825620326774e-05,1.1004083189361678e-05,2.4525248053745672e-05,2.1848115686789526e-05,5.897002540177371e-05,4.661533791682797e-05,8.590059948401386e-05,6.655269339418106e-05,0.00015223850267959328,0.00011937745165998969,6.73636909673847e-05,6.00861797915041e-05,2.1351884658310294e-05,1.802398564817484e-05,1.4358204347616287e-05,1.1847579991908787e-05
58201,0,1.6788462241612634e-05,1.318134874265141e-05,3.8224970722290716e-05,2.348331638602225e-05,0.00010263623029514923,7.103593734612468e-05,0.0001295524130227998,9.458912732481882e-05,0.00017848364813601838,0.00013768673131161997,6.85362285494668e-05,5.204504918218192e-05,3.269189227163804e-05,2.5456715986679418e-05,1.9379332877832675e-05,1.4375309517769554e-05
58253,0,3.516970284094062e-05,2.777246267272168e-05,7.955154596556366e-05,6.12572784658116e-05,0.00012269528225789723,9.594631629977483e-05,0.00014142782852479748,0.00010821342323514448,0.00015538362029352177,0.00012015682232135396,7.184771388389582e-05,5.422323954715132e-05,3.826318189625772e-05,2.817875995730836e-05,3.030223601285023e-05,2.492063149528871e-05
58306,0,3.385051104988787e-05,2.6853928420484665e-05,7.729595737277968e-05,6.154735559909298e-05,8.840014273901078e-05,6.879608836922989e-05,0.00012851588137517808,0.00010545146399922404,0.00013692503481682188,0.00012118556679850444,6.965019775592868e-05,5.6248489582530835e-05,4.828267440998886e-05,3.828914194427452e-05,3.1339520245778944e-05,2.6741360767868037e-05
58358,0,1.2448536904377496e-05,1.0964867044629784e-05,3.401136941785756e-05,2.3657706528128765e-05,8.491066382045615e-05,6.784542556670365e-05,0.00013060393380446287,0.00010571573838441627,0.00012283239897015197,0.00011139694342139754,6.260166095401327e-05,5.253038429260423e-05,4.5442920282330325e-05,3.759109396725438e-05,2.229137905356425e-05,1.789554648095623e-05
58410,0,1.1236090574956386e-05,8.802070599335703e-06,2.2209289719992738e-05,1.7500678450504146e-05,7.80851007193902e-05,6.249522814677798e-05,0.00010875527143432894,8.667508054180846e-05,0.00010309141406258478,8.663573105820296e-05,5.3867829425320836e-05,4.56969722714531e-05,2.546394945684779e-05,2.1638495800866734e-05,1.927738391811283e-05,1.6340337167717814e-05
58463,0,2.1942641720432575e-05,1.792118420640985e-05,4.557174755479946e-05,3.262338495075789e-05,5.2923881264747586e-05,4.0995770021948856e-05,4.831487551787952e-05,3.779959934895639e-05,6.645759787101282e-05,4.932182176697227e-05,4.336288407586991e-05,3.4155150478830535e-05,1.6084850426082393e-05,1.277221349187626e-05,2.0034948662955816e-05,1.8261045655440508e-05
58515,0,2.400407214712292e-05,2.037325480986441e-05,4.756232750624519e-05,3.641944276725846e-05,6.140173815447514e-05,4.908184081781718e-05,6.892573353759881e-05,5.072708430080719e-05,8.350987057686615e-05,6.222758752672352e-05,5.715628631466674e-05,4.638266016475461e-05,1.733284061384847e-05,1.2630228616076016e-05,1.782873484993179e-05,1.488650578055952e-05
58566,0,1.4374057878730478e-05,1.044640570984971e-05,2.4190706729225537e-05,1.9275980240480225e-05,4.896254169827079e-05,3.71605074940765e-05,7.072874847005681e-05,5.367753368556825e-05,7.267639567428669e-05,5.132261067376627e-05,5.192212352855287e-05,4.0137042386897884e-05,1.737858216856273e-05,1.1906592276217953e-05,1.6427206026660176e-05,1.2268832351119e-05
58618,0,2.0599575464497798e-05,1.1906280575490353e-05,4.013147262428399e-05,2.3396592157693025e-05,3.279761490420596e-05,2.4130328299995416e-05,3.567274355960792e-05,2.747433387640589e-05,2.2037592885404192e-05,1.7494630743567658e-05,1.99591290789913e-05,1.494401713008378e-05,2.180989752379906e-05,1.254910286451568e-05,1.8908038995447153e-05,1.4270423020205101e-05
58672,0,3.26465998254488e-05,2.2035156653848217e-05,5.075706241904281e-05,3.7493983775029926e-05,2.2910380997605192e-05,2.009521859866613e-05,2.173664406933443e-05,1.8945046775590473e-05,9.826462854554543e-06,7.193426166465176e-06,1.6450416388392753e-05,9.76328604059178e-06,4.968678001795261e-05,2.374490024077225e-05,5.8727335460512994e-05,3.2559318919097e-05
58724,0,3.068565989298911e-05,2.0949786776946252e-05,3.561052390230693e-05,2.684174471557509e-05,1.783733203758161e-05,1.4503373425616287e-05,1.503746081442778e-05,1.140808890806465e-05,6.475581880683261e-06,4.076576260130259e-06,1.4353536834642704e-05,6.4045961373077715e-06,4.95485658562422e-05,2.486348330692905e-05,6.328305588703894e-05,3.666901420015604e-05
58775,0,2.043178157348201e-05,1.465230224995291e-05,1.352176282316015e-05,1.0323461016593901e-05,1.5316371013308133e-05,1.1681104011246085e-05,1.0636644788425282e-05,8.406802921209794e-06,7.152870319011557e-06,5.494077077739979e-06,8.100637103308188e-06,5.497881263555772e-06,2.1442575009772062e-05,1.3361308846828482e-05,3.330822094479182e-05,2.2764124665035627e-05
58827,0,1.3587490029916166e-05,1.061705074855324e-05,9.940634665368406e-06,8.12320698546194e-06,1.6251752065479965e-05,1.3537043470455416e-05,1.1796297585745986e-05,9.461823470132016e-06,7.129252560775895e-06,6.1549221290898645e-06,6.713458610706705e-06,5.082105614880956e-06,7.683800624487222e-06,4.839399874243757e-06,1.876578191928607e-05,1.274870487668397e-05
58879,0,8.173243562954706e-06,6.084864531112768e-06,1.1993472784915122e-05,9.969798005201392e-06,1.2688459452791704e-05,9.563245927236308e-06,1.2699836427277005e-05,9.95723850044991e-06,6.085468275749178e-06,4.347933001431258e-06,6.25324372737782e-06,4.740351838069276e-06,1.0003462743755488e-05,8.141890735624591e-06,7.747113901955115e-06,4.319267946005567e-06
58931,0,7.66104330542929e-06,5.674084850676065e-06,1.8890489227903286e-05,1.5281032133471544e-05,2.039897568640995e-05,1.3355796956504465e-05,1.4969710388323423e-05,1.281884747852759e-05,8.670899509585725e-06,5.7334676361320975e-06,6.580467316613493e-06,5.626689123328271e-06,9.957817278912318e-06,8.291113302475882e-06,6.549665120600799e-06,5.009206088240184e-06
58983,0,9.41911639969237e-06,6.680712007484398e-06,1.9858458692565527e-05,1.340950164856379e-05,2.4644371331959566e-05,1.617021242213876e-05,1.2565280045864158e-05,1.0495551262569168e-05,9.972884160349776e-06,6.735216590589152e-06,5.715523207810442e-06,4.687514445039151e-06,4.681870190065358e-06,3.6013517309335654e-06,7.844644783908465e-06,6.368950093461712e-06
59034,0,1.00526159142581e-05,6.767772382629037e-06,1.640758880150117e-05,9.978917537529077e-06,1.946268567555164e-05,1.3143305983089194e-05,1.1845125930945709e-05,9.682712626596256e-06,5.818808634068401e-06,2.978568573132502e-06,4.368985535119643e-06,2.8046329858602076e-06,5.731253335787612e-06,4.141230252634052e-06,9.25624818396011e-06,6.995407174296743e-06
59088,0,6.9209468348322475e-06,4.59913923700572e-06,1.288660351329769e-05,8.245874240635652e-06,1.4092304854754542e-05,1.138653397630386e-05,1.1142006913971461e-05,8.962609922805798e-06,3.2934270222801846e-06,2.4649718370974074e-06,3.77706116672724e-06,2.4536454327579667e-06,5.791122274507995e-06,4.5011512659520506e-06,7.981639091371755e-06,5.18782877366658e-06
59140,0,7.697803626522056e-06,5.940306010778434e-06,1.2799439154284449e-05,9.741220555067545e-06,1.1309408251490835e-05,9.048338165945062e-06,1.1414311303665654e-05,8.628632907042316e-06,6.271150603643749e-06,4.970701078622023e-06,7.24669051229105e-06,5.642480174624795e-06,5.903539551933229e-06,4.586516641465698e-06,9.74132564982945e-06,6.949571506148413e-06
59192,0,1.0310234475583717e-05,8.42885298901568e-06,1.387964351920854e-05,1.1718605348249277e-05,8.954849294887775e-06,7.030814501064174e-06,1.3286169474030967e-05,1.0367410674870642e-05,6.863246850360177e-06,5.788982619507867e-06,7.930799393732426e-06,6.489745621979388e-06,6.659168819156086e-06,5.272384409469561e-06,1.209653917626477e-05,9.85863114334634e-06
59244,0,8.908725899170808e-06,6.688817836879321e-06,1.2456502813747697e-05,1.0313369028339624e-05,1.9412541670398913e-05,1.317673886808183e-05,1.1619033862795645e-05,9.361507265958135e-06,4.450745956814095e-06,3.467312664081816e-06,5.758311588604221e-06,3.865577816672137e-06,6.710942663066836e-06,5.791462015707229e-06,9.344788345642824e-06,7.088131347149432e-06
59296,0,7.306495961771826e-06,5.860217994411852e-06,1.7821186577711022e-05,1.3891546852284462e-05,2.453440101574663e-05,1.9842441238943194e-05,1.2671353312333799e-05,1.020352809445669e-05,4.610091863907724e-06,3.5821818236774227e-06,4.057275675722527e-06,2.5174670819933934e-06,6.158287079650046e-06,4.9977592152943065e-06,9.272344831360498e-06,7.7351193756245e-06
59348,0,6.778995542796437e-06,5.514054790854093e-06,1.7539949700154678e-05,1.27339209122453e-05,1.8908552617241666e-05,1.4067470693458002e-05,1.1527941009460388e-05,8.162304270695518e-06,6.599080845007851e-06,4.959757074341249e-06,8.936056150898146e-06,6.344944293484498e-06,5.583341034006013e-06,3.6762598456560975e-06,7.850094606641334e-06,5.697397757319751e-06
59399,0,5.8660897768920695e-06,3.856676678962855e-06,1.1108554438212575e-05,8.47698458388044e-06,2.4555924849502782e-05,1.872491943973695e-05,8.449778069948646e-06,6.575478124953545e-06,5.454381588626163e-06,3.151413010775456e-06,9.617502603668307e-06,7.4636553165357775e-06,6.440403461567304e-06,4.412794499721777e-06,7.374343645136867e-06,5.320627255736191e-06
59450,0,8.427767372618923e-06,5.7002155648039785e-06,2.5999722844214826e-05,2.034685717180883e-05,3.6598864106550396e-05,2.8979438389936133e-05,9.05155701215156e-06,7.5866556000760166e-06,6.360426787284396e-06,4.248583608754704e-06,9.185324149017941e-06,7.259251631495448e-06,5.92964617552255e-06,4.291742933054339e-06,7.83061639901307e-06,6.2905080936393606e-06
59503,0,9.330624691857996e-06,7.5613764189221994e-06,2.5989489525529702e-05,1.9609577900461458e-05,3.528743627298681e-05,2.616234664369329e-05,9.52209329183094e-06,7.313299317656732e-06,8.081656246461128e-06,6.598739851437904e-06,1.0408364287874708e-05,7.849459959979481e-06,6.945145742410603e-06,5.476579560251475e-06,6.1908982245576516e-06,4.6230376524683044e-06
59555,0,7.852773027651631e-06,6.3768154445476316e-06,1.4563626801297842e-05,1.1352916945859632e-05,3.014150113236296e-05,2.246432120842599e-05,1.1834850312830508e-05,8.666546207525847e-06,7.822559220689223e-06,6.0032484733554535e-06,6.8305989972633e-06,4.122622660561826e-06,8.230508470530887e-06,6.2649545968627e-06,6.992288050977591e-06,5.037718452421676e-06
59606,0,8.204832739222523e-06,6.783779588361773e-06,2.885300500979386e-05,2.2415477351646747e-05,4.024099401042712e-05,2.742382429498766e-05,1.6234996434512956e-05,1.2121948298427344e-05,9.913919841577825e-06,6.940940075912976e-06,3.936420999965727e-06,3.1746187522101865e-06,1.0534070097782934e-05,6.688200961971724e-06,6.042375757233161e-06,3.982906207721189e-06
59657,0,7.647499598206497e-06,6.322997106665417e-06,2.6761213355757757e-05,1.807158847131056e-05,3.9367411806232755e-05,2.7776065319690374e-05,1.3486567376914547e-05,8.993093612394929e-06,1.0091340582615306e-05,7.2099592812660865e-06,3.902081299973713e-06,2.952648312416083e-06,9.040430436415931e-06,4.987541263035919e-06,7.293815306269132e-06,5.380456168774237e-06
59709,0,6.3097292144708675e-06,4.766562267028202e-06,8.961511321179178e-06,6.818319462660841e-06,2.2452578373501542e-05,1.635087451309083e-05,4.169974847326315e-06,2.857562846010899e-06,8.349113830085815e-06,6.730720222956117e-06,3.49908849748154e-06,2.6647850763540885e-06,4.999158238447046e-06,3.7320373191036137e-06,9.29498158533515e-06,7.880176230179684e-06
59760,0,5.901147790990143e-06,4.453421661937054e-06,1.0023233000670199e-05,7.022863287962807e-06,1.2826110640208708e-05,9.57650138407167e-06,6.454122891636701e-06,3.833049965312879e-06,8.278093481062776e-06,6.21646788121912e-06,4.1883803710866215e-06,2.9754518081802107e-06,7.731959351710446e-06,6.649674312312494e-06,8.126516475395181e-06,6.531946579840226e-06
59811,0,7.891980974668146e-06,6.104043586080401e-06,1.807917081871424e-05,1.2889210782758453e-05,1.353945681923847e-05,8.960320528882914e-06,1.4791910666264709e-05,1.0020377026011803e-05,8.436283969294394e-06,6.020531387384352e-06,6.229703084989009e-06,4.589750299248086e-06,7.370461700845165e-06,6.108474108672939e-06,5.721434702264577e-06,4.0100269376052494e-06
59863,0,8.063081837893411e-06,6.2926348571810705e-06,1.779415302682123e-05,1.3266370949732587e-05,1.3543261933081974e-05,9.8887065716256e-06,1.3843449739177851e-05,8.872119188973479e-06,6.453233053595547e-06,4.8479062679818355e-06,6.5933762745689634e-06,5.1606463143377724e-06,7.3566636748065706e-06,5.881240142011416e-06,5.324184905282785e-06,3.2603411632025517e-06
59915,0,5.468523627919183e-06,4.5690613879716635e-06,1.9788767348829658e-05,1.258102669967548e-05,1.666519432565856e-05,1.243713046087707e-05,7.339947469025406e-06,4.746782909320354e-06,3.473761181284566e-06,2.805589723884889e-06,6.332603884481853e-06,4.457866732380159e-06,7.028010860827373e-06,5.645676926908455e-06,5.491897591576963e-06,3.853033433102815e-06
59967,0,4.976851982773472e-06,4.101331910028728e-06,2.691901900725219e-05,1.6984306113590702e-05,2.6580658578025542e-05,1.9397176358919395e-05,1.2447556646069572e-05,8.791737665906871e-06,3.6198844023211583e-06,2.7597412875387455e-06,6.134014667535968e-06,4.396931654757466e-06,4.137199309136704e-06,3.449216712726325e-06,5.83234215046269e-06,4.479269241814882e-06
60019,0,9.015949148037776e-06,6.88385557872138e-06,2.5442382209732825e-05,1.8074946458986498e-05,2.554643173172786e-05,1.9151500282433722e-05,1.8244039485428277e-05,1.561502512528099e-05,9.690946926713392e-06,7.11007249018994e-06,1.5151074763721668e-05,1.1143320069581927e-05,9.05249871383964e-06,6.488956295767776e-06,5.783452284885385e-06,4.319916739417249e-06
60076,0,1.1065456090184764e-05,8.943009843245164e-06,2.411545976202994e-05,1.931811469423212e-05,1.4316649841049618e-05,9.992880769809183e-06,1.9503691013478184e-05,1.629096750138446e-05,1.2032465819466024e-05,9.588684806140187e-06,1.745980822317064e-05,1.4736010066590354e-05,1.160973289117777e-05,9.616449955440644e-06,5.060955333180837e-06,3.5006815490887746e-06
60129,0,9.432195359173927e-06,7.720174788471834e-06,1.923741958271505e-05,1.2656566806792562e-05,1.725152572869878e-05,1.0985263779913113e-05,1.409513324131569e-05,9.24261739858085e-06,8.173857239651974e-06,5.667813675106748e-06,1.0938600078633718e-05,8.591719186025635e-06,8.55130068193301e-06,6.724393347902914e-06,8.513424597943517e-06,6.0833213213643804e-06
60182,0,7.738799361200063e-06,5.690275601413244e-06,2.1517598873366026e-05,1.4556038895096536e-05,3.306320900327354e-05,2.4873205924537768e-05,1.4640843075709968e-05,1.1620618301643196e-05,8.661861463910293e-06,6.3855611260062106e-06,1.0757032385952219e-05,8.372926602425245e-06,5.7132957249475674e-06,4.632775636764628e-06,9.754316167246714e-06,7.89708617786553e-06
60235,0,6.176545787638517e-06,4.404474333193414e-06,2.3548784530595377e-05,1.7970582427817315e-05,3.955000144319795e-05,3.476913779050191e-05,1.7257425045509156e-05,1.605466622229601e-05,8.764446259453747e-06,6.735336001405409e-06,1.073714551610433e-05,7.946983347231984e-06,4.611267690265561e-06,3.347902639620096e-06,8.64400267087272e-06,6.514950143480575e-06
60286,0,9.980156678898153e-06,7.626151007161455e-06,1.5266821840286786e-05,1.235008998777063e-05,3.351062556341804e-05,3.0385073192906513e-05,1.352179028044173e-05,1.1312214598833205e-05,7.888557188695222e-06,6.819799439657172e-06,8.342442958702391e-06,6.056709439689775e-06,5.394656790487878e-06,3.5858878150079073e-06,8.475537880993552e-06,5.594080459193227e-06
60340,0,1.1518091236869246e-05,9.160172903139074e-06,1.5022840516059218e-05,1.2499580927964021e-05,2.41215344433168e-05,2.0628540081737467e-05,1.1509215062747871e-05,9.40898333644163e-06,9.147397653046802e-06,7.929484632473876e-06,7.163405094294624e-06,5.680065801553951e-06,5.24618303772612e-06,3.286155840048298e-06,6.564977445227047e-06,4.22215054644417e-06
60391,0,8.156276326962378e-06,6.226730285219194e-06,1.4575131890542928e-05,1.1320680830284999e-05,1.9413383826534973e-05,1.562633896336828e-05,1.1691988590813602e-05,9.440244194439817e-06,7.62337848639463e-06,5.7085374545443146e-06,6.240171004032538e-06,5.053978274884675e-06,3.6925243927222813e-06,2.5630295539901546e-06,8.453979451566984e-06,6.937667939633676e-06
60442,0,5.90294967449194e-06,4.6665309196476915e-06,1.3099670226732347e-05,1.0655190247779492e-05,2.4290454276904837e-05,1.9982553456724972e-05,9.678914843895337e-06,7.334285784920735e-06,5.360976892165664e-06,3.376436242101115e-06,5.981851365085637e-06,4.868444601987383e-06,5.099814088649877e-06,4.035344475914083e-06,9.571363040831056e-06,7.995157463898935e-06
60494,0,7.272361714235014e-06,5.763610741086578e-06,2.581599305269502e-05,1.8955239918007126e-05,3.085292544667099e-05,2.4162576939771975e-05,1.3814237408714905e-05,9.608767549738779e-06,7.1926365592494196e-06,5.076125952414717e-06,8.51390939279459e-06,7.072710075205689e-06,1.1523985707445845e-05,9.228457272929835e-06,7.09468370471927e-06,4.931843801448693e-06
60548,0,1.0498192056420526e-05,8.927197256433667e-06,2.8792147033749862e-05,2.2305075262003834e-05,2.855206721467383e-05,2.0126171129910657e-05,1.48175454928865e-05,1.0851279722708919e-05,7.6839172773427e-06,5.9672607915652075e-06,1.0904797178620093e-05,9.373762651928385e-06,1.3073518442379207e-05,1.1955956092498298e-05,6.137585190684235e-06,4.584104607157212e-06
60601,0,1.1365976587839937e-05,8.982928227254208e-06,1.7449663355333203e-05,1.2621523684372444e-05,1.9018150816421583e-05,1.5416133804096434e-05,1.017220852791333e-05,7.628053120253226e-06,8.061198736102154e-06,5.947261367283808e-06,1.0289602002814564e-05,8.414058993817282e-06,9.43582339241463e-06,7.829511673609467e-06,1.1836009833632979e-05,8.232809346008637e-06
60653,0,3.186489357773595e-05,1.751122501471437e-05,1.4299729449879053e-05,9.189929664216199e-06,1.4857996782240295e-05,1.199232924667467e-05,1.073182932418161e-05,6.38932845781107e-06,2.2321084230250082e-05,1.763537420478453e-05,2.1318319624627707e-05,1.6036124276052455e-05,5.471511168581085e-05,3.458269061537018e-05,9.365164080092479e-05,5.1216950292322553e-05
60707,0,0.00014227757505227444,9.912691008042304e-05,6.35705052049637e-05,4.120745612613303e-05,1.7974142404886844e-05,1.0269270361789376e-05,2.7688690026784135e-05,1.5924250377186586e-05,5.3305930805474254e-05,4.1514204647947944e-05,6.614538980862829e-05,4.475992200823712e-05,0.00016751337808661203,0.00012968058583741687,0.0002451189760087085,0.0001765777495196084
60760,0,0.0003656417922894527,0.00029456088228490196,0.00017988092574936092,0.00013627824491912145,3.094660127396943e-05,1.995817529189741e-05,4.182341576467959e-05,2.7837339708226113e-05,7.191933201333305e-05,4.8506011872624045e-05,6.660938171885489e-05,4.385863907117245e-05,0.0001719943975000653,0.0001296689770260598,0.00024357080362069676,0.00017036853707621578
60813,0,0.0003658634030007866,0.00029664472813524376,0.0002168265368293764,0.0001799946105825215,3.995824153979295e-05,3.1661735687608924e-05,5.7729115949801005e-05,3.782391107573998e-05,0.00010921412142581666,5.993863636413777e-05,7.328075982514439e-05,3.909028697346527e-05,0.00014604411586155073,0.00010322020974918748,0.00014838335726560464,0.00010816937590544208
60865,0,0.00020993321538882,0.00017337637356245328,0.0002022709204730926,0.00014337096229277078,5.303872907510849e-05,3.46080210407079e-05,6.53733024439969e-05,4.446726520504138e-05,0.0001233520390681202,7.843154352019923e-05,0.0001013181856113261,6.532573012868791e-05,0.00015409549207668117,0.00012271898884680675,0.00019085153328648585,0.00014603929460886296
60917,0,0.00022481289310872919,0.00017896466962865205,0.00019162765754592977,0.00013601128348359013,5.2697238767727046e-05,3.3230037886594725e-05,5.989133131531883e-05,4.421049617796821e-05,9.876916446116894e-05,7.516030596983796e-05,9.120817181504708e-05,6.885237801119965e-05,0.0001754238531217064,0.00014342802719728085,0.00029780263919760707,0.00022893089610728353
60969,0,0.00018091937751781866,0.00013525255125439447,0.00015687839375602187,0.0001248226498087383,3.883334731727378e-05,2.9595756001219312e-05,4.3281190546000224e-05,3.079460023267651e-05,6.439368001121809e-05,4.706713054097052e-05,5.880161065068174e-05,4.461209502733799e-05,0.00015843332677178295,0.00011236024853180237,0.00028943615312997095,0.00023652981246983173
61022,0,0.00015853980866113599,0.0001110853795774246,0.00015192589026365502,0.0001173606668815543,4.272863101779902e-05,3.4392241534277685e-05,4.639691378575525e-05,3.147911849944314e-05,8.600204670257155e-05,6.116554173865991e-05,7.084121069542211e-05,5.147706743911956e-05,0.00015015070425064415,9.502687053468455e-05,0.0001725246422777158,0.00014381218222543824
61076,0,0.0001744352580118654,0.00012797296119925464,0.00018257811033550486,0.0001547883535761745,3.911768328226229e-05,3.194524221798663e-05,5.138087116519105e-05,3.7384308590399687e-05,9.210341421738019e-05,7.052687060141105e-05,8.030459676933323e-05,6.639799964844172e-05,0.00019493013728315826,0.00015362653608465507,0.00015636426254165664,0.00010167517553109616
61128,0,0.00024340780920525685,0.00018141512095342236,0.00021189371524710452,0.00017988225559737226,3.6578244617799305e-05,2.587178302820285e-05,3.987953502677248e-05,3.085170559871088e-05,6.942656440262225e-05,5.1199250894325866e-05,5.529190840620783e-05,4.7008917279211295e-05,0.0001435309019237258,0.0001130620995426293,0.0001466722495152048,0.00010559843167948618
61180,0,0.00021960111187047926,0.00013939910297605017,0.00016176674277475645,0.00011055544100860721,4.8248641870784296e-05,3.067215315156422e-05,4.534801174125648e-05,3.369407089300642e-05,7.162755013814782e-05,5.526300360187359e-05,7.755312125730806e-05,5.804735693961563e-05,0.0001162857724899716,8.604472281859977e-05,0.00030511808043055946,0.00023351780396112302
61232,0,0.0001394797686666956,9.00949037573258e-05,9.400473845437313e-05,6.26043190596983e-05,4.144634061320063e-05,2.4720940299970913e-05,4.43298159791303e-05,2.9570074638486516e-05,6.457789350868433e-05,4.6708543089808145e-05,7.838382408251799e-05,5.64877985963038e-05,0.00010572703400502683,7.237130388894392e-05,0.00030605886483935064,0.0002199880674103952
61285,0,0.0003251948576983943,0.0002684267223567659,0.00025707204628859184,0.000189619124831947,6.677265157354416e-05,4.782984569166103e-05,5.676373797597325e-05,4.0557472093125434e-05,6.721510949194642e-05,4.399065465954515e-05,6.250979891777053e-05,4.6850612830657355e-05,6.224755075806198e-05,4.289967377933647e-05,0.00024139291203820388,0.00018856173869329705
61341,0,0.00038457808392184257,0.00035728423245991403,0.00026950551816139337,0.0002179022453153367,7.144656842561113e-05,5.564163324115618e-05,5.467533383878951e-05,4.0654604085481555e-05,6.940927544171472e-05,5.011144961328833e-05,7.788652876615196e-05,6.12020943758978e-05,0.0001327672324668768,9.522118610446428e-05,0.0002466145264417938,0.00020376723632070396
61394,0,0.0002703969852563785,0.0002283422419192102,0.00013239461139690883,9.890655639870587e-05,7.10925016366112e-05,4.709597825817483e-05,7.568368239975339e-05,5.205894395689576e-05,0.00012573292984894877,9.525279588238664e-05,0.0002210237512758025,0.00014764748542052207,0.00019355937519924986,0.0001604186408414734,0.0001734790974856923,0.00014651369728228904
61446,0,0.00015718995766653731,0.00012682728179504702,0.0001126250631837902,8.196081635404237e-05,7.613079454452793e-05,5.743095507984927e-05,7.94253968906086e-05,5.796666478550948e-05,0.0001259198385947256,9.463279600572737e-05,0.00023989083367392968,0.0001764044811153178,0.00016135267687607992,0.0001242979190591346,0.0001552286193223511,0.0001244827016042927
61498,0,0.00016704738381579604,0.00012552666884187464,0.00011868695401911327,9.296847686715116e-05,4.9640227865434365e-05,4.179485912910529e-05,3.9145045783768594e-05,3.0330259749261016e-05,6.335479273325553e-05,4.906310942329872e-05,0.00012559292899513044,9.399184142282356e-05,0.00011296563823075815,8.457048702108951e-05,0.00011806732943235456,8.870331322856676e-05
61550,0,0.00015726404091516647,9.776074802014417e-05,0.00010346906018926981,6.078688031013857e-05,3.815081314966773e-05,2.674284789810713e-05,3.1517257030264426e-05,2.4581289957411076e-05,5.327577553282038e-05,4.190355591699349e-05,7.850236535191815e-05,5.471966984139612e-05,0.00012833298805976136,9.198691852165698e-05,0.00018139195373077443,0.0001145001969870114
61603,0,0.00020001951156994088,0.00014543979582605106,0.00014945545357026346,9.347245538725036e-05,3.374979281716207e-05,2.3431469702292956e-05,3.82168324733134e-05,3.15576518552807e-05,6.493398675781501e-05,5.1040481198656624e-05,0.0001335595239438804,8.640965730727993e-05,0.00016235689319801878,0.00012592933718574901,0.0001866057199005624,0.00012579319684907797
61656,0,0.00023738788646210292,0.00019971996291787847,0.0001535085113056316,0.00012065203973516318,4.34745708965492e-05,3.3279789947603726e-05,4.727880991498379e-05,3.8885353759124856e-05,6.478132320151075e-05,5.059433457276407e-05,0.00012572330711780396,7.701653303512102e-05,0.00014451590677813262,0.00010369097900562259,0.0002790606991373921,0.00019910475611296095
61708,0,0.00021975340710601968,0.00016963339544430483,0.00013642429305005957,0.00010265371418702199,5.351711775337547e-05,4.4461796969325705e-05,4.241762335358315e-05,3.156414516583218e-05,5.777186632100076e-05,4.28607685700133e-05,6.476490535913443e-05,4.454893863515532e-05,0.00010096821350889507,6.903122522532652e-05,0.00039572464574593195,0.0003074286804338675
61760,0,0.00019679452329583795,0.00014577237018333127,0.00012650662965537035,8.784001832192106e-05,5.6041079187605936e-05,4.566016235052698e-05,3.879032296226067e-05,2.8791179203820168e-05,7.35862120145265e-05,5.398697450271747e-05,0.0001058642786009115,8.371079855443803e-05,0.0001624119370378686,0.0001223739066649033,0.0003653948775121292,0.0002923522523695366
61811,0,0.0001422381575360684,9.999810029135923e-05,9.978802251062008e-05,7.380222547662902e-05,5.7570826445777366e-05,4.3140739195610894e-05,6.090062493336405e-05,4.383178141315849e-05,0.00010834918669045029,7.900630407428797e-05,0.00013050785640219274,9.893988080321034e-05,0.00014476293130825978,0.00010081898368658498,0.0002730954463025405,0.000217188515830248
61863,0,0.00011797462936606426,9.379893337200311e-05,0.00017860977732596508,0.00013563231049442732,5.652668885435679e-05,3.994991445989716e-05,6.60685254068083e-05,4.7189408540646407e-05,0.000137170458473073,8.822467811703739e-05,0.00015992185981887163,0.00011117264467663666,0.00011792115085507196,8.88918163325411e-05,0.00022807977280321745,0.00016883557396912323
61915,0,0.00018128730875223065,0.00014221915244839862,0.00022323028232468787,0.00018493361925179567,4.323812720846308e-05,2.8237369919102153e-05,4.984695576715818e-05,3.916496823104534e-05,0.00011747974086250912,7.448490981497523e-05,0.00013574965175577698,8.925808170885997e-05,0.00014699095367325988,0.0001248810964830542,0.00016844776580368697,0.00011621607560434651
61967,0,0.0002183160452383773,0.00016838446612372221,0.00019621850902104944,0.00015745560902266441,4.448122193347014e-05,3.234903006269974e-05,4.315011614088943e-05,3.478412226356686e-05,7.989045313675821e-05,6.0154536779967006e-05,8.38580349243914e-05,6.583153863418404e-05,0.00016154374857927089,0.00013467596955071893,0.00014192958951701252,9.940231392401766e-05
62019,0,0.00017686624317784147,0.00013523056009099273,0.00017387154682068783,0.00014820990917851525,8.034631159629838e-05,6.249761550056425e-05,7.196392980339098e-05,5.367352267199834e-05,0.0001420229857996785,0.00010424704342228926,0.00011781508082813772,9.0644706537843e-05,0.00014813087286290306,0.00011775319603834233,0.00015037646332932393,0.00010265454484688106
62072,6,0.0001297222522356403,0.00010062795404960403,0.00015867201861554327,0.00013008023159946595,7.466886069091055e-05,5.3787717728015765e-05,7.685164468194781e-05,6.055392566959346e-05,0.0001661562650450938,0.00012900372214214698,0.00011909210368732585,7.911709686479952e-05,9.475558979461188e-05,7.148541809865304e-05,0.00014371699442558233,0.00010899468851257671
62124,6,0.00017039586552133657,0.00013051362260734598,0.0001278926001691827,9.587019675072056e-05,3.1356487345362277e-05,2.0133710772448394e-05,4.394550324318953e-05,2.899676179807774e-05,0.00010793332132165735,6.635224073822721e-05,0.00010834786904398457,7.307013585317497e-05,6.980147374186326e-05,5.183503340279525e-05,0.00016854587363421424,0.00012817040832284262
62175,6,0.00018162066148651133,0.00013887042622956513,0.00011275805505219382,8.545321206389719e-05,3.446147232381108e-05,2.2664191220833843e-05,2.0297079006522054e-05,1.4560683535797758e-05,4.470962606617724e-05,3.219574089012498e-05,0.00010066664220916391,7.653404858679279e-05,6.994194469411841e-05,5.5166651675538084e-05,0.0001523613189888348,0.00010897294383814756
62226,6,0.00018951715575918162,0.00014417510516783434,0.0001283175084582154,9.31730324381791e-05,3.8068280059728936e-05,2.8981252171108128e-05,3.7354561038403433e-05,2.7541856607779934e-05,8.043860867009735e-05,5.898486959195978e-05,9.292850618429957e-05,6.540278416804127e-05,6.656416574815165e-05,5.3798053427554036e-05,0.00014712357746357078,0.00011640801971886792
62280,6,0.00019389001672016445,0.00016510739380488652,0.00016869581495497529,0.0001403245480690859,3.073350994942387e-05,2.6522429691112703e-05,5.910303685919221e-05,4.89694051175835e-05,0.0001026136642569435,8.904793305250481e-05,0.00016037522610716805,0.00013047297065389195,0.00012133853835776354,9.078115430078657e-05,0.00015375126469612853,0.000123895201870425
62332,6,0.00018175872445509925,0.0001459840069257631,0.00020856065265383646,0.00017939913461569693,5.858355693763571e-05,4.9930995894634274e-05,5.268866336950704e-05,4.190869091839577e-05,8.412457333809617e-05,7.238582063619502e-05,0.0001855381929504179,0.0001651582481196084,0.0001696028578736604,0.00013370168166764192,0.00017368439109159917,0.0001439178313042449
62384,6,0.00013916180742907236,8.629411463909605e-05,0.0001601881677792508,9.689563336795888e-05,5.748622362799328e-05,4.771761180442026e-05,3.928094156204124e-05,3.383664597193209e-05,8.354431645737595e-05,6.871309509622606e-05,0.00016515725521772595,0.00013485842574516746,0.00013155159226917572,9.045719937955599e-05,0.00015441877959449592,0.00011631655775969982
62436,6,0.00010862830233102613,7.643277726215532e-05,9.216685922366155e-05,5.719917261087989e-05,6.845547821678257e-05,5.446554627325557e-05,5.805929635623064e-05,5.0396933909692584e-05,9.958985778812303e-05,8.83312975278745e-05,0.00013055990603743847,0.00010289035182998512,6.786701217167146e-05,5.64365320929936e-05,0.0001481731811109283,0.00010737754943993077
62490,6,0.00010459868332737212,7.165996025193939e-05,0.00010602621006564851,8.097733472577681e-05,8.220940633925991e-05,6.826103637195067e-05,5.584875030304547e-05,4.5156259731911786e-05,9.184623033799156e-05,7.49842205126858e-05,0.00012567463755282557,9.335158551600158e-05,0.00011951203133177572,9.36487265418793e-05,0.00015940591667711087,0.00011885489066495749
62541,6,4.3987534313061505e-05,2.8660478931392863e-05,7.26685904761807e-05,5.6326954233413236e-05,5.415497063700677e-05,3.740867888321687e-05,3.68610321565965e-05,2.8437527289657936e-05,9.852965813462166e-05,7.233445741497454e-05,0.00016267863881689617,0.0001302567952828427,0.0001242238875321483,0.00010106832280363921,0.00012614926752161447,9.359566049046502e-05
62592,6,0.00011034064817106825,6.607325095479795e-05,8.389796940566264e-05,6.58376276729706e-05,3.836508968848707e-05,2.8320911629427143e-05,2.93163369554948e-05,2.202031363991265e-05,0.00010839098985350493,8.141899480469729e-05,0.00015911695315228214,0.00012734871433773336,9.272991101593164e-05,7.744357563355078e-05,0.00012724077312605106,9.173383571364923e-05
62643,6,0.00017009197751731417,0.00013126750245706013,8.667252754500952e-05,6.550931375346769e-05,4.516453532990398e-05,3.5646722034666354e-05,4.4722219399052795e-05,3.2589565692517015e-05,0.00011076105552680724,8.545765943017784e-05,0.00013054652685207056,0.00010098741065542789,9.146450916629625e-05,7.016748838022505e-05,0.00023088929196066514,0.00017745075429356956
62695,6,0.00021024094464058382,0.00018754544958900557,8.448255973720556e-05,5.885557047691307e-05,6.803059327248471e-05,5.3150780956905946e-05,5.047276169014206e-05,3.719545519071639e-05,9.999486689674543e-05,7.079759918897434e-05,0.00013278901882433865,9.179500287404636e-05,8.328354126091674e-05,6.076869903076162e-05,0.00025663563361466774,0.00021074701049835732
62746,6,0.00021209525190887715,0.00017988352659165926,7.507732265863894e-05,4.7477452935538914e-05,8.982015824807403e-05,7.317038026748434e-05,4.476453670704435e-05,3.486871959216775e-05,9.861236812316145e-05,7.656611281639087e-05,0.00017033864324819356,0.00013184679409768263,8.29346416550534e-05,5.41004154687789e-05,0.0001544213842767596,0.00010859157697264756
62797,6,0.0001746739593412206,0.00012227747169843078,5.5109014238156265e-05,3.458021694226308e-05,7.406366403670328e-05,5.074873760551956e-05,4.7386773440625385e-05,3.913745837707105e-05,0.00012221851636731157,0.0001061321637960607,0.0001811933658727268,0.0001592257103613742,0.00010183422730821387,7.100891405885992e-05,8.31361868521039e-05,6.206701348885404e-05
62849,6,0.00017544812675483848,0.00013383415037251435,9.997281067537989e-05,7.626088830698653e-05,5.1066862948558445e-05,3.3409500480286166e-05,4.509728619236414e-05,3.6315293163647736e-05,0.00010961860013559781,8.773461573600252e-05,0.00014318513820706376,0.00010828508184315065,0.00010512576665398905,8.524160037605445e-05,0.0001316490058531156,8.893213184756574e-05
62901,6,0.0001998186668027954,0.00017956530636369883,0.00011068617896675674,0.0001003846870021452,4.7384380812602066e-05,3.804399011443237e-05,4.0027447069685e-05,3.330666681503863e-05,7.735859541333101e-05,6.317368044967957e-05,8.559407087344467e-05,6.285378870530394e-05,9.156864154017217e-05,7.570357962092565e-05,0.00017720745648671865,0.00013860801464185088
62953,6,0.00018630000892540122,0.00016149299944830087,7.69008290606994e-05,6.919832700844839e-05,3.611607697740294e-05,3.103146767780001e-05,2.809295534573851e-05,1.974920332149663e-05,5.9284942097427905e-05,4.3818215205356546e-05,8.28974891949997e-05,6.431890869951597e-05,7.873600310906306e-05,5.9789988604520187e-05,0.00014640932421965778,0.00011607926710871847
63004,6,0.00015156966221597774,0.00012648890160054378,6.318034191374534e-05,5.163840483397434e-05,3.724855391259854e-05,2.880068069210302e-05,2.0086009598853386e-05,1.3193714247188275e-05,4.6915337649331035e-05,2.731784090224469e-05,9.294050750226882e-05,7.219621463357949e-05,5.8140701478459774e-05,4.3540672723033976e-05,7.788656936499544e-05,6.466350174408149e-05
63055,6,0.00011674398241432378,9.196822638609625e-05,0.00010449418239735053,8.196075169593626e-05,7.06171217833304e-05,5.273295318314243e-05,3.909929479591248e-05,3.1681083132670504e-05,5.777374519937425e-05,3.555330448764592e-05,9.296313001572143e-05,6.680088766873161e-05,5.4458848970947985e-05,3.768591019493364e-05,5.577423018426654e-05,4.160975590774608e-05
63107,6,0.0001364823664349168,9.716577224422006e-05,0.00014136145496735129,0.00012139098861504016,7.942608376578231e-05,6.535264333692537e-05,4.72109592930997e-05,4.303994557489906e-05,9.241746140196971e-05,7.102323691518406e-05,0.00011097626069789287,8.378479624486409e-05,7.097843381473022e-05,5.1825938484141236e-05,0.00010873324749666722,6.29855905437686e-05
63158,6,0.00016185680874263646,0.0001312947902810105,0.00011004752464619357,7.832861686624215e-05,5.903147925181178e-05,4.9680560975156944e-05,4.332232762026423e-05,3.5582660169930345e-05,9.419183289060298e-05,7.774296214725132e-05,0.0001107413162140015,8.970640569540778e-05,6.088803144849271e-05,4.6473551663094573e-05,0.000124119904405,9.143684191146407e-05
63209,6,0.000129154001695267,9.969642257686497e-05,7.136512841091183e-05,3.7172113313441674e-05,6.055087402000509e-05,4.5456902963738055e-05,4.7726564607565145e-05,3.3968871898684495e-05,6.78438707198675e-05,5.322878416006602e-05,7.915080017655551e-05,5.801899772263277e-05,4.988849066085263e-05,3.7998141787398274e-05,0.00010945791962299365,8.531468706014074e-05
63260,6,0.00017395628166496003,0.00013022588571280842,0.00011132385248370063,7.549779336818698e-05,7.087073588175849e-05,5.104315222068493e-05,5.13145474635927e-05,3.83629864524542e-05,6.37643470002389e-05,4.856759337142362e-05,5.9190416058255584e-05,4.228246175661303e-05,7.058407240459102e-05,5.6130494582569025e-05,0.0001883919958474326,0.00014058403111071955
63313,6,0.00033203590699980404,0.00025720998944263855,0.0002102016262825686,0.00014831112854106317,5.761905373361787e-05,4.217180586912046e-05,5.2950424533644e-05,3.831536876831356e-05,6.85756511709888e-05,5.431453240790829e-05,6.883254493071253e-05,4.7337347172119955e-05,6.90606674871033e-05,5.526325975423635e-05,0.00020759271950233275,0.00016102992991616169
63364,6,0.0002980502156704758,0.00019724319186235543,0.0001927293682522272,0.00010989044695659562,2.5303324574514318e-05,1.942901897845232e-05,4.091296317670122e-05,2.2798873730168014e-05,6.131826989842433e-05,4.336304180721717e-05,7.459683697893051e-05,4.886999243305849e-05,4.9504506336353886e-05,3.873911220136705e-05,0.00012471432030464324,7.915114303385896e-05
63415,6,9.263159943750589e-05,7.1648526405926e-05,4.5673126957503377e-05,3.144230852456818e-05,3.31363187564399e-05,1.892012120504635e-05,3.4523052641978146e-05,2.1111307914212866e-05,8.338744086268485e-05,5.0954979436898685e-05,7.966502933857083e-05,5.7098864813243005e-05,3.572675233623454e-05,2.656841313288207e-05,5.9711824450949484e-05,4.6061876183557286e-05
63467,6,0.00010620088275966172,8.22289386375239e-05,3.439834420540447e-05,2.6937255165318457e-05,8.549101448985875e-05,6.181954084201085e-05,6.011124236429698e-05,4.8815854817010456e-05,0.00010231268197714322,7.997294042775075e-05,8.06598871859607e-05,5.836081214037986e-05,3.8561037946279445e-05,2.4749879518881752e-05,0.00010081934085599852,7.939788166372021e-05
63518,6,0.00014190381520602134,9.866447581323104e-05,6.412746441132377e-05,3.8635846818750706e-05,8.245191767659667e-05,5.860028439902108e-05,5.436825349274943e-05,4.149165796466849e-05,7.165994015336844e-05,5.187984787253112e-05,8.147461232620088e-05,4.6948795330913946e-05,4.804728612367828e-05,3.148231537235837e-05,0.00011140217864525534,7.728950315863696e-05
63572,6,0.00012029746455799215,6.294957921584298e-05,6.63708222458097e-05,4.0218819412740514e-05,4.607245645152445e-05,2.8358444168680353e-05,2.8128280553878078e-05,1.9964011836502777e-05,4.494172346290541e-05,3.1343477483883596e-05,9.23599676534785e-05,6.202899855991612e-05,6.656784306988883e-05,5.185158892115457e-05,7.91551412677329e-05,4.486983531738477e-05
63625,6,7.841187308125782e-05,4.5920863061198843e-05,8.291261347306822e-05,5.274635413675158e-05,5.294585694419929e-05,3.786089619900419e-05,3.0448946493479167e-05,2.5018791156180956e-05,4.422152891002495e-05,3.401149300565322e-05,7.969941058618041e-05,6.410219128791142e-05,5.9163046444901496e-05,4.413090328047932e-05,5.8471867723387944e-05,4.088811870643823e-05
63676,6,0.00013038744776896826,7.562617727909318e-05,0.00012632716943501265,8.25332459203838e-05,5.479533501564434e-05,3.8992297375163396e-05,3.41372930065199e-05,2.6664413120151428e-05,3.3234799366391446e-05,2.5009073449820726e-05,4.854502049854223e-05,3.870003234784666e-05,2.917028562861225e-05,2.2022305891913728e-05,5.968171801892595e-05,3.943536327995934e-05
63729,6,0.0001519006982880203,0.00010344068215918692,0.00016035951551913167,0.00011896581922787023,8.624368505033075e-05,6.824347205602504e-05,3.917173225113431e-05,2.8290427508545906e-05,6.335464810771247e-05,4.752075641266973e-05,5.958920170197564e-05,3.948351192340274e-05,3.779362175319278e-05,2.7535289985981506e-05,7.191715670387059e-05,4.9833067093578464e-05
63782,6,0.0001522787109923563,0.0001286418469361045,0.0001432630365742042,0.00011517764116976115,8.218694161392431e-05,6.83229707070376e-05,3.326311854412654e-05,2.256147113053734e-05,5.958036523126299e-05,4.168254132720429e-05,5.647868021633188e-05,3.707296024367158e-05,3.968467773330303e-05,3.1610452136172724e-05,6.852570250619833e-05,5.125001984481306e-05
63833,6,0.00013958214732008982,9.842517074067439e-05,9.441410661530246e-05,5.968386444679216e-05,4.88574616593337e-05,3.968837094219787e-05,1.4444412117424653e-05,1.0996362603540631e-05,3.168276133563958e-05,2.387121146228229e-05,4.35901226124697e-05,3.158765024027094e-05,3.093500569859249e-05,2.658040563053851e-05,7.921051379827649e-05,5.340037284449459e-05
63885,6,9.671878296003499e-05,5.358128590426015e-05,7.979819076979288e-05,5.1403087834358705e-05,4.679878561215835e-05,3.889481801462848e-05,1.9363192071916458e-05,1.3820883004567212e-05,5.530504208219116e-05,4.19617041936108e-05,7.098034945263274e-05,4.831873089739578e-05,2.6729664184781797e-05,2.0172039066505496e-05,8.878297426883578e-05,6.447467779353954e-05
63941,0,0.00010677750288006372,7.310017757779486e-05,0.00016312102505252487,0.00011331474958526084,6.61437895124527e-05,5.116017612058488e-05,5.173248835743525e-05,3.770950349562625e-05,9.610537470835704e-05,7.125486147775944e-05,8.975099798395876e-05,6.401828064783326e-05,2.9025341845788236e-05,2.0096956966612285e-05,7.515965998587474e-05,5.761323160935132e-05
63993,0,0.0001518277646808978,0.00011677067704000444,0.00016262149993947374,0.00010647967850644426,7.128159679769695e-05,5.460372445870604e-05,5.820805690036169e-05,4.583371663261605e-05,9.081426078327406e-05,6.508020224759232e-05,8.498308972615406e-05,6.515662501481567e-05,2.663698243661049e-05,1.999816382872974e-05,0.00013137057497078706,8.936520116925914e-05
64046,0,0.00013848325640445928,0.00010445588924019666,0.0001038557352436629,7.94603578008475e-05,7.306163019779022e-05,5.178033202640704e-05,4.335168052418187e-05,3.065331610246205e-05,5.652514254031535e-05,4.431971105092505e-05,6.11302122909102e-05,4.819267066679512e-05,2.1465603434411145e-05,1.8138350530615366e-05,0.00013125779554965693,8.878049770616534e-05
64099,0,0.0001149821693332759,8.382040093580019e-05,0.00010638967084818482,8.182454047351872e-05,7.401553158918152e-05,5.2752383508878476e-05,3.302090936279695e-05,2.3037499711210392e-05,6.76957035642233e-05,5.897356552885027e-05,5.07693111900286e-05,4.1088358900986286e-05,2.3960189244475275e-05,1.9458732424048327e-05,7.223435342254248e-05,5.245510505485618e-05
64151,0,0.00010609718961401553,7.212116929107413e-05,6.506087632111484e-05,4.7681355940828684e-05,7.361477403835357e-05,6.064047341656877e-05,3.692665769615852e-05,2.974384579028054e-05,8.225283073095451e-05,7.334982675797571e-05,8.90746383514455e-05,6.787378448735009e-05,6.379500215289347e-05,4.312502304574418e-05,8.907371761653333e-05,6.684190342364082e-05
64203,0,7.281081089247605e-05,4.8865336510600134e-05,5.5218202413919826e-05,3.889249670792454e-05,6.242001235359145e-05,4.728393651340665e-05,3.5508096156565755e-05,2.6568721378439124e-05,7.470980326220772e-05,5.908575178840516e-05,9.003736205748766e-05,6.622642278157137e-05,7.758988711206922e-05,5.9554369866630825e-05,0.00010152446964368322,7.983520696974565e-05
64255,0,0.0001067148121005402,7.94808165933881e-05,4.471188924989781e-05,3.10685837324573e-05,2.263293032316043e-05,1.7731440432699643e-05,1.670892204926495e-05,1.254645554002913e-05,3.873272815457406e-05,2.4509078009767186e-05,4.297531982210851e-05,2.4929011695087107e-05,4.870466717033603e-05,3.163044158128159e-05,7.865840554264679e-05,6.0141395714227945e-05
64307,0,0.00010840101275179384,8.481823813660772e-05,4.2353646078609163e-05,2.81960693857638e-05,3.059618573420564e-05,2.4391319558937723e-05,2.088470832256088e-05,1.5924216243933135e-05,2.516220698208924e-05,1.5821444466188514e-05,4.735345344526869e-05,2.9103366074816466e-05,1.9943388685274743e-05,1.4502553655179016e-05,4.113800247733638e-05,3.2754335278681166e-05
64360,0,8.072310464647534e-05,5.634200836635575e-05,7.861479978083518e-05,5.0642800168773e-05,3.29471904655529e-05,2.5887073582002272e-05,2.4746018622874764e-05,1.749674619793739e-05,3.965800323611603e-05,2.3462329216981242e-05,6.875051390985612e-05,4.91442161296994e-05,3.8561357156463454e-05,2.6389314855322574e-05,9.327062964379742e-05,6.818065664400588e-05
64411,0,0.00010128167297695568,6.969043892403394e-05,9.63503607277649e-05,7.663745145295295e-05,3.457034648213961e-05,2.7180832671283307e-05,3.841052259344949e-05,3.0145614079447052e-05,4.2608457098484554e-05,2.6998929701490894e-05,6.167126600091212e-05,4.546591999729237e-05,4.602340934667914e-05,3.443941926603648e-05,9.458731044846963e-05,7.092900718199852e-05
64463,0,7.82360681690407e-05,4.89986979973875e-05,6.989641924770445e-05,5.5003954357341684e-05,3.276027086517815e-05,2.491618010287086e-05,3.722745861981603e-05,2.9318887445468087e-05,3.4533590548549775e-05,2.4756781591367705e-05,3.9610508706852855e-05,3.124998793767665e-05,3.102893287262148e-05,1.9803553856535084e-05,3.667255252712435e-05,2.505606546373309e-05
64515,0,5.262318847074442e-05,3.790289775203226e-05,3.448517345140142e-05,2.6734160054230115e-05,2.2492380002872435e-05,1.511256331029719e-05,1.8950518851820242e-05,1.3078696547353764e-05,4.45777839615025e-05,3.143996212416153e-05,5.696281173161139e-05,3.455115144684536e-05,1.086931478764707e-05,6.707333669803615e-06,4.087204312665736e-05,2.832643274700969e-05
64567,0,6.429330293962029e-05,5.3251887023539515e-05,3.180110961346001e-05,2.5016214235394797e-05,3.9685596066137404e-05,2.7679290888472408e-05,2.8368455780354122e-05,2.1943238487582652e-05,5.642929422732172e-05,4.803004610567709e-05,6.237552822120793e-05,4.5394799043827794e-05,1.1399200566230872e-05,8.319982440664209e-06,4.283227673018909e-05,3.3287230055803544e-05
64619,0,6.151035913081898e-05,5.141175925029609e-05,2.731801380983634e-05,2.358732580456307e-05,5.1626247905465406e-05,4.058218335348336e-05,3.304073984048213e-05,2.630444210771002e-05,4.623848989185826e-05,4.273694847454273e-05,3.58434400743272e-05,2.8995107983120922e-05,1.6279813739984976e-05,1.3144817055417262e-05,2.689426890224077e-05,1.8028701035284457e-05
64675,0,4.990277015994694e-05,3.813622864332756e-05,2.3974242003678644e-05,2.0676659820649845e-05,3.775060927361511e-05,2.617632831656894e-05,2.432688476439803e-05,1.7680416539868763e-05,2.5027633949023603e-05,2.1095994022940776e-05,3.1752762260715604e-05,2.520004301626795e-05,1.56826872735297e-05,1.251651631391356e-05,1.0147471870507964e-05,8.249471039639682e-06
64728,0,2.3998698210429638e-05,1.7403896729083213e-05,2.0090828345722075e-05,1.522387075560129e-05,2.0757775130698906e-05,1.6645128751754535e-05,1.5837156639812064e-05,1.2261149627596868e-05,9.772514894096307e-06,7.928152195836e-06,2.8545621937149895e-05,2.193508766258948e-05,7.317800280181413e-06,6.110813275065501e-06,8.10866438812796e-06,5.978625195520648e-06
64783,0,1.451661365525528e-05,1.0807765928724031e-05,1.0468811079209003e-05,8.97946282783067e-06,1.9442491921898128e-05,1.5096978346316667e-05,2.0164236768993363e-05,1.3661746875466262e-05,8.796910604363242e-06,7.03469937376467e-06,1.59716023266248e-05,1.1145026737251265e-05,1.017054873936391e-05,8.5966944090216e-06,7.797500250215682e-06,5.767054402904297e-06
64839,0,9.499225178436527e-06,7.048205435346126e-06,1.405257487200577e-05,1.0045082865903648e-05,1.240972966262035e-05,8.549530946696594e-06,2.3532819396158917e-05,1.6922082563446736e-05,9.818541581599576e-06,7.706177666942653e-06,1.1055045251855653e-05,8.1823351094408e-06,1.0684807634267624e-05,8.393976601185159e-06,8.096343192981919e-06,6.125945637232813e-06
64894,0,1.2963989916325558e-05,9.685359159099278e-06,2.5997547747978358e-05,2.0488908227916632e-05,1.929336944328038e-05,1.277485606686517e-05,2.0116297576258026e-05,1.592119115953987e-05,8.555009677141502e-06,6.301540218480974e-06,5.8095988089488626e-06,4.52635698121235e-06,7.202548471463452e-06,5.596914239280659e-06,1.0024135573704282e-05,7.52902910116852e-06
64949,0,1.414402355307838e-05,1.2339337535538412e-05,2.456462709225011e-05,1.998787090463439e-05,2.16982137386329e-05,1.5109720649870587e-05,2.2301776559730354e-05,1.692416959697135e-05,9.252680938314036e-06,7.381124113783294e-06,7.467088503339485e-06,5.313205754519256e-06,7.4038222703529585e-06,6.546571238391967e-06,1.0038125615695455e-05,7.897683585369604e-06
65004,0,1.0990356933525425e-05,8.746288884252764e-06,1.10374576361416e-05,9.194731442980542e-06,1.986031278127244e-05,1.457300522914736e-05,1.8241549253709965e-05,1.2726517447835461e-05,7.853856455257918e-06,5.538687272742627e-06,9.913593089611388e-06,7.189135957574809e-06,6.063995443038704e-06,4.393924327669263e-06,5.1893320008134e-06,3.5505904794999695e-06
65059,0,8.565486558464033e-06,6.48285838526112e-06,1.2367193696801203e-05,8.339061594196719e-06,1.6095555782272216e-05,1.2009215689990152e-05,1.0034351580174558e-05,6.846083431283942e-06,3.5156453320359167e-06,2.0147589840731845e-06,7.461507027413756e-06,4.888861113406864e-06,4.51444411535527e-06,2.9463715900226077e-06,3.764194442488596e-06,2.4262625655382746e-06
65115,0,7.999918491811936e-06,6.331100922037041e-06,2.0093005332799698e-05,1.373069726870445e-05,4.371893395126593e-05,2.7241118043508262e-05,1.7909237353815466e-05,1.0653136432892403e-05,6.833326076640717e-06,3.744248003701986e-06,4.4399275467169204e-06,3.4887089831463934e-06,5.34054846425497e-06,3.961971000757482e-06,5.327499505943331e-06,4.089764117437896e-06
65169,0,6.38810946228075e-06,5.067241911518668e-06,2.0884510105113574e-05,1.606940962529473e-05,4.5332917211518006e-05,3.1031074680616205e-05,2.118851680214771e-05,1.5959994467587188e-05,9.534996309080471e-06,7.171978267570994e-06,4.837496794944699e-06,3.602638785665816e-06,4.822944740469686e-06,3.608979627863156e-06,4.7191669234662425e-06,3.408893553684058e-06
65224,0,5.628417554530212e-06,4.556805434182415e-06,2.0849796008276465e-05,1.7643720552950867e-05,4.3751771350265306e-05,3.44450973296993e-05,1.791822769657297e-05,1.5199116057880216e-05,8.803847384781571e-06,6.148552689707765e-06,4.744504243711383e-06,3.1740962536418275e-06,4.213491205820924e-06,3.214904321452417e-06,4.462825590590155e-06,3.2880047355022965e-06
65280,0,6.781293338393447e-06,5.1713473003026195e-06,2.2648090789575857e-05,1.9287430936809986e-05,4.701332991492336e-05,4.007709583439462e-05,1.5821991018332467e-05,1.3238440527014455e-05,7.013293489233069e-06,4.553489392125807e-06,5.575456706032887e-06,4.031329563322073e-06,4.621371695441594e-06,3.148253916529764e-06,6.106186312187068e-06,4.622923831812458e-06
65335,0,6.257198555940696e-06,4.644481576652845e-06,1.9280360635521336e-05,1.5357484380783383e-05,2.5746227525834023e-05,2.0024669158976378e-05,2.081534140288265e-05,1.6602368133861826e-05,1.1452198502052875e-05,7.595813067595853e-06,6.510119725532416e-06,4.535710612619891e-06,7.154164771153814e-06,4.283153207800339e-06,6.384672261968907e-06,4.784006252900997e-06
65393,0,8.562709298018703e-06,6.41090886519727e-06,1.558473745477901e-05,1.1662222917315987e-05,2.1799309330483326e-05,1.627534326931527e-05,2.391705588448013e-05,1.8994772689217475e-05,1.2439641267449939e-05,8.8741000969062e-06,6.987195369180988e-06,4.8867322860888476e-06,8.43447330620979e-06,5.415844909748065e-06,9.477444565615694e-06,7.271080985594549e-06
65448,0,8.722937086250806e-06,6.6491675876601665e-06,1.1905481862602649e-05,7.912171197331674e-06,2.7435775733814194e-05,2.0999448249454336e-05,2.453637184578945e-05,1.9563929300454733e-05,1.5746202658990658e-05,1.1581091383662361e-05,6.564715780510234e-06,4.701616282031804e-06,6.613452180250756e-06,3.7991107672166303e-06,8.59294965623647e-06,5.851230878758009e-06
65506,0,7.486958088074721e-06,5.677582174422062e-06,1.3822709715441658e-05,1.0396114839784834e-05,2.354613739812864e-05,1.658841985394031e-05,1.9678422550072623e-05,1.4485210430867026e-05,1.5005566563925574e-05,9.780109472452067e-06,4.946785105742038e-06,3.5287803611111695e-06,6.285812873880664e-06,4.459322290672939e-06,3.33005204444835e-06,2.423172115499827e-06
65560,0,8.335100889007918e-06,6.14053030197985e-06,1.7625151552481056e-05,1.3969876678538266e-05,1.604565068520434e-05,1.1886367065136325e-05,1.3115793656663475e-05,8.546693486642802e-06,7.119610136269445e-06,4.696142328133312e-06,5.415136203694493e-06,3.951324080107393e-06,6.681636284958011e-06,5.1361980870615086e-06,5.5075597047565384e-06,3.2822736406942845e-06
