time,raw_emg,filtered_emg
0.0,-0.3038422876841708,-0.0038171147769014632
0.001,0.7613808994637769,0.9332140441392466
0.002,1.1560060518741109,1.2687914371613491
0.003,1.4076930692801424,1.3590801344824242
0.004,1.4599108625670492,1.4371909987566502
0.005,1.2958160973646646,1.1236919404132615
0.006,0.9840925153451354,0.9195498005709934
0.007,1.4129461215768722,1.245215292205393
0.008,0.596688600698665,0.5912479306140707
0.009,0.6366042070579921,0.5839899074635542
0.01,0.2495043813778936,0.3737519674695745
0.011,0.0628142700082983,0.177309995604871
0.012,0.8627502614779752,1.1300713103019997
0.013,0.4245105878680822,0.6813524733544074
0.014,0.0597186379005978,0.4204433848669938
0.015,-0.3725715029039232,-0.06294875629825389
0.016,-0.7583971084667488,-0.3993066706371179
0.017,-0.6577795806391751,-0.4138294463382334
0.018,-1.8772654050798103,-1.6234153194568974
0.019,-1.7357199810157278,-1.6588340735076403
0.02,-1.5428235163302866,-1.4639778361362836
0.021,-1.3354904353273025,-1.4713336310436744
0.022,-0.8581424488456688,-0.9594306987593267
0.023,-0.0529098170731975,-0.37309398224049906
0.024,0.3178261395368714,0.10102071736625898
0.025,0.2877255000021344,-0.12314924220315487
0.026,0.4108993152027216,0.18894533560831267
0.027,0.6259774665473983,0.2501518629556194
0.028,0.1695701384198553,0.05499250863213599
0.029,0.4083556135416863,0.1799830953950577
0.03,-0.1963601788309116,-0.1338348485622064
0.031,-0.0298013186866649,-0.05267662166374766
0.032,-0.2879958140105729,-0.049802616875695704
0.033,0.201087705792609,0.3666012319350124
0.034,0.6913362401223354,1.031982671549396
0.035,0.7464507832971711,1.0162726598978629
0.036,0.8212193263172283,1.146401064006699
0.037,1.0277842070015344,1.2847760370652364
0.038,1.1077591050879767,1.2989175945861453
0.039,0.7148397362063208,0.8551004479967587
0.04,-0.0654280978417853,-0.0823535800121081
0.041,-0.2221435066654435,-0.24887505444237273
0.042,0.2910272971776626,0.06566755230494514
0.043,-0.1635851611386784,-0.3349703083825629
0.044,-0.1771555731269468,-0.5348741054714462
0.045,-0.078179212240215,-0.3091164605034556
0.046,0.2110264611456455,-0.1526403405985039
0.047,0.2609306114347988,0.08275356649952981
0.048,-0.1646732827641876,-0.402755177928857
0.049,-0.7964745263113895,-0.8296730913279259
0.05,-1.0541002498182055,-1.0781091566991383
0.051,-1.631105385186644,-1.4875849384649942
0.052,-1.307336372079975,-1.1047433997247798
0.053,-1.3828249933534795,-1.1073474244681498
0.054,-1.7551706182506337,-1.3941621506791153
0.055,-1.136680871956763,-0.8355608900040903
0.056,-0.5928689928457771,-0.19726593263633252
0.057,0.0191689037286389,0.2182527370798685
0.058,0.2588135864082842,0.5555561325976905
0.059,0.8515380437958676,0.8497929361046289
0.06,1.115437921100912,1.2191862404694063
0.061,1.2032455803742694,0.9712651105679054
0.062,0.8645230691547474,0.7540525755701106
0.063,1.1355336524647388,0.7280208580580118
0.064,0.823504859067508,0.5566365791793655
0.065,1.358295950204627,0.8963742280158502
0.066,1.2766994578733089,0.9677314064401097
0.067,1.480553710941832,1.1076795594161102
0.068,1.0725801842594909,0.849374827324562
0.069,1.0045486865722044,0.832239866599453
0.07,0.8039262599719802,0.7598831123512002
0.071,0.0552864929668935,0.12002504616096984
0.072,-0.1761714716465867,-0.01750697222580276
0.073,-1.057048844089407,-0.8083420435077332
0.074,-1.2320488109239915,-0.9264059795343984
0.075,-1.6909514108729484,-1.381110609154469
0.076,-2.016961390463704,-1.6781550149669306
0.077,-1.2082587591948144,-0.9836725740279324
0.078,-1.2245802756338748,-0.9797260013846876
0.079,-0.4759128547369784,-0.4519333430886617
0.08,-0.3752715431292261,-0.3136156878684582
0.081,-0.2735210525210488,-0.4922038341362203
0.082,-0.4808407257468716,-0.6176257118745839
0.083,-0.1977264115682118,-0.6129731242605518
0.084,-0.0273552845278557,-0.29773173748351633
0.085,0.1939455805300191,-0.30036740029676906
0.086,0.2410611878775266,-0.04421250435305386
0.087,0.4285820702487367,0.001919511722515893
0.088,0.4381246102447465,0.2621514044218525
0.089,1.012681157905733,0.7766861499490809
0.09,0.9285868610839164,0.940878123365226
0.091,1.23651691013376,1.2461184704114407
0.092,1.0912791608600667,1.2927785694743983
0.093,0.9271990708078474,1.1495587649934604
0.094,0.6729466981809056,0.9844242897958395
0.095,0.3522893499324656,0.6795158413294325
0.096,0.1440146396862102,0.4356030562924391
0.097,-0.2468220743571901,0.04314084991297232
0.098,-0.2516837375418281,-0.11025491101159923
0.099,-0.1453811322191934,-0.01559314710874915
0.1,0.0281900426639311,-0.05930345206286476
0.101,0.3652011842434967,0.27668167370889685
0.102,0.6572349373449461,0.3470543099201936
0.103,0.149188762541688,-0.13102921870993883
0.104,0.0793438593925714,-0.3611086550520445
0.105,-0.3944404002004927,-0.768348166497043
0.106,-0.8867998000644057,-1.311396819930904
0.107,-0.9513560742542472,-1.2902487077456062
0.108,-1.149968013150863,-1.4126132211742584
0.109,-1.3537097167489829,-1.5498085741421603
0.11,-1.0310475576283045,-1.040574007360321
0.111,-0.7499063171535261,-0.7587096566092832
0.112,-0.5621099183922948,-0.3178162408963534
0.113,-0.0139980095902823,0.1290789024353164
0.114,0.0071172607741143,0.41303982765827396
0.115,0.3777359362536349,0.572320002587128
0.116,0.049914724773395,0.46468315031461327
0.117,0.3309226068516993,0.45202218537908556
0.118,-0.0255831681981463,0.2403504692403452
0.119,0.5082906640177329,0.4564770784467566
0.12,0.4462808098007873,0.4594504405510168
0.121,0.8925923920256404,0.6350139596547091
0.122,1.3782525879176988,1.1276952955867812
0.123,1.7369302849358703,1.323189931791985
0.124,1.8753295761689863,1.4473114533189868
0.125,1.4846986135564926,1.0308076218510052
0.126,1.6217090565096224,1.166987758644925
0.127,1.3630522686744893,1.0084426034925522
0.128,0.4538175754900554,0.13095226423508866
0.129,-0.1325096947423354,-0.27890798539676065
0.13,-0.7742340035387137,-0.8574840034315007
0.131,-1.1917002874978249,-1.0958766413452996
0.132,-1.045889269083947,-0.8708582276794977
0.133,-1.1115176707960144,-0.8306667516916982
0.134,-1.4425895700207532,-1.0839315662117053
0.135,-1.4524477538167029,-1.11580754024169
0.136,-0.9841127018153092,-0.5800588306168615
0.137,-0.9571564610835788,-0.718031638876334
0.138,-1.1662797724014349,-0.8662886040015985
0.139,-0.7752337706360388,-0.7520158845098668
0.14,-0.8884945111759368,-0.7979868706030189
0.141,-0.686370507779146,-0.9158408308250793
0.142,-0.8941905892666715,-1.0363594252456703
0.143,0.0885192934326215,-0.3327226394584872
0.144,0.7810858058736866,0.4725982158227203
0.145,1.4120385147500405,0.9365225772342485
0.146,1.4251016473889833,1.0803370941705666
0.147,1.645991595475817,1.2790942886549364
0.148,1.736825651985343,1.499436325128852
0.149,1.5022441209287702,1.3698727711649792
0.15,0.8880779099888418,0.8606500224129312
0.151,0.5073571049047825,0.649290030551114
0.152,0.0561647009534851,0.2617130360464832
0.153,-0.4022618167820446,-0.04896906269096803
0.154,0.1164801515585771,0.49063688814053064
0.155,-0.1125116689802859,0.310003091254944
0.156,0.1238026132910229,0.5402375517277264
0.157,0.1391850011694737,0.46437566414448417
0.158,-0.0503868237204106,0.26836893270064854
0.159,0.1812247576864015,0.2822971396818674
0.16,-0.4278036094328807,-0.307044561604302
0.161,-0.4853551905139047,-0.6469239588186879
0.162,-1.082085099585107,-1.1815871809188734
0.163,-0.951212577228378,-1.3114874071705849
0.164,-1.2063556393813075,-1.4614830449784322
0.165,-0.6871868206935947,-1.1046559474924995
0.166,-0.6640215255596834,-0.9476845547798874
0.167,-0.5331508729347659,-0.8428012486551781
0.168,-0.0256703105006002,-0.19752690403900858
0.169,-0.1433306909579479,-0.21958224622992017
0.17,-0.0668997919757495,-0.028586456401563987
0.171,-0.1484078692661062,0.04672241702491279
0.172,-0.1865096395389146,0.07905926237498365
0.173,-0.3488201264976394,0.052438369686635816
0.174,-0.4876975186017873,-0.06615558896793847
0.175,-0.2035367008124151,0.25815219428881364
0.176,0.0011888612733194,0.44738694776217375
0.177,0.1800285286809859,0.5291776806389955
0.178,0.6455237237272715,0.9774768302871849
0.179,1.1370759912643988,1.2375581631660515
0.18,1.2908464730219085,1.4173070666311087
0.181,1.6258907773605888,1.4296716220240244
0.182,0.9759957073249176,0.8893498371866699
0.183,1.115736871021864,0.6817276998085287
0.184,0.4054062992705513,0.1839945513163958
0.185,0.2087148602939383,-0.3177490154220842
0.186,-0.0230941099344821,-0.24703911327560826
0.187,-0.2294845929314286,-0.6684733905805357
0.188,-0.6083766155650656,-0.7026847139326841
0.189,-0.2021687579606459,-0.40331297884832823
0.19,-0.5431251902373264,-0.43027008934146477
0.191,-0.3950719379708932,-0.29098924538266524
0.192,-0.7549547090638397,-0.4452647126968536
0.193,-0.9094407272283492,-0.5392990291230135
0.194,-1.1481369314987944,-0.7383514870863395
0.195,-1.5128388637588437,-1.0071616660924185
0.196,-1.5283877386393816,-1.1656755704668709
0.197,-1.5916051290081998,-1.1232652077651404
0.198,-1.1332402301970197,-0.958450676828305
0.199,-1.1640326396704954,-0.8832591435170066
0.2,-0.0198856228195081,-0.11196557256517481
0.201,0.3203921415474908,0.3424735446696406
0.202,1.2054551183769415,0.862245638906614
0.203,1.5270576817491943,1.3245518174622763
0.204,1.5548756089029785,1.0680218983226835
0.205,1.1348036260563337,0.8321248494957102
0.206,1.192735109215791,0.7234977317929688
0.207,1.0082886931743746,0.7700375532347853
0.208,0.8526202796850634,0.5576628283063517
0.209,0.6923029097976521,0.6582235503149756
0.21,0.7678048662115439,0.7422634196749371
0.211,0.4662699616714569,0.6963651219605035
0.212,0.6624524695921493,0.9053682414979954
0.213,0.2564022503100278,0.707300297214277
0.214,-0.0028070037427821,0.4123345333803653
0.215,-0.1799344835662709,0.36136607983994345
0.216,-0.7527542796125827,-0.32070895228412033
0.217,-1.580097002455515,-1.1160129710931477
0.218,-1.404753329378874,-1.1119249699743443
0.219,-1.6866720042273728,-1.4404335736488556
0.22,-1.6712805806198006,-1.6158651584780495
0.221,-1.0709393556245106,-1.1018158339251267
0.222,-0.5440846308705413,-0.729378231132948
0.223,-0.2723749722666496,-0.5351110404810193
0.224,0.0071693498199998,-0.326366136348724
0.225,0.0914155438385333,-0.2708661926125002
0.226,0.1561701543869751,-0.17353119168928038
0.227,0.3584141464453498,0.064516660391752
0.228,-0.0061559076715145,-0.17942851244937838
0.229,-0.1946242150787258,-0.28176134683725956
0.23,-0.1701594387436439,-0.09325076241312696
0.231,-0.320880381791073,-0.146213322070206
0.232,-0.2748904471141281,0.05039532133259831
0.233,0.2472485312149507,0.634077979897871
0.234,0.8535511368635279,1.3301161926129097
0.235,1.09936693342298,1.5631721018052167
0.236,0.692815525004922,1.1654964398501684
0.237,0.7990145827694705,1.1707500460992748
0.238,0.6629775227950392,0.9778464095138469
0.239,0.0422300468726637,0.1834931119274276
0.24,0.1820974440506312,0.24556459556502397
0.241,0.4078286007002751,0.2643949141416435
0.242,0.0276779469501112,-0.15726916716876307
0.243,0.1745861393866197,-0.20150568318053627
0.244,0.1351895856402915,-0.19931413592119335
0.245,0.3401861466272017,-0.12883419892152073
0.246,0.1683495615692511,-0.15872752211292973
0.247,0.2510518948821152,-0.1355941284232257
0.248,-0.0077204524021166,-0.17291176485126958
0.249,-0.7066235930767467,-0.8659350590204761
0.25,-1.1744343282665786,-1.0864233494958335
0.251,-1.17599055041295,-1.0480355697808257
0.252,-1.7327133914939343,-1.399978386015181
0.253,-1.7552894180594298,-1.3876044113228596
0.254,-1.6381911175748465,-1.1665494405804822
0.255,-0.9485836854517397,-0.4780741666561845
0.256,-0.77064731184686,-0.32260156261378337
0.257,-0.3470449351421297,0.05222906039801771
0.258,0.4694927066850414,0.7372623029766594
0.259,0.4692564753614853,0.652900123459157
0.26,0.9703553153894626,0.9663637107379718
0.261,0.9689896342726884,0.8788200698370878
0.262,1.2115861083401995,0.9429449972755027
0.263,1.1126869095329104,0.8010255454823555
0.264,1.2267920425534662,0.7948461411519856
0.265,1.2102452090558895,0.8216819664270963
0.266,0.8938530317174869,0.4548727351081324
0.267,1.1920532174950582,0.9085133522364778
0.268,0.9448328089810714,0.6512347058234791
0.269,0.8374492637019353,0.8073064093711654
0.27,0.9057835215002932,0.8497870436719994
0.271,0.092789949904732,0.3717911190826533
0.272,-0.3106548375163852,-0.13082079881148712
0.273,-1.3832699671109658,-0.8558118294404675
0.274,-1.2146784564404975,-0.8939210922659121
0.275,-1.997200719602846,-1.3771676124337053
0.276,-1.635019216326492,-1.3252327429240358
0.277,-1.5988697203740054,-1.0792733963987042
0.278,-1.093722703805085,-0.9451317597025649
0.279,-0.9707151258138133,-0.7102425375275181
0.28,-0.6996115859219569,-0.8015380855297004
0.281,0.0205424283077098,-0.0455033540769715
0.282,0.3321227342758917,-0.012084798327856448
0.283,-0.0437759271524801,-0.3905918269526336
0.284,0.0029514342693092,-0.4789398277669744
0.285,-0.0958576439550422,-0.5846364597603084
0.286,0.2271208455370572,-0.2317266173611025
0.287,0.0747398153329102,-0.3767412203201257
0.288,0.4471382353914849,0.1646831948037208
0.289,0.7479463245904852,0.48821467211736236
0.29,0.9138705885186532,0.8920172146312756
0.291,1.5860587235015984,1.592769330640752
0.292,0.9771629554749536,1.196323388609202
0.293,1.3291727271353668,1.5716513805783348
0.294,0.9255092390540908,1.268854832986991
0.295,0.5006598327430196,0.8557134191863749
0.296,0.4627861166193098,0.761518447977029
0.297,-0.1079212191088311,0.19153142489982958
0.298,-0.4211473697952584,-0.3219259767037368
0.299,-0.5917385488220839,-0.4959420567633764
0.3,0.3208288144967134,0.14015271681568048
0.301,0.4177097485881436,0.24012362122333894
0.302,0.4375355410712473,0.003430117643177591
0.303,-0.0011579047257497,-0.4150780790707752
0.304,0.2981537931033668,-0.26510716989245653
0.305,-0.1333781802711541,-0.6533685811314361
0.306,-0.7727237545510361,-1.2894193641593221
0.307,-0.715202594969959,-1.1678240582931954
0.308,-1.1486702949871546,-1.4571039722451997
0.309,-0.9573610708762476,-1.1934713433754318
0.31,-0.9613931342654634,-0.9734477221034241
0.311,-0.7164805606450891,-0.6695393259165292
0.312,-0.5380938820952922,-0.2709609461137585
0.313,-0.1733028644297955,0.11431850695670837
0.314,0.0359054271970071,0.4671180294264215
0.315,0.099019764630389,0.4921636006977637
0.316,0.1154699740418569,0.5413932668536217
0.317,0.1698719638658242,0.49278287510266433
0.318,0.1933412979539207,0.4541559212419192
0.319,0.3329746493116762,0.43739534328614726
0.32,0.4600198703088844,0.4659250631176705
0.321,0.6403236223608519,0.463327849510686
0.322,0.9767344640824224,0.7421363707426663
0.323,1.3151122101646096,0.9043804915605554
0.324,1.6623212504779497,1.3003847417701782
0.325,1.9960597658234371,1.4928409458858858
0.326,1.2885005350897047,0.9676266877033988
0.327,1.0705376470412713,0.6564612754156847
0.328,0.2780145370521107,0.1561258800337842
0.329,-0.3224219932284139,-0.4942894395887119
0.33,-1.140447094929929,-0.9786081210538797
0.331,-1.2442978742627726,-1.1068596295979642
0.332,-1.3033217910281831,-0.8816407739722535
0.333,-1.2705525972522558,-0.8664053234178284
0.334,-1.3801905345903185,-0.8253333639230851
0.335,-1.232102870150312,-0.69542253817623
0.336,-1.233260989191707,-0.729451908709444
0.337,-1.1909256815153446,-0.6957372970935867
0.338,-1.056315335940372,-0.776917626900287
0.339,-0.94025976679622,-0.6352289707372248
0.34,-0.5978808559780089,-0.6391836021531853
0.341,-0.8942271569361633,-0.8487501624488727
0.342,-0.2099255974052048,-0.552482614304421
0.343,0.2659174787027548,0.08428350244887853
0.344,0.8968665859893883,0.38402749126457075
0.345,1.0075791794036886,0.7168318417165546
0.346,1.6793082711250256,1.1922260974327754
0.347,1.1246917698770358,0.8798763676945286
0.348,1.3264149074302924,1.0537745756276151
0.349,1.1417792324126617,1.0734334202765503
0.35,0.7389579663019803,0.7911418932675961
0.351,0.443430342167758,0.6069578899372355
0.352,0.088909584566986,0.45603566507818377
0.353,0.1578718164016767,0.5128037385257584
0.354,-0.2081304939770645,0.3472444040602114
0.355,0.1313844649316157,0.5582152511801175
0.356,-0.1696421827339281,0.37823656151921564
0.357,-7.488248515911781e-05,0.3477130620318751
0.358,-0.2541616812962866,0.09485717516165551
0.359,0.0533595555372383,0.19977320856508138
0.36,0.2120991736852407,0.24613050579846113
0.361,-0.8178492540388446,-0.9168260914323515
0.362,-0.882690174654594,-1.163174408556293
0.363,-1.0663449021322249,-1.3567836498809203
0.364,-1.1816806083522526,-1.6628559090280601
0.365,-0.986603915381567,-1.33499918308436
0.366,-0.4814792492566143,-0.9809105563098981
0.367,-0.651257182433555,-0.8947582108784239
0.368,-0.2894714893955197,-0.6252333727205743
0.369,0.1570077181316224,0.14714500576815914
0.37,0.2405282665139877,0.18203458025166191
0.371,-0.51413549210576,-0.2473346033766357
0.372,-0.0869627789705108,0.135672746153794
0.373,-0.3196395439593777,0.1618876629802575
0.374,-0.6238052174235154,-0.22564097015308798
0.375,-0.3605244402896442,0.19049831374925558
0.376,0.2316483056539663,0.6324959237541026
0.377,0.3926854848379959,0.8390492289345798
0.378,0.8927827298935502,1.124353050550601
0.379,1.111045272936198,1.3158293805909953
0.38,1.4521889575737366,1.4109437155170048
0.381,1.6765123284827776,1.5921434622034518
0.382,1.5388828659120442,1.2308211329813272
0.383,0.964197358563806,0.6505780048981918
0.384,0.7508547857981804,0.29038314443144786
0.385,0.0747611685953216,-0.3237713646533662
0.386,-0.0526622424132983,-0.4855976401650178
0.387,-0.2411583670104199,-0.5508545172323099
0.388,-0.4779467670114749,-0.7057161421453911
0.389,-0.309074848504477,-0.39290674095104416
0.39,-0.6139183231549721,-0.5284697336721527
0.391,-0.896211337666296,-0.70624233625035
0.392,-0.8522473219385606,-0.456751875873742
0.393,-1.270965045066247,-0.8667743347550283
0.394,-1.6136202628351106,-1.0228743849761106
0.395,-1.4549273265888183,-0.9805785571377601
0.396,-1.6237566649450272,-1.0227295606522373
0.397,-1.2707230941537104,-0.8991960446659303
0.398,-1.3522898929203078,-0.9275624945941936
0.399,-0.7566342435788456,-0.6234196537160729
0.4,-0.4220153669440417,-0.291802749806524
0.401,0.6511142201251665,0.4996602084644721
0.402,0.975388020626885,0.806022876059687
0.403,1.240361650335502,0.8646226280738663
0.404,1.5230797797780675,1.1637999147469784
0.405,1.6703964996692915,1.2144788854018593
0.406,1.4473971421755845,1.0794812650915129
0.407,0.7977942122912063,0.43546821138736547
0.408,0.6093521197408117,0.41438468340611895
0.409,0.6290738452817142,0.4992100700732395
0.41,0.8459780594142144,0.9341600997666146
0.411,0.641747735216853,0.7977190290038924
0.412,0.0408193306357359,0.407369843654374
0.413,0.1800810636872478,0.5707293244448041
0.414,-0.1226171402748029,0.4036957775571959
0.415,0.0485958032603199,0.5371303484922925
0.416,-0.6938573218210995,-0.19382303073031584
0.417,-1.0709952743477675,-0.6569750252684278
0.418,-1.4061595055905822,-1.1128200289718009
0.419,-1.764292470670176,-1.5701921018965133
0.42,-1.130880827708646,-1.1478109340769331
0.421,-1.1493490824868715,-1.2406336149210169
0.422,-1.0437004157546084,-1.3556260083999938
0.423,-0.2805820586922568,-0.6195966446764898
0.424,0.2925832840288342,-0.18407891084074515
0.425,-0.1611280216540659,-0.6230054515068191
0.426,0.3139682889716841,-0.13038193514543533
0.427,0.506587522513672,0.08484340540099522
0.428,0.1947441795496191,-0.02786294509732154
0.429,0.2990510427087031,0.05544562936843989
0.43,-0.3691844142524654,-0.259953230220632
0.431,-0.1707847990860105,-0.1762719596415425
0.432,-0.0624338388438302,0.36761988208298063
0.433,0.4244246589103004,0.6168613469273209
0.434,0.0054338402076751,0.6285272663088085
0.435,1.2423038455908673,1.5098007499223878
0.436,1.1643369351165398,1.7839276733309364
0.437,1.4784196798253468,1.6656326249476032
0.438,0.74192622934611,1.1657978638325002
0.439,0.3225665585998749,0.30506865315931003
0.44,0.2982572722117521,0.4083547234565106
0.441,0.3203793456810427,0.056836929733024594
0.442,-0.0380284732519215,-0.24402760268601775
0.443,0.1943909452187099,-0.25269687762532655
0.444,-0.1163123601831822,-0.5264993963111447
0.445,0.0909238409199353,-0.3941272764435779
0.446,0.3521712696223124,-0.079488751531195
0.447,0.3752270695817928,0.025906180300902693
0.448,-0.2691242980170392,-0.5374572982009886
0.449,-0.9082703776562308,-0.9881584469958825
0.45,-0.9247027949888263,-0.9119031606505529
0.451,-1.406721157941552,-1.1779116515108772
0.452,-1.660043165485123,-1.358531453601146
0.453,-1.897201148731738,-1.4332059679367617
0.454,-1.5108803090876195,-1.0244194272279064
0.455,-0.984870069789448,-0.44709767909751325
0.456,-0.8635025964793075,-0.36575815877128914
0.457,-0.0308486698252846,0.3903674164253854
0.458,0.5199558372502829,0.8532094455653092
0.459,0.5973153105500859,0.753272025381282
0.46,0.7467008214985339,0.8051417167242686
0.461,0.7608661471037869,0.6002922933477589
0.462,0.8620447659948688,0.6418743489865762
0.463,0.8950014662294442,0.48420119447087256
0.464,0.8085670036894226,0.41232464350812
0.465,0.8596174798871765,0.35886239559919203
0.466,0.8434413776239484,0.43955636710383883
0.467,1.5615241811015013,1.1653459263106365
0.468,1.4429758862320787,1.2014184530510272
0.469,1.150989853271981,1.0143851928107552
0.47,0.6867489436397305,0.7152051967714537
0.471,0.2461313336592094,0.42414532641889513
0.472,-0.3256393979630843,-0.021621344306013198
0.473,-0.980570441228725,-0.5558116611875443
0.474,-1.2225907880015248,-0.7402725919603858
0.475,-1.714339547300149,-1.2093892038836667
0.476,-1.6352147396463197,-1.1362366496280156
0.477,-1.4622553291068507,-1.0798493716698456
0.478,-1.3295827375563056,-0.9770182927800058
0.479,-0.9703774077080632,-0.8727612046466089
0.48,-0.7507950616060142,-0.6457260547153478
0.481,0.443969683113171,0.19621614326923073
0.482,-0.1069172266478344,-0.24893477671648812
0.483,-0.3006254553046499,-0.8299232998921778
0.484,-0.0890211274890097,-0.3766041755251237
0.485,0.2610529678622171,-0.3855347814068845
0.486,-0.196045592007193,-0.4669627724712196
0.487,0.2955915837130308,-0.2638092081964544
0.488,0.4686084631451881,0.3728791473229065
0.489,1.0154243952078128,0.7133332360295307
0.49,0.5340800733397667,0.7052608024889403
0.491,1.5536499084347062,1.5829911947726691
0.492,1.02699688051091,1.4529740875667818
0.493,0.9890227200313654,1.301825178361138
0.494,0.6301452243826938,1.1981066574683799
0.495,-0.1102953906183882,0.3356903390220287
0.496,-0.1745025132735963,0.3632633853714485
0.497,-0.2285330990065247,0.15710067040402712
0.498,-0.2597744328481788,0.08023110307003282
0.499,0.1320675018749189,0.29669323617545007
0.5,0.1635204689445797,0.20549228915387535
0.501,-0.0583434393055649,-0.17957661343454615
0.502,0.2488049422339318,-0.0027052671678775703
0.503,0.280627177729318,-0.0708447799037793
0.504,-0.3804892606889767,-0.8177297251565908
0.505,-0.2191169404528255,-0.6476788456338286
0.506,-0.5955525951159636,-1.0477587856716846
0.507,-1.0926816646772664,-1.4091421217000288
0.508,-1.0570134665263875,-1.3541683780887501
0.509,-1.560097205374393,-1.6147197850429538
0.51,-1.0760252575239302,-1.1124700691605764
0.511,-0.6308313191363257,-0.37328115178912463
0.512,-0.5377852218816065,-0.31133120090337324
0.513,-0.67434783651525,-0.17519388340677666
0.514,-0.0985615082649953,0.28975420412569064
0.515,0.0407928643619132,0.6143822381126661
0.516,0.4238526975696671,0.809564404747999
0.517,-0.1350261827100776,0.31065781119087643
0.518,-0.0788979062229139,0.1407513502872606
0.519,0.2705413194018441,0.4257577842258048
0.52,0.5056390550906884,0.4611875617070083
0.521,0.9784266743549912,0.7810664590916071
0.522,1.0824093636243417,0.7814124539235365
0.523,1.52177893485716,1.0335254114562344
0.524,2.098782342226436,1.6536329785744868
0.525,2.0236586947702344,1.4072205826277566
0.526,1.4399186140174989,1.0257948166389155
0.527,1.1671923182516133,0.6260525285404231
0.528,0.2994634943125465,0.08660768131945817
0.529,-0.0792660903015971,-0.37635484970518374
0.53,-0.8227759165631978,-0.7352487143205962
0.531,-0.9065584637242964,-0.8878455728091177
0.532,-1.353025047649561,-0.9754332109104843
0.533,-0.93070387952934,-0.6474244012509017
0.534,-1.5364486698087547,-0.9841685668521619
0.535,-1.103717345484271,-0.7100843354521391
0.536,-0.7690266481175855,-0.21788968180846688
0.537,-1.0969063952387077,-0.7912371075819953
0.538,-1.2062685616561295,-0.8255733279227221
0.539,-0.959744734970194,-0.9083419906350806
0.54,-0.8771750126624376,-0.7665078395045335
0.541,-0.4733222298977252,-0.7457082155147557
0.542,-0.4829208545455102,-0.6359715552872535
0.543,0.3116028820269366,-0.2287737173553343
0.544,0.4542399457880556,0.14539741562482472
0.545,1.341628846379754,0.6951475966683787
0.546,1.377606912011327,1.0797317129965696
0.547,1.734740321140454,1.1902307217409251
0.548,1.2523161831728675,1.125760935660151
0.549,1.4691271574255282,1.202758041018296
0.55,0.6320487628096688,0.7679226013763419
0.551,0.5241137388507393,0.6137936147040676
0.552,-0.02480584613096,0.3594037604164164
0.553,-0.4133146007567535,-0.01703619416118758
0.554,-0.4365355781148285,0.08149113410750923
0.555,-0.3159646487477853,0.22952142792445265
0.556,-0.3487265957462143,0.13181171284530782
0.557,-0.0656777503892664,0.42420856436175464
0.558,0.6569358658270157,0.9373707466812836
0.559,-0.2765136757623025,-0.01629918568555187
0.56,-0.2468072107031459,-0.2584088720695328
0.561,-0.2767005413965331,-0.3240483582415901
0.562,-0.6913979737322431,-0.9813191736127203
0.5630000000000001,-1.1218701181199922,-1.4306652137097287
0.5640000000000001,-1.0407322474547962,-1.4937552172900868
0.5650000000000001,-0.4468048626726644,-0.8673520904511359
0.5660000000000001,-0.7411637874160399,-1.1823112349367928
0.5670000000000001,-0.7156206734498863,-1.0547857974109647
0.5680000000000001,-0.1648708001990786,-0.423850012262058
0.5690000000000001,0.2147495911515001,0.11718011626433578
0.5700000000000001,0.5171975825195816,0.5420621331519319
0.5710000000000001,-0.0782682521835488,0.13094256323986556
0.5720000000000001,-0.1767800237736341,0.1254146236164757
0.5730000000000001,-0.2453216883193196,0.21602508486945068
0.5740000000000001,-0.658531342498812,-0.19339138749013496
0.5750000000000001,-0.7051841871299215,-0.14432051164913404
0.5760000000000001,0.1004276193319655,0.5482406432211162
0.577,0.3638910334359612,0.8331548763564093
0.578,0.7125263316129422,0.9652737148229165
0.579,0.9295580132733984,1.1513013718164353
0.58,1.2808078255112,1.2316835386095846
0.581,1.634784897122307,1.547194805192514
0.582,1.4171090558837571,1.072364045711327
0.583,0.9363801773574252,0.593998662393813
0.584,0.901907598131672,0.3800341535087339
0.585,0.2504341845003096,-0.19827166147379813
0.586,0.0618482913360399,-0.45055770990568783
0.587,-0.5641213103094588,-0.9341840018690206
0.588,-0.5411787774479031,-0.8601494683205152
0.589,-0.3732609419856491,-0.5138380444082145
0.59,-0.5900414621111437,-0.6042931614572853
0.591,-0.5688334321767504,-0.42062463400105843
0.592,-0.7670619254585715,-0.4804823768681848
0.593,-0.7252785756483953,-0.34366256536260614
0.594,-0.9462093626919604,-0.476846027114475
0.595,-1.7417179507375935,-1.2762669836183622
0.596,-1.9136830801826168,-1.4497449173649
0.597,-1.5748137982672803,-1.2125270372606163
0.598,-1.1960987287205722,-0.9255085835477105
0.599,-0.4274192671056444,-0.3205257502116481
0.6,-0.1560413912185032,-0.19546283047753596
0.601,0.320636728869551,0.11409915091224633
0.602,1.4099697321863038,1.0589919079307135
0.603,1.3949152915784435,0.9343135142798858
0.604,1.5628674894882617,1.0143327121373868
0.605,1.8072477966862757,1.2473002971625644
0.606,1.34164483107256,0.7822301206594128
0.607,1.347275546924052,0.8784481952420229
0.608,0.9189944873593509,0.5389644367349643
0.609,0.9070860797864058,0.6814756232504635
0.61,0.953725398230474,0.8775808621967257
0.611,0.5319065996313661,0.6039491204665485
0.612,0.5606413362846147,0.8025342664875402
0.613,0.2522726780623045,0.5577591693248966
0.614,0.3178096790360074,0.7773224655445505
0.615,0.0035150146728216,0.3850417024493802
0.616,-0.6821205622474572,-0.18190643050634592
0.617,-0.890658233070007,-0.6224339095745377
0.618,-1.680838178011397,-1.3266892110750295
0.619,-1.2569959541352045,-1.2506591455114322
0.62,-1.845319943286141,-1.7628903114548247
0.621,-1.2135342241901197,-1.52009412376737
0.622,-0.8313310522871497,-1.0372091395105631
0.623,-0.1783795003399209,-0.7312609261041876
0.624,0.3066961831922785,-0.08965998004813096
0.625,0.2498932050150644,-0.38886269880759006
0.626,0.1325711652429521,-0.28226645173128845
0.627,0.2686965079525742,-0.2606545667436365
0.628,0.0995626933133456,-0.15719268329176245
0.629,0.0718493171721805,-0.19056552625335824
0.63,-0.4888917184952367,-0.476366517599849
0.631,0.0378525149235625,0.10251848464482423
0.632,0.0324503633621203,0.3175333101754486
0.633,0.7428482777526972,1.0731698717743892
0.634,0.7914943133758652,1.2454629512339166
0.635,0.6942249885535112,1.1287215005149656
0.636,1.1252904483349753,1.5793994335482273
0.637,0.9269790612177524,1.2642108907406862
0.638,1.1485738027603758,1.4342607284513003
0.639,0.7619599991591943,0.8376113220549342
0.64,0.0706687027218188,0.08323544408329384
0.641,0.1870922001014061,-0.06202528473806679
0.642,-0.0540365492733774,-0.3168567580990476
0.643,-0.2309019442550497,-0.7411531713763976
0.644,-0.2061498562387272,-0.643966351506992
0.645,0.7393169351125566,0.13528654924286151
0.646,0.1042438877563396,-0.34371419289257893
0.647,0.0959854173773544,-0.3942095903893098
0.648,0.1938075301320226,-0.09771840022974304
0.649,-0.2132661232716738,-0.42150871985018756
0.65,-0.8764874486151433,-0.9073301283554671
0.651,-1.4128973213376712,-1.2751773331069611
0.652,-1.3303358825669622,-1.0994045932378242
0.653,-1.5717986314446313,-1.1529009844718041
0.654,-1.4401437995961872,-1.0505926432461323
0.655,-1.268318229777099,-0.7371572709365642
0.656,-0.769880684920212,-0.38939991196979584
0.657,-0.4052936972537458,0.028718210388424203
0.658,0.3804504318129616,0.5852064492392209
0.659,0.7168844213540755,0.882075641450464
0.66,0.7991419560674834,0.7286613253805059
0.661,0.8884868002531505,0.7140650596301447
0.662,1.039984950878322,0.7024307049438433
0.663,0.8945429304377013,0.4352605304108858
0.664,0.8599406271693699,0.37031025310952176
0.665,1.4073173867462485,0.8214002587251966
0.666,1.4025857945470943,0.9403654584248621
0.667,1.5109120039655843,1.000144216698111
0.668,1.477599831966918,1.2185569704489947
0.669,1.2000824417701494,0.9345278686411422
0.67,0.8272629102030102,0.8749060230321488
0.671,0.3563309118176228,0.41187407918957947
0.672,-0.8382146436347887,-0.49462338401698835
0.673,-1.014991987122139,-0.6832195068995336
0.674,-1.4123450674880886,-0.8961176432174702
0.675,-1.6389272121739031,-1.1775688064291518
0.676,-1.7650616177389065,-1.2662612174255745
0.677,-1.4122509690442684,-1.0125568733130916
0.678,-1.1860372710639722,-0.8894508146983433
0.679,-0.8103857240838079,-0.6347446802190156
0.68,-0.3585068537811274,-0.3734744397970807
0.681,-0.3031259501050356,-0.42297786859406283
0.682,0.3351461347271465,0.015556194535215805
0.683,-0.1009847585016266,-0.4695678998280881
0.684,-0.3803911046594997,-0.885481880813744
0.685,-0.2040732637453172,-0.6744373207447615
0.686,-0.0024943744837646,-0.5085870731624732
0.687,0.3109636914814869,-0.07034322760937567
0.6880000000000001,0.4858996986146473,0.15819995268256143
0.6890000000000001,0.7704477533127465,0.6398932219047883
0.6900000000000001,1.0908809938314952,1.0479194689190345
0.6910000000000001,1.3166403450406845,1.5073550443710144
0.6920000000000001,1.3940628128517047,1.6289469750219228
0.6930000000000001,0.7784179870183747,1.2429211595557557
0.6940000000000001,0.8995989583664483,1.2945787649309917
0.6950000000000001,0.0639435612615877,0.655193524882606
0.6960000000000001,-0.4523744127497192,-0.08150637299991706
0.6970000000000001,-0.2129288444727641,0.31491750610850605
0.6980000000000001,-0.0573953246723685,0.1092384831599747
0.6990000000000001,-0.4352404684016325,-0.13139762201825456
0.7000000000000001,0.2033269890854748,0.059852447608801596
0.7010000000000001,0.1958525798283999,0.205394674537548
0.7020000000000001,0.7903934473659753,0.3470332422200477
0.7030000000000001,-0.4482258125022422,-0.6871514085099769
0.704,-0.2038592598025024,-0.8236875352268077
0.705,-0.159327879772148,-0.5040896958022945
0.706,-0.4011471056945147,-1.0070578060494404
0.707,-0.759767455774826,-1.0277246711969426
0.708,-1.1899402017567755,-1.5953820187199839
0.709,-1.427674559336737,-1.469093747550933
0.71,-0.7168764622260904,-0.8083915650950321
0.711,-1.1147360963600457,-0.872733387801579
0.712,-0.512184594437565,-0.29100140678428765
0.713,-0.3457642017470137,0.12062630741543799
0.714,-0.0543480244681643,0.36457340723333714
0.715,0.20222278630432,0.7401544473378139
0.716,0.170087347502745,0.60178357723715
0.717,0.1389645005338247,0.559984924088854
0.718,0.1265627931890102,0.38650651798399227
0.719,0.221937631303417,0.37387382674786546
0.72,0.3706813631797599,0.345289896638685
0.721,0.7446160176716576,0.5704690985983509
0.722,1.431075855851934,1.1210005173221145
0.723,1.6523960646613214,1.214258494374864
0.724,1.915253538053409,1.4342736585780524
0.725,1.5859914797313748,1.0443703648118101
0.726,1.3712139979728737,0.9008169540459767
0.727,1.056097379698716,0.6113406147346434
0.728,0.0948591969945447,-0.18704286200123657
0.729,-0.2801523669484305,-0.46269323038937615
0.73,-0.8910311686812988,-0.8787341291839831
0.731,-0.9578707219784676,-0.8108588409022831
0.732,-1.5191561187464149,-1.2185607303061787
0.733,-1.5582452235071458,-1.1389091966906149
0.734,-0.9737994482339034,-0.4985666540160853
0.735,-0.9300355431894493,-0.39931737238103254
0.736,-0.8070592523663374,-0.334190462495934
0.737,-1.1946871048688972,-0.7561356717957316
0.738,-1.0596663645771407,-0.7624776850224528
0.739,-0.9979436845924652,-0.8200695288456007
0.74,-0.7094091904865163,-0.6927179702960227
0.741,-0.6218806019067245,-0.7733562834218677
0.742,-0.7533565406459808,-1.014278382245966
0.743,0.1362786427824853,-0.28697233058453514
0.744,0.8176474598032271,0.38855665616622925
0.745,1.1774916490882197,0.6442249415333949
0.746,1.228124045095952,0.8059941364845105
0.747,1.8477267986631696,1.4083183785645297
0.748,1.731644074232381,1.4910113979177593
0.749,1.3924727222728197,1.2147120710422359
0.75,1.310158581434961,1.358575159783899
0.751,0.6531046844259892,0.8045599495302507
0.752,-0.0807214651336367,0.25616054754935313
0.753,0.0477842574387761,0.4700632474670144
0.754,-0.5180280426301164,-0.0009377525357800245
0.755,-0.4614624884172233,0.06973845043209081
0.756,0.0416215362991554,0.5651209067067099
0.757,-0.274336883932419,0.16247858974221113
0.758,0.0787651689866035,0.4361455961655679
0.759,-0.0421620452858335,0.1335803407579821
0.76,-0.5873420971694666,-0.5021250965669101
0.761,-0.5670976971520227,-0.7187162521917506
0.762,-0.987106137258586,-1.1744398469185389
0.763,-0.9563811581551837,-1.3762568462813594
0.764,-0.9599359911753726,-1.3153933899561336
0.765,-0.8337831181663133,-1.3605337142102731
0.766,-1.1060403535076788,-1.4608383616314646
0.767,-0.2096053371800236,-0.641853807978253
0.768,-0.0694919011947946,-0.2556064587786387
0.769,-0.0689443900950179,-0.2425666016102918
0.77,0.1373470380983382,0.22202364782790363
0.771,0.0760946004653728,0.22523480873614138
0.772,-0.2628142472651957,0.08811843718113026
0.773,-0.3912326035898967,0.02056691558223394
0.774,-0.3780761900941607,0.12805910061227058
0.775,-0.17996303600771,0.333476189816177
0.776,0.160604635217833,0.6462988823206044
0.777,0.6270843923003719,1.0420496449508538
0.778,0.6797219865526714,0.972706184573254
0.779,0.9265038747449796,1.0800315031077365
0.78,1.6101501923936468,1.608793099452537
0.781,1.5780743468563965,1.4060218954605264
0.782,1.2208140515771178,0.9346165115063969
0.783,0.8496254451050103,0.4105846180209229
0.784,0.446178491969443,-0.006586376359519044
0.785,0.2564923127204995,-0.29143221542266196
0.786,-0.1633937054170903,-0.5994997608316112
0.787,0.2945416198452072,-0.16550648717763913
0.788,-0.2856880387995331,-0.5253993300041184
0.789,-0.6650015418637653,-0.8769772534671928
0.79,-0.5183460104281924,-0.4534797738162088
0.791,-0.4218579589005666,-0.32283532446948027
0.792,-0.530464314702929,-0.16669425045695185
0.793,-1.0588931213129733,-0.7055452563051201
0.794,-1.3733728384475443,-0.830317971171315
0.795,-1.695949810058911,-1.2412855350152276
0.796,-2.117996078958316,-1.5859560596152842
0.797,-1.2035893949866874,-0.8378270220146131
0.798,-1.3216372589164491,-0.9892378932505195
0.799,-0.6535583068972849,-0.5321415096917521
0.8,-0.1171484292366492,-0.09729737825007417
0.801,0.3132624596948716,0.12692253647769666
0.802,1.3393851569565869,1.0554282581089756
0.803,1.549459447820514,1.1058765935914652
0.804,1.5194881901791335,1.0612585341621799
0.805,1.9502757441394247,1.3927992869257593
0.806,1.2876094966282965,0.857301374684854
0.807,0.8333689407195166,0.34234764500942916
0.808,1.0865005804929933,0.8821460322331475
0.809,0.899669510408918,0.6237519008809497
0.81,0.2334896405286425,0.37304335169034275
0.811,0.5077450896515259,0.5088738379477867
0.812,0.2072888136152051,0.6824205101294888
0.8130000000000001,0.6384118693020977,0.8705205431271926
0.8140000000000001,-0.1800132333289281,0.49773481917194445
0.8150000000000001,-0.1912838940769842,0.1376323978408394
0.8160000000000001,-0.818893044362707,-0.14714083227174182
0.8170000000000001,-0.5236145279669404,-0.26751167783788765
0.8180000000000001,-1.7290610309337706,-1.2696305750048968
0.8190000000000001,-1.4996727567650248,-1.4555736969637896
0.8200000000000001,-1.4960318371823182,-1.3759002329971144
0.8210000000000001,-1.2284163428388408,-1.4507514525847789
0.8220000000000001,-0.5712812753225153,-0.7914828940397248
0.8230000000000001,-0.4638042007044604,-0.8994813411851084
0.8240000000000001,0.113777067498672,-0.3238457117647615
0.8250000000000001,0.2223273420456013,-0.2845612281542891
0.8260000000000001,0.0568585177837077,-0.4007313802690401
0.8270000000000001,0.4943636244285618,0.09361600685746299
0.8280000000000001,0.0582546879189621,-0.2238377901105426
0.8290000000000001,-0.1377284969802904,-0.2888084397895923
0.8300000000000001,-0.2194660290881161,-0.2063920051997753
0.8310000000000001,-0.2508922983314587,-0.09983638771856396
0.8320000000000001,-0.1832527083829335,0.12515365312545376
0.833,0.3191553597399647,0.7118858525909622
0.834,0.8942981937849006,1.3806649056186528
0.835,0.9013943862374958,1.3851864126178104
0.836,1.2778879278306166,1.753199795919928
0.837,1.28610519822103,1.6784223256391335
0.838,0.4569422115151235,0.7326314238132456
0.839,0.4431797120865947,0.6000896996660167
0.84,0.5109986495672907,0.4706494614732283
0.841,0.0868075651605949,-0.041489466699089594
0.842,0.2333463523991766,-0.12223213595634738
0.843,0.1973879777619915,-0.15246478929338453
0.844,0.124998378824857,-0.42684143648435086
0.845,-0.0557309879398341,-0.4748498459632557
0.846,0.103868327923122,-0.4509507188657726
0.847,0.0329347629079397,-0.2740548555779261
0.848,0.0438878253521771,-0.3184411774819186
0.849,-0.8594024103458107,-0.9149238613063991
0.85,-0.9586194790882052,-1.0041944721954827
0.851,-1.4261685236658803,-1.1884067035256773
0.852,-1.6509410976446244,-1.3735359278948511
0.853,-1.8096792350141877,-1.3521386019531403
0.854,-1.5922335930592997,-1.1053935348111474
0.855,-1.116692039129852,-0.6014891703257667
0.856,-0.4851605416296108,0.021942734250929418
0.857,0.2546699340852296,0.6378020873327064
0.858,0.0874438152795175,0.42295075381748654
0.859,0.5991273934308622,0.7046267097390801
0.86,0.8814165143569436,0.923663130125928
0.861,1.106863063763906,0.8889791680039208
0.862,1.3297932489954545,1.0722558475441082
0.863,1.0362433370980737,0.5683465918273554
0.864,0.9578588839992506,0.5088512375212548
0.865,0.855461201884979,0.3050446778570092
0.866,0.913240212421436,0.4512094698651181
0.867,1.5277577146249903,1.095804846947632
0.868,1.204994290709388,0.9081975265690649
0.869,1.1755507046217868,1.0221251753688578
0.87,0.843639988194809,0.8212805043952838
0.871,0.0398301076061955,0.22314364994727065
0.872,-0.3220815086924946,-0.07153998123843594
0.873,-0.9196480109219588,-0.4666758696171621
0.874,-1.250487470738422,-0.8380353168166598
0.875,-1.946088967161988,-1.3918639611113162
0.876,-1.9969615951534991,-1.5993320152175694
0.877,-1.7248118054115569,-1.2768048206469995
0.878,-1.1789816357209046,-0.9691912003279384
0.879,-0.6053996360499672,-0.43309076615166253
0.88,-0.2346042586216271,-0.3133569122376406
0.881,-0.2940003817842755,-0.46649656652930865
0.882,0.1056938160957922,-0.24983174973441197
0.883,-0.1364890190948567,-0.5983899230556942
0.884,-0.019734314530693,-0.5316888037685774
0.885,0.3113632654328234,-0.28233401259189617
0.886,-0.0693422027062525,-0.5547122115215924
0.887,0.5074942394743631,-0.01828002420981619
0.888,0.6952073836813281,0.41206817432448367
0.889,0.8264210576651982,0.5352031168415882
0.89,1.2443289259938817,1.2642899506088217
0.891,1.390992058078688,1.4061725293255471
0.892,0.7991244625458973,1.1089159015807757
0.893,1.2034097737098326,1.476857848103796
0.894,0.7815389682306535,1.2576226200673837
0.895,0.4083565092666462,0.7924983573842268
0.896,0.1649090429930339,0.6197708471202182
0.897,-0.2327301005155067,0.07335446669517534
0.898,-0.3026347868695952,-0.049480180711789834
0.899,-0.0216585876233161,0.050189990854268146
0.9,-0.1280433150955713,-0.18119666143985186
0.901,0.2222228819458929,-0.0027242910773417756
0.902,0.3344577683753494,-0.013604704262566193
0.903,0.1926743313141808,-0.2733880622813496
0.904,0.4094504612239379,-0.11073368854223681
0.905,-0.3145465395040229,-0.8688348074416854
0.906,-0.8338947995848096,-1.3399091739798359
0.907,-0.9444876047328384,-1.395481899902113
0.908,-1.355349800673877,-1.6697728840654804
0.909,-1.1029611010374007,-1.294201609999797
0.91,-1.160381646585866,-1.182659932854606
0.911,-0.9319817521914432,-0.8028553547622884
0.912,-0.3721732479487514,-0.11645359365717606
0.913,-0.126691643969977,0.2628176706525517
0.914,-0.0635982141692742,0.34746787837072485
0.915,0.166778109247899,0.6572503452050309
0.916,0.2855790745860055,0.6680696848833172
0.917,-0.0237314223892002,0.3681507484772728
0.918,0.3129014554349151,0.4919499935138458
0.919,0.2529242072098139,0.38189603540428746
0.92,0.6212503877883244,0.4978585168025925
0.921,0.9882129508776016,0.7880552368856772
0.922,1.6293406884322648,1.218493966593587
0.923,1.7340413756482609,1.262599582468316
0.924,1.6156978106717783,1.041207600535713
0.925,1.6425267064819593,1.059984638894536
0.926,1.4797541157915048,0.9274709395329677
0.927,0.8922115698892489,0.39970454674942857
0.928,0.0592836674771604,-0.29316196860749744
0.929,-0.1208448799253603,-0.35854981697434374
0.93,-0.6626364792153963,-0.7130166882492325
0.931,-0.9228365841081436,-0.8405768929475097
0.932,-1.051584304825493,-0.8114921265051196
0.933,-1.407818793232167,-1.064548323551312
0.934,-1.260433401882169,-0.8510221880933692
0.935,-1.0141476246681465,-0.5694517917108054
0.936,-0.8071328245230137,-0.41384926910232966
0.937,-0.959140251886,-0.6108586815050913
0.938,-0.853893805094109,-0.65705011598581
0.939,-0.7822426370401001,-0.6899186494531045
0.94,-0.6963116714264391,-0.8034211763317354
0.941,-0.8165240878971884,-1.0401393382902129
0.942,-0.4564952113746318,-0.8611698928320234
0.943,0.3518202310786761,-0.12568441545029257
0.944,0.6890717180443863,0.1062923528970526
0.945,1.3644914352868311,0.7925731209227812
0.946,1.81853904023122,1.2473151367916973
0.947,1.827134748496633,1.3554268598850476
0.948,1.9738617119931647,1.6040889575783308
0.949,1.307523673319433,1.090218562222582
0.95,0.8353838432226114,0.7861267409860064
0.951,0.7653496353064614,0.8567072574658242
0.952,0.2565500358316164,0.5312635394817367
0.953,-0.3069176902085018,0.027057160794420082
0.954,-0.4638136283190208,0.021957330897663448
0.955,-0.2027738773855698,0.21343708047773385
0.956,-0.1695963652344051,0.3414157439929955
0.957,0.2161353330956996,0.5221822583628538
0.958,0.1746200423028986,0.5232516317763009
0.959,0.21508610623043,0.26088883782701683
0.96,-0.4170236902505485,-0.34941204132352727
0.961,-0.3988885759379841,-0.6633354489352087
0.962,-0.792087047337827,-1.0117747350275055
0.963,-1.0863594555710625,-1.591216132596415
0.964,-1.3285349794447412,-1.7295648388023963
0.965,-0.942300920258601,-1.5232101520161614
0.966,-0.5770667679710628,-0.9845807373820414
0.967,-0.2269896680204969,-0.6859919608257466
0.968,-0.20019672793189,-0.4397996105786603
0.969,0.2141776325553225,0.03436075519611879
0.97,0.2120939398453182,0.24551525448862793
0.971,-0.0278974553280859,0.1278976839267074
0.972,-0.522625309766111,-0.22160949852994077
0.973,-0.4676318770240429,-0.04371045690828247
0.974,-0.2515554126216989,0.20333077850357856
0.975,-0.3314406144177433,0.19288517999155727
0.976,-0.1214438664885072,0.31044921833905315
0.977,0.4124479091688594,0.8313153095927602
0.978,1.2061544245976863,1.4448518077096364
0.979,1.2587429690729564,1.4052334727449136
0.98,1.453849139321712,1.4031159585081703
0.981,1.363596565429488,1.1723063957778603
0.982,1.2740860165619352,0.9499523451665067
0.983,1.3348176548866877,0.8658358823304376
0.984,0.7650597007710788,0.29100406459177436
0.985,0.2744823742867682,-0.31003109236387144
0.986,-0.0383644447066992,-0.47754346818644733
0.987,0.0282675649832699,-0.4695888764579683
0.988,-0.47528888428796,-0.7034205159669068
0.989,-0.3765178941056025,-0.6219532832858023
0.99,-0.4516366129452844,-0.3684986889383894
0.991,-0.4293754483796037,-0.3550291672689919
0.992,-1.2427141665665409,-0.8635697745670058
0.993,-1.1769962929734206,-0.8378257198227509
0.994,-1.204806871533278,-0.6573227491963392
0.995,-1.7104140331055386,-1.2603438463568226
0.996,-1.3286977326613645,-0.807711443961683
0.997,-1.2187353806654608,-0.8488928056620231
0.998,-1.4503064479610237,-1.1469247798249842
0.999,-0.3716536390427274,-0.23479598285221226
1.0,0.0590913823155906,0.02823029315078615
1.001,0.5395792366358658,0.38877207787660223
1.002,1.3689840706964551,1.0059369327767373
1.003,1.3842658686360414,1.0100303788309875
1.004,1.2823629824222422,0.7077812371230999
1.005,1.0107897725977717,0.5706600066075992
1.006,1.3904882425892362,0.7985427889519573
1.007,1.1276174461145478,0.8109660957480795
1.008,0.8944037278052024,0.48031458108070096
1.009,0.3586736310250906,0.3133760509097106
1.01,0.696302125748374,0.58374076244436
1.011,0.3589825372841317,0.6336903462107178
1.012,0.3801551379244339,0.5761928067432788
1.013,0.2284787819307788,0.7528888678834543
1.014,0.2906459003836402,0.6850246961408987
1.015,-0.2157177556209566,0.39463374810133944
1.016,-0.5617666549777135,-0.1533072487581361
1.017,-1.0832526509957834,-0.5829034328130985
1.018,-1.0020669051414837,-0.7672994678483916
1.019,-1.553122934299782,-1.3167146552806586
1.02,-1.388524156031715,-1.4475553374995
1.021,-1.2169702462304413,-1.2974535201526611
1.022,-0.7361042243335822,-1.0962463591086284
1.023,-0.3618727437952485,-0.6906231432525487
1.024,0.1124296332989525,-0.4407380438833803
1.025,0.4629754892071561,0.049590888082212126
1.026,0.3310373121603919,-0.23256635352373473
1.027,-0.0184087831333243,-0.32179579266477426
1.028,0.3434462760729584,-0.04263755575842569
1.029,-0.2602015306642987,-0.3042813649238443
1.03,-0.0358229418655461,-0.12217011433501707
1.031,-0.159321299148807,0.10161525241096614
1.032,0.0941865972973846,0.31791941099924104
1.033,0.1163718436150857,0.6065626045172817
1.034,0.4342893793056959,0.8629631041652093
1.035,0.7285713217002647,1.2799078969340574
1.036,1.385415048071441,1.8385652310206553
1.037,1.0119667954207272,1.4288534824075751
1.038,0.526320273597831,0.8166197460559503
1.039,0.4217688106705443,0.5564565482990111
1.04,0.1911253370051727,0.19480915507864818
1.041,0.3221623186637962,0.13179617023079876
1.042,0.1954020726299332,-0.1009655187621557
1.043,0.2041356410037652,-0.2319752555099329
1.044,-0.2641368308975848,-0.7586811187851217
1.045,0.058569105147293,-0.451463149977208
1.046,0.4926219228157536,-0.022386679460607767
1.047,0.2011602856655777,-0.1830959068115529
1.048,0.205065557435164,-0.14596745314947324
1.049,-0.8309702228134255,-0.9367549090310164
1.05,-0.9157218238283747,-0.9847182131192465
1.051,-1.3972194653516017,-1.17615250028394
1.052,-1.7880812231500358,-1.5710832270818669
1.053,-1.6350827464491051,-1.1611483113327077
1.054,-1.2055931316605768,-0.8151243077774036
1.055,-0.9502211748812016,-0.3924650239659399
1.056,-0.4882892643853084,-0.10910821149546315
1.057,-0.2554422152971292,0.18424118564446543
1.058,0.2167496155494575,0.40054557507514604
1.059,0.8068328661866602,0.9677422393726135
1.06,0.8550296379935131,0.7327828526753504
1.061,0.2629863265685048,0.08461437356841917
1.062,1.1130809413458556,0.6915522400739013
1.063,1.177406327735245,0.7213562758273652
1.064,1.3745779829630391,0.7764443862109159
1.065,1.551718978508663,0.9786408695018601
1.066,1.1682526352221871,0.5863055727858237
1.067,1.3962774850318287,0.9050269485591241
1.068,1.4360684278003475,1.0607039496693547
1.069,1.1473079202801126,0.8992307200319714
1.07,0.9308732803177144,0.8787652643403348
1.071,0.4653991827103549,0.52288787117588
1.072,-0.3157033185639438,-0.045522884306893927
1.073,-1.1797887640757183,-0.8768669074156981
1.074,-1.7147443925213168,-1.2408194693173884
1.075,-1.5966307279986276,-1.207399048257423
1.076,-1.7749618771877915,-1.2886219948293751
1.077,-1.2821444018798025,-1.0027325483222707
1.078,-1.151377525759336,-0.8439846230873572
1.079,-0.4537689726085819,-0.4410597183325787
1.08,-0.2986054717708759,-0.2894983681499783
1.081,-0.2835602290091747,-0.5936791382006241
1.082,0.1793729172681325,-0.11381485618904041
1.083,0.1813338951493537,-0.38342081412709655
1.084,-0.310853373643602,-0.7967027927063507
1.085,0.1542385169772441,-0.49605510587806845
1.086,0.1794463530702282,-0.32072031160635067
1.087,0.4079425608622375,-0.12008216551540721
1.088,0.5591464799134892,0.22205718321615833
1.089,1.1021332817237086,0.8651315064043655
1.09,1.151144503871773,1.0857822959210361
1.091,1.2573040026511113,1.3770180468424043
1.092,1.0031341329565595,1.2088216646917689
1.093,0.6846528653312751,1.0981469358385758
1.094,1.0692177089131831,1.4371840514966019
1.095,0.156532187400135,0.6956986222357064
1.096,-0.3155580981685234,0.040275445267441895
1.097,-0.6048145467965468,-0.1493425596736877
1.098,-0.3936533605084726,-0.22276849659939363
1.099,-0.2583612362803385,-0.057370338457860756
1.1,0.3634450030855151,0.24553833884084963
1.101,-0.0735662371659333,-0.19415861325582628
1.102,0.1687892436300013,-0.23129612026889357
1.103,0.4422459164605652,0.06084704731805138
1.104,0.1084751413814452,-0.45711913724319336
1.105,-0.1447550776699656,-0.6242112609571495
1.106,-0.4487916696471515,-0.9948152249551507
1.107,-0.7056751294928731,-1.0844119538862003
1.108,-0.9537478597229546,-1.294252276393511
1.109,-1.0549891331795096,-1.1777128552309537
1.11,-1.006026015166113,-1.0225603601029227
1.111,-1.0576018150926068,-0.8738850002284109
1.112,-0.128827282447223,0.1853283232155632
1.113,-0.2287311981755149,0.18790992663861275
1.114,-0.1789039367357465,0.3573747983546051
1.115,0.0588577313814932,0.5409628748756615
1.116,-0.054321645813251,0.5189682886377145
1.117,0.1187254215669031,0.47129272563353297
1.118,-0.0921054839748986,0.3244300902641905
1.119,0.6258508673618292,0.7032650664276158
1.12,0.4388193167407587,0.5682415016071388
1.121,0.6886584146436918,0.45249969295599807
1.122,0.8823982501168774,0.7064474657357638
1.123,1.46275287278918,0.9983153207249575
1.124,1.2137918437374096,0.8325607952755667
1.125,1.518458145696662,1.0038603058703537
1.126,1.5735992524101086,1.1667352760631258
1.127,0.9428725357525356,0.5821132940172993
1.128,0.1614160238527008,-0.08107899749291542
1.129,-0.4627453597083859,-0.5174850691117594
1.13,-0.7930040750389485,-0.7439528353700493
1.131,-1.0644757910737943,-0.7713651833238154
1.132,-1.1226538013102731,-0.7662112964802917
1.133,-1.562384341937544,-1.0062935696873685
1.134,-1.5599957976077583,-0.9976207264579707
1.135,-1.473369129850688,-0.8340771098948915
1.136,-0.7461894813705934,-0.1584605166378806
1.137,-1.1030499521388415,-0.5870382048238418
1.138,-1.0931706482914052,-0.6715842576761315
1.139,-0.5532210496029082,-0.3157884975958156
1.14,-0.9926082386798124,-0.8670353896326214
1.141,-0.2715319517296074,-0.35960934848451664
1.142,-0.4908468478587459,-0.6790327804842375
1.143,-0.1123092242799316,-0.4495126686309917
1.144,0.5245701854461953,0.12571222294754822
1.145,0.8305247012287555,0.41198839455045905
1.146,1.594805997625974,1.1715984320607327
1.147,1.4063475889382135,1.1003526570928184
1.148,1.3202762893438686,1.0715604288897584
1.149,1.206807291021394,1.1591788936839742
1.15,0.9044762862539814,0.9647182811653108
1.151,0.2857947812865601,0.5393013526813408
1.152,0.1175790402969782,0.5043262747464914
1.153,-0.2770033211913319,0.20215334302501872
1.154,-0.2658525847200525,0.3403165817829581
1.155,-0.1082879551919812,0.4329760162385759
1.156,-0.4793674078803339,0.15487947555602988
1.157,-0.1620178425263303,0.253268006026673
1.158,-0.2503266717114118,0.20926040684625358
1.159,-0.0769710369740972,0.07163811756586223
1.16,-0.6168711928884274,-0.46845265037547223
1.161,-0.2410374503720331,-0.3994573112666108
1.162,-0.7340809965083029,-0.9146922272684754
1.163,-0.8865990918223172,-1.2777865590786837
1.164,-0.8875340529056346,-1.2895400083544408
1.165,-0.8948368357632012,-1.3588282392958413
1.166,-0.5475291004480761,-0.9797011925642164
1.167,-0.1983968869638664,-0.5497544238411514
1.168,0.5002696669101389,0.23792232509576752
1.169,-0.0551971748049458,-0.15171518569782066
1.17,-0.2644215297295846,-0.22740361902570333
1.171,-0.2582425903953518,-0.05321540744459764
1.172,-0.2286567739603276,0.11418719050780365
1.173,-0.4045698871927125,0.036802549849132844
1.174,-0.6039183194144118,-0.07575595445099878
1.175,-0.06009205087242,0.4657081516426126
1.176,-0.2639191989768056,0.24864053517183446
1.177,0.1663293376702288,0.5948094038679028
1.178,0.6053220440219045,0.8999540963542368
1.179,1.1767115813514784,1.3638301422772672
1.18,1.5005684726301276,1.4536318097055876
1.181,1.327542638099069,1.2203721165284676
1.182,1.5934735695276725,1.2092013699783235
1.183,1.0929798992704631,0.7489403103629617
1.184,1.0166813195234472,0.4261007664758704
1.185,0.128657201781272,-0.30638924179349963
1.186,-0.0004305424890874,-0.5897758276768519
1.187,-0.5763554335408773,-0.9233008087490646
1.188,-0.5000491625121906,-0.8834396035594358
1.189,-0.5639817321024214,-0.6784682261866559
1.19,-0.5354120245377771,-0.5882352515776581
1.191,-0.1827466891907352,-0.010704530180696451
1.192,-0.6705550466447308,-0.39436274602643046
1.193,-1.1356674185231894,-0.7354267838496901
1.194,-1.1157472325072213,-0.636538498532687
1.195,-1.6125422991777416,-1.1343796717417611
1.196,-1.9227481362070504,-1.4425694503526527
1.197,-1.2117526146570108,-0.8412460901336096
1.198,-0.93644335156467,-0.6565556812756996
1.199,-0.6794839794404386,-0.5660097265027538
1.2,-0.0083147264926125,-0.0528981286248439
1.201,0.5154353455084366,0.3170516771592503
1.202,1.2382842293483045,0.8687191620317409
1.203,1.3788911798014918,0.930712988182696
1.204,1.6795436781870263,1.1080521213992365
1.205,1.7762385259797262,1.234198313019725
1.206,1.1771600402115103,0.6040614806400755
1.207,1.1236641400825662,0.6774853053802253
1.208,1.0059008525141415,0.634318392536166
1.209,0.5866719724419943,0.38625810945991995
1.21,0.5678500102107849,0.5290213134807681
1.211,0.3942089635749338,0.4918134054044885
1.212,0.6282054947262048,0.9335959020687221
1.213,0.5710650797844454,0.9018865347438917
1.214,0.0609564798437623,0.5986720474276264
1.215,-0.1492086884391971,0.2590994827538363
1.216,-0.8288845775233529,-0.25227318826023976
1.217,-0.7616240476122695,-0.46161983745254664
1.218,-1.3994081743499498,-0.9867227803407977
1.219,-1.551354420734295,-1.5029955706032747
1.22,-1.6739798763208955,-1.5619042374615368
1.221,-1.0501841933824092,-1.2980696581571813
1.222,-1.068673974134621,-1.2775114674845591
1.223,-0.2743068614546731,-0.7455266877900513
1.224,0.164272532065065,-0.2635606045255384
1.225,0.4034444688772322,-0.12704068955655978
1.226,0.48048472648205,0.016638656873552697
1.227,0.3300670793271313,-0.06607668301873446
1.228,0.2682749627394776,-0.040006020323433436
1.229,-0.5314385941309198,-0.6434758998537501
1.23,-0.4208368985813332,-0.4486508279221649
1.231,-0.1555079344250403,0.0653074280906881
1.232,-0.0918441993644084,0.1708622202337396
1.233,0.3704046723252573,0.852485982462839
1.234,0.6260260454640826,1.0722286989927077
1.235,0.887939684217505,1.464641672818217
1.236,1.552242825199924,2.0012920967657264
1.237,1.030496830144816,1.5008597781001867
1.238,0.5555321574460936,0.8246250280926437
1.239,0.3879354114240203,0.5904356175138252
1.24,0.4658855137693517,0.44137633823813216
1.241,0.2717981133056872,0.14382818668473624
1.242,-0.3398323509468246,-0.6577828030067798
1.243,-0.2843656912825537,-0.6835556937701349
1.244,0.5249266526445515,0.027777353550917025
1.245,0.2599594494552239,-0.2519134619118977
1.246,0.0116079569738722,-0.480436370406835
1.247,0.0445527813700806,-0.381706381099145
1.248,-0.1195048957375923,-0.42420795264542166
1.249,-0.3161833345419077,-0.4936343967435077
1.25,-0.7790027576442651,-0.7877649121146353
1.251,-1.5075515926196514,-1.3698831395391466
1.252,-1.8206484255784832,-1.5415728771326787
1.253,-1.5823758049303196,-1.1859141038306313
1.254,-1.4739593550570294,-1.0291175246793915
1.255,-1.1343231859404372,-0.6373825430849737
1.256,-0.7191041275499526,-0.29662969760186786
1.257,0.153125599591191,0.5491901227137505
1.258,0.4909156953566398,0.7106091024248233
1.259,0.1342679295131434,0.260308070570468
1.26,0.8956081858530235,0.8103528004394258
1.261,1.0554229555241774,0.8379013505948727
1.262,1.2879685804756238,0.9137535961646971
1.263,1.1894492847291964,0.678730201246719
1.264,1.017440098358663,0.48303933718131803
1.265,1.2597517015264508,0.6115801452632044
1.266,0.9564782910791794,0.4550890930984947
1.267,1.6641062227937216,1.0811183694735569
1.268,1.6125071965085935,1.3292385438682635
1.269,1.3877084380551263,1.0435672822356168
1.27,0.657927519299258,0.69956712784096
1.271,0.4527553452227464,0.42792781795197965
1.272,-0.2329070212510011,0.11955397892663988
1.273,-0.8244946532863525,-0.5701442295079245
1.274,-1.3187069863223746,-0.7884058418832283
1.275,-1.4029557805343094,-1.0104138082400227
1.276,-1.7403421235794692,-1.2374066376181914
1.277,-1.7090834778523627,-1.3620853927518732
1.278,-1.4225370809375717,-1.1493338848124584
1.279,-0.604925942917018,-0.4572814686979837
1.28,-0.2474980301307378,-0.3275797419267834
1.281,-0.0603800475053638,-0.17728964106504755
1.282,-0.235618170209611,-0.6657219937608845
1.283,-0.4357830521538897,-0.7719601654078585
1.284,0.2417915192780988,-0.4075586242339384
1.285,-0.3657206977000551,-0.7870043683856995
1.286,0.0486075134674355,-0.6087165891797828
1.287,-0.0406860066315993,-0.37916370831187424
1.288,0.4799679979350931,0.028682562010106
1.289,0.7523314682974169,0.6310655660436508
1.29,1.3924700088816433,1.2851182285259326
1.291,1.3497499377886817,1.492923609357516
1.292,1.346588401530969,1.5947747166568773
1.293,0.9224791443404629,1.2699342183652098
1.294,0.2480658118414941,0.7343494136673655
1.295,0.5639921124625815,0.9691787115575929
1.296,-0.2487496452749104,0.2752269609377001
1.297,-0.1153914171537485,0.1697157040169183
1.298,-0.1635038465652439,0.19206310333647592
1.299,-0.3215576002199383,-0.296896981981732
1.3,-0.0902211484238814,-0.03691464303101792
1.301,0.4285385495584808,0.14616587806985762
1.302,0.4889042629541523,0.22702383490379488
1.303,0.5869730549636933,0.06658702556548293
1.304,0.3021057621594788,-0.16542038910004103
1.305,-0.3022837600310457,-0.8989282852642493
1.306,-0.9378258495437142,-1.424072174566645
1.307,-0.7046091799754739,-1.1830771700212843
1.308,-0.9180274184040732,-1.2314899505239265
1.309,-1.036118792981655,-1.2433931957145365
1.31,-1.1821435632155466,-1.198878160819263
1.311,-0.8074230216973862,-0.6917723479520013
1.312,-0.3480921389943615,-0.0570038464925018
1.313,-0.1889795899955742,0.17822341426819646
1.314,0.0504764017911586,0.5456478974649897
1.315,0.4024116909682838,0.8522081393228005
1.316,0.1461644091878847,0.6675836575085929
1.317,-0.1638430096558636,0.1655690842422548
1.318,-0.1006910514656218,0.26276465111673386
1.319,0.1453734323509121,0.1951238631249214
1.32,0.3442501190610119,0.42863430703605987
1.321,0.9456996425102472,0.6626580355659564
1.322,0.785445069260273,0.578291340529159
1.323,1.889976221040551,1.3493586674860851
1.324,1.6291701970429766,1.2308133144803104
1.325,1.631861052176974,1.010001310865994
1.326,1.4676519689585694,1.052216366538268
1.327,0.9177883219226314,0.4258105696407696
1.328,0.2512872659031408,-0.0012244672440457835
1.329,-0.1509559927045844,-0.3467087574564076
1.33,-0.8846211912102578,-0.8588978431743053
1.331,-1.170155953511617,-1.0104809794458491
1.332,-1.3296576066406582,-1.0207383343355017
1.333,-1.5317423189087298,-1.0861885290471562
1.334,-1.2560937045691634,-0.7724013154842431
1.335,-1.2320677203601813,-0.6718306031719755
1.336,-0.8781527884332945,-0.4009121393622317
1.337,-0.8636858100446904,-0.3963959585109739
1.338,-0.8295619360749105,-0.5441184614963354
1.339,-0.9222337247577378,-0.7138362348476156
1.34,-1.019239603603129,-1.0442243508755724
1.341,-0.5373620611210213,-0.6508020942897345
1.342,-0.3053702325972469,-0.646275804865417
1.343,0.1520603637040618,-0.22114779915631216
1.344,0.9700728358136296,0.42492037460403487
1.345,0.8369771760655688,0.36602886354588704
1.346,1.4609117485500815,0.8992584859857128
1.347,1.832868771092326,1.4637847919171552
1.348,1.7988902624968788,1.41357601629216
1.349,1.4143657189147485,1.3083565360776128
1.35,1.105716422811157,1.0213142410195273
1.351,0.3109898075437929,0.529553887146604
1.352,0.3494131011632685,0.5748038912889651
1.353,-0.0262231859572796,0.45552353289499353
1.354,-0.0958383319145469,0.3299515047785495
1.355,-0.0999839002990062,0.4845504735493216
1.356,-0.2051249597512219,0.23644152879023667
1.357,-0.1727439552242917,0.31644886414133006
1.358,-0.2374718599405788,0.03163822399697029
1.359,-0.5274508864656344,-0.29399049050221143
1.36,-0.2228342230579664,-0.24594389998412494
1.361,-0.6351387793443954,-0.7184827547485416
1.362,-0.6485664341614813,-0.9706640450059055
1.363,-1.023112410959669,-1.3604063436043188
1.364,-1.1040301603992306,-1.6187673088105596
1.365,-1.0288583478812032,-1.4556345585101456
1.366,-0.4759562041403365,-1.0070015690505896
1.367,-0.334463906349325,-0.6459961950373211
1.368,-0.1456167940715003,-0.5153140323150316
1.369,0.1825299688808312,0.1531509745262909
1.37,0.379994755753817,0.282717407530267
1.371,-0.1457763592555985,0.17060189606349696
1.372,-0.2753625603889152,-0.0969421632702577
1.373,-0.6899558034633015,-0.0948451269355072
1.374,-0.1572647071977987,0.19307534444800908
1.375,-0.5085867374761708,0.19020648808664423
1.376,0.0303454456571063,0.38420368845412417
1.377,-0.0890707909319846,0.495010825552015
1.378,1.0474815962119073,1.2389765896843137
1.379,1.2680130936420526,1.5573968368724487
1.38,1.6852203860120991,1.617293563200267
1.381,1.6709394043829064,1.5912453219201046
1.382,1.303132446767701,0.9874181844932816
1.383,0.9153230637276926,0.5239133459617742
1.384,0.4875039551395336,0.042439041374027875
1.385,0.3541105662021727,-0.1840740508639899
1.386,-0.2523439499469068,-0.6444168653197409
1.387,-0.2001824806897044,-0.6766739081202158
1.388,-0.3050921052108881,-0.46632584649267866
1.389,-0.2930625337628714,-0.5348328924268186
1.39,-0.7143657046139089,-0.5400897428051652
1.391,-0.6517865868804218,-0.5849625347272149
1.392,-0.8340515353891342,-0.3358791695081617
1.393,-0.9717203351630916,-0.6463718521221982
1.394,-1.6436969609818957,-0.9496625797923082
1.395,-1.3808712825582536,-0.9482311197145715
1.396,-1.9361242313117004,-1.2466522677817449
1.397,-1.6252846367761076,-1.2769300247521291
1.398,-1.4465606297557825,-0.9617918266616481
1.399,-0.3269248181793587,-0.21920980255693426
1.4,-0.0298035241485186,0.12429395716950865
1.401,0.6299035605284595,0.4375589115788977
1.402,1.2961156152108484,1.1139434472971488
1.403,1.5105701884285825,1.079758833099605
1.404,1.461438639512823,1.0579861526048244
1.405,1.215753295493881,0.7064922843274851
1.406,0.8267547617354742,0.39207717432255035
1.407,1.2210212029230494,0.8308635082295336
1.408,0.8458893439828805,0.5721282869855069
1.409,0.6193155454780422,0.507798671148644
1.41,0.7211222747676471,0.7300068718745099
1.411,0.4173253474762207,0.6445389636067353
1.412,0.3072234066770291,0.6045063135968082
1.413,-0.2086407751437776,0.29465813177012423
1.414,0.0807305917315989,0.5543662758958001
1.415,-0.1615139016047836,0.4561892522677575
1.416,-0.6858969968289766,-0.2228069159518303
1.417,-1.335933852738902,-0.8034908176961528
1.418,-1.459876157098229,-1.1971954595512633
1.419,-1.5018519402902633,-1.2182589496554581
1.42,-1.392320219783888,-1.4485148176418254
1.421,-1.1293310983631597,-1.1626758072995975
1.422,-0.6956969395939704,-1.0692927039150395
1.423,-0.412997132553469,-0.7134910254656679
1.424,0.255467483504061,-0.3113180798169814
1.425,0.2152154502002625,-0.20704377098727286
1.426,0.7660966098004444,0.2078426022309739
1.427,0.1588518315171284,-0.2017435287545066
1.428,0.3688403654456846,0.021747538002743497
1.429,0.1884479430197791,0.04031934384646313
1.43,-0.2170116641427048,-0.22741445747148548
1.431,-0.1119547728348399,0.013460658029252625
1.432,-0.1334630859187318,0.19285159908052085
1.433,0.4724590723124995,0.8203423737131859
1.434,0.6604687074275027,1.1982577710160525
1.435,1.0549512949140367,1.4827986930117376
1.436,0.9253430343933926,1.4722578853905235
1.437,0.7319688094625865,1.0615149385966554
1.438,0.3365995405753645,0.6898940103648199
1.439,0.5424613184919668,0.6291394179412747
1.44,0.3273684315898865,0.36021435789439127
1.441,0.0692776411066242,-0.14066101443088855
1.442,0.0352190446110414,-0.2558097751609484
1.443,0.1818969882329658,-0.26530897763683947
1.444,0.2087293765316672,-0.28556375976570697
1.445,0.1776702805163904,-0.35588478631645826
1.446,0.271575023709067,-0.2273907964275257
1.447,0.1456717157819329,-0.289381072086509
1.448,-0.2735626327518595,-0.5760124320330996
1.449,-0.5026099828736373,-0.6921684248545197
1.45,-0.9699025010955232,-0.9481811754191068
1.451,-1.4046889109807,-1.2976211237273125
1.452,-1.684531131102253,-1.332555578199214
1.453,-1.5377127924291756,-1.199821163575239
1.454,-1.5012578705069668,-0.9363662020762027
1.455,-1.129411874307002,-0.7187955680906131
1.456,-0.679658073751705,-0.097722472576137
1.457,0.3746728040647377,0.6684393640217002
1.458,0.2802637306956806,0.6792117430618286
1.459,0.8520893340802582,0.8813679394335785
1.46,0.8055152425992564,0.8926620547526666
1.461,0.8085689623098737,0.525154359776574
1.462,0.370879397230726,0.1362947443857192
1.463,0.761500561264224,0.23677734910628126
1.464,1.3333700288051404,0.8882515417614013
1.465,1.3460388645726784,0.7464652804047116
1.466,1.1673184746121006,0.7006415381942791
1.467,1.375964785736825,0.9022975770823788
1.468,1.2786144018745669,0.9844745049759536
1.469,1.4883273821023395,1.3004605966245342
1.47,0.7928909305232299,0.797150718929718
1.471,0.0145413450585202,0.17054631247968505
1.472,-0.3927925974559629,-0.07905327299741688
1.473,-1.053763424730777,-0.6211776872874375
1.474,-1.4045712983960192,-0.8874375791606275
1.475,-1.7363710179331129,-1.19565473495644
1.476,-1.8094339150173293,-1.2695486048530273
1.477,-1.2578268021265906,-0.8157667443329261
1.478,-1.074019705103206,-0.6955584432533882
1.479,-0.7997890769506133,-0.6240613550790667
1.48,-0.6494182251710063,-0.5481726429914755
1.481,-0.2080493902097639,-0.3649031771495666
1.482,-0.1019341062059822,-0.280774642013195
1.483,-0.1380779749002547,-0.5682112740149035
1.484,-0.0539655784421388,-0.40270568847167443
1.485,0.227484616670463,-0.313917976679864
1.486,-0.0430047773745041,-0.3824953417170347
1.487,0.1823171809660561,-0.26671188493206516
1.488,0.1676508261197151,0.0148506030894145
1.489,0.715841770190227,0.5278622345699958
1.49,0.6378019569044715,0.7777857880326762
1.491,1.085530922128297,1.2291059697544824
1.492,0.9993538768801442,1.4249742932917675
1.493,0.6820589433772075,1.1033612601154912
1.494,0.4827960676940399,1.0750965272220039
1.495,0.3211970777484343,0.8628672886408538
1.496,-0.2566779605560283,0.3158159384192021
1.497,-0.1840019121639049,0.2773085143269463
1.498,-0.2339978195151098,0.13522077117271422
1.499,-0.3076761872602398,-0.09409506040978487
1.5,-0.0014338656570217,0.05376425039870608
1.501,-0.2321552607452467,-0.3361216237602423
1.502,-0.1832171185010621,-0.43846425392056915
1.503,0.3319644992104762,-0.03475005175096386
1.504,0.4677546763127224,0.017425814306888443
1.505,-0.1749381161485109,-0.6453487834119903
1.506,-0.5576876187389411,-1.0212835904260222
1.507,-0.5762728611696404,-0.947886419559421
1.508,-1.0821154138842757,-1.3813843653667837
1.509,-1.3992563979125237,-1.503980682521414
1.51,-1.0117043361815383,-1.0410776513267372
1.511,-0.8119657061723814,-0.5812510157983939
1.512,-0.5854929453698489,-0.35037296506661697
1.513,-0.3608937617619624,0.1465717336397478
1.514,-0.0543418079806728,0.3334261611562573
1.515,-0.1309379715516685,0.4872345416519562
1.516,-0.0560112615166536,0.3118548902427161
1.517,-0.211768953351939,0.3041617131793169
1.518,0.6683658664057059,0.852123028816086
1.519,0.2783459444443328,0.511180003864764
1.52,0.8881092270082357,0.7976017113244992
1.521,1.1401000544539923,1.009034132660175
1.522,1.1494393955147657,0.8052910510964602
1.523,1.4318575156594606,0.9867177972308008
1.524,1.5034182508057403,1.0308501040920575
1.525,1.5616224699443897,0.9641402422370302
1.526,1.4774847959083406,1.0594803326505142
1.527,1.2258344843287756,0.6888604128176969
1.528,0.0471824840284258,-0.14552314064820646
1.529,-0.1781859595543163,-0.4704652158415495
1.53,-1.023735602691316,-0.8993682060254097
1.531,-0.8354757059032847,-0.795712991804411
1.532,-1.363107319866275,-0.9460233254782696
1.533,-1.51385231492237,-1.181738016512574
1.534,-1.3681806361009523,-0.7924529432375601
1.535,-1.1409787149745152,-0.6646981099574052
1.536,-1.0246438427828346,-0.4865333230614845
1.537,-0.9589295282710704,-0.5353823702290472
1.538,-0.9940391456637552,-0.6807402147836187
1.539,-0.9285061676551728,-0.726272417065296
1.54,-0.8193006041912781,-0.8402591604181495
1.541,-0.978485280538129,-1.0733528756599962
1.542,-0.1878628751678977,-0.5337350191179958
1.543,0.1529339112258009,-0.19467344975215636
1.544,0.3857521184492043,-0.15871769185642626
1.545,1.2405932882809036,0.7847401959666198
1.546,1.70565909485961,1.1613845963116065
1.547,1.908998667128238,1.5300459569072267
1.548,1.8386770458122916,1.4945546982704065
1.549,1.174005238497136,1.0226709662576048
1.55,0.9581785595986638,0.9424569872762112
1.551,0.3890844263414191,0.5210674403576384
1.552,0.1649308831454307,0.4868155301320344
1.553,0.0422884325353299,0.39671573553710104
1.554,-0.2387913665995013,0.3073446017091861
1.555,-0.184905512575501,0.23966484472055033
1.556,-0.0893383060149719,0.4870963807094454
1.557,0.4003279553493552,0.7121933326942046
1.558,-0.1957228056906821,0.20859648059416908
1.559,-0.0793507086215891,-0.02123889298701934
1.56,-0.458402507540293,-0.36211643093690155
1.561,-0.4711976431899393,-0.7105896880386566
1.562,-0.9850398843108652,-1.2167297532711157
1.563,-0.8773558480126369,-1.342509977529404
1.564,-1.0577328214211124,-1.5161509805415194
1.565,-1.189687729648254,-1.7190084771315
1.566,-0.6516525121876179,-1.1555392807719769
1.567,-0.364233729816932,-0.7657121895747568
1.568,0.0892327474033005,-0.27052829686188823
1.569,0.0727396261042165,-0.04940498490072505
1.57,0.4893089622278708,0.39713945766626396
1.571,0.2065236903974085,0.41804125156330624
1.572,-0.1433544992593181,0.04130652095079658
1.573,-0.3671028447830652,0.11381538925786819
1.574,-0.2784324081740886,0.07564260384982131
1.575,-0.316965029298479,0.2725535345355017
1.576,-0.2086975003469819,0.13539195305705815
1.577,-0.0659634446153175,0.43277740142119575
1.578,0.9279424026839308,1.0843228005210022
1.579,1.3723295069695631,1.6148242228189618
1.58,1.7502721086269255,1.6161589149340039
1.581,1.379435524811531,1.2943485661265293
1.582,1.6756148957521606,1.2664200460089916
1.583,0.8372590648334013,0.47220934965823846
1.584,0.6824821001094126,0.12827962644907168
1.585,0.3491862521049966,-0.14873224537656293
1.586,-0.1453055707094427,-0.6478706349750338
1.587,-0.0509001097332202,-0.49169165012165184
1.588,-0.377911178894999,-0.6393940305910092
1.589,-0.4985277358783481,-0.7217418109927235
1.59,-0.4790862108467552,-0.38891037862559524
1.591,-0.3727235299634622,-0.30809754695727776
1.592,-1.00521661837436,-0.574630382812608
1.593,-0.8999968188211048,-0.5928055459172515
1.594,-1.43758647019105,-0.7979591039580868
1.595,-1.718736780835857,-1.3102642992371465
1.596,-1.686855931262953,-1.0434186984486842
1.597,-1.4123224043843872,-1.0830054408028942
1.598,-1.6198558035537616,-1.177283785546793
1.599,-0.2902328148296775,-0.1878669138821877
1.6,-0.1701746442141318,-0.057324342903332215
1.601,0.1789178760787586,-0.0024759041767325116
1.602,1.0012196280168308,0.7790119982542579
1.603,1.453898036420789,1.0450480076655375
1.604,1.4843792356292609,1.0468488195126109
1.605,1.60726507214796,1.1183971155445913
1.606,1.429235984473906,0.9757532414694106
1.607,0.9852637980084846,0.5973672663137688
1.608,0.8805123431205036,0.6148175075722938
1.609,0.7722911270839398,0.6293227582526748
1.61,0.4106905216804664,0.46460188951032616
1.611,0.3264551881412044,0.4792199099423604
1.612,0.4468626817652636,0.8315343581479622
1.613,0.5786063772101655,0.9645769553939849
1.614,-0.002711745646563,0.5999797708606954
1.615,-0.2799331637318144,0.18690500191124992
1.616,-0.651035578205551,-0.02412638893842931
1.617,-0.8822665726582385,-0.5188473220055096
1.618,-1.509310183546055,-1.060176768530606
1.619,-1.2555114265032978,-1.1413072983269164
1.62,-1.6331841493310693,-1.4962329942692687
1.621,-1.081309806021567,-1.2678213094959774
1.622,-0.8548163573873523,-1.0467138115256354
1.623,-0.5360979575223362,-0.9606866053682536
1.624,-0.1412181932502529,-0.5556691100485234
1.625,0.176156617844537,-0.333517249566173
1.626,0.3361185678852011,-0.11370572631960649
1.627,0.2147068510400318,-0.19501328837897597
1.628,-0.0170332008376935,-0.3072417719838644
1.629,-0.2226285981267031,-0.38608042698928974
1.63,-0.0271367818214667,-0.030495730206849397
1.631,-0.2691701050087213,-0.13495534345499616
1.632,-0.219972977356644,0.07480887826196235
1.633,0.3902138338528848,0.7582090860332881
1.634,0.4721529584053563,0.9581428363779135
1.635,1.204497486911433,1.650055390119428
1.636,0.929157238717399,1.425318946848461
1.637,1.123125105923165,1.4555042231872972
1.638,1.1110201134177884,1.4341550570539503
1.639,0.6371490720090275,0.7028621892755875
1.64,0.5241407793838792,0.5598320682886474
1.641,0.0978077119487594,-0.15949808827788592
1.642,-0.0042389561714011,-0.25920576808012685
1.643,0.1432564581846291,-0.3711937918400286
1.644,-0.0619058817311649,-0.5007302979055723
1.645,0.4376162542043169,-0.16655109078336874
1.646,0.1087157123666712,-0.3401181975753073
1.647,0.3732910626003187,-0.11206157367164366
1.648,0.0467772174596985,-0.23893388392421067
1.649,-0.5409838707512287,-0.7357965341874285
1.65,-1.218273401758842,-1.2353237380041686
1.651,-1.615799895799538,-1.4504527119309067
1.652,-1.5172962632231393,-1.268430036480804
1.653,-1.5794331794682663,-1.1131254211640855
1.654,-1.3033665988254195,-0.8980186044514843
1.655,-1.129932803584942,-0.5283388452991651
1.656,-0.4931142184184326,-0.10452228482421946
1.657,-0.2968655660137834,0.23010512999840232
1.658,0.4596121862383133,0.6621202146473897
1.659,0.4525944286936652,0.72924091571996
1.66,0.871338059365098,0.7889054612792946
1.661,0.8681075491792875,0.8177106935180314
1.662,1.0452467517356323,0.6893320290526774
1.663,0.8050776259755611,0.4766640225943433
1.664,0.94886922082604,0.439221943125905
1.665,1.185146539489318,0.7324568946181004
1.666,1.1141243698970027,0.6354907169200662
1.667,1.069817700846395,0.6909732466029334
1.668,1.264710176147357,0.998227869717708
1.669,1.1178407136912485,0.9787591885852949
1.67,0.4391952463649982,0.49388733157009634
1.671,0.1664042571031234,0.33737992534278616
1.672,-0.2200821474699398,0.14996141189182138
1.673,-0.922077342760206,-0.4924138739968102
1.674,-1.4730422039976998,-0.9086287528496778
1.675,-1.820396908632203,-1.2836668949992234
1.676,-1.5974718493086906,-1.032137413024094
1.677,-1.4258927735575726,-0.9737717347263274
1.678,-1.4240243277813247,-1.0530542352179388
1.679,-0.8069175893014077,-0.5960113309392373
1.68,-0.4910157586661587,-0.43941597773003466
1.681,-0.174578504099528,-0.26624905239875907
1.682,-0.0503034190159427,-0.32629339838158344
1.683,-0.0422718595313333,-0.3803253648926189
1.684,-0.0887118371498586,-0.5808924785831207
1.685,-0.4047361608100102,-0.8388519053889847
1.686,-0.098414409739272,-0.6179209028520765
1.687,-0.0230729773535332,-0.36797672356897954
1.688,0.5767536270862451,0.22525615365123197
1.689,0.9583382261756224,0.8510582828765288
1.69,1.366707924500527,1.3122039708246718
1.691,1.31645660245091,1.5007408863490752
1.692,1.2190878590807892,1.4768081800716317
1.693,1.102760998016439,1.5160990003078005
1.694,0.6894543331245251,1.156724468626773
1.695,0.069685555773683,0.5556921409902291
1.696,-0.3114215862098607,0.1854588788007826
1.697,-0.4297675364806834,-0.06215626409880268
1.698,-0.6921884381890953,-0.3533090075467904
1.699,-0.2363718282430567,-0.13896618380432957
1.7,0.2838835981010992,0.3413397373740185
1.701,0.2735264320792808,0.048551585567884165
1.702,-0.0140637159114186,-0.2510186887295356
1.703,0.5847676715958798,0.107686019730685
1.704,0.4191262270072778,-0.012111024211592374
1.705,-0.1796747092075822,-0.7401284787389905
1.706,-0.5683745699794243,-1.0214780395121157
1.707,-0.6487693061309046,-1.0875570690775846
1.708,-1.00078727307436,-1.2993170911104275
1.709,-1.235301168188516,-1.3878695705778228
1.71,-1.1417481737066582,-1.1736120725826975
1.711,-0.8203504846235958,-0.6251238517386623
1.712,-0.7482888617494107,-0.5080066632662034
1.713,-0.4540942933874056,0.02306013102368206
1.714,0.0747158390340668,0.4856910571178644
1.715,-0.3151239706181566,0.27375630027125086
1.716,0.1574335572233008,0.571561355435906
1.717,-0.009777353222896,0.47883540903971655
1.718,0.2424998351006081,0.4921044254557459
1.719,0.3380748129031462,0.5513871932567754
1.72,0.327293708775088,0.3106992618143816
1.721,0.8266167138986008,0.6916216753202032
1.722,1.0789165548633233,0.8013682919476875
1.723,1.204682341620254,0.7772227270366362
1.724,1.652120402851685,1.2252781853362495
1.725,1.7150429265552416,1.1585575596306876
1.726,1.4874827656200678,1.0867268580199403
1.727,1.5103162291650407,1.0346805222105941
1.728,0.4169056239120224,0.21263303986117885
1.729,-0.4243051645850818,-0.6411051386453102
1.73,-0.9901432544000768,-0.9004359297199745
1.731,-0.8832470567328884,-0.7611832253472781
1.732,-1.4801893890824664,-1.111831738747746
1.733,-1.214949782156523,-0.8002138970907938
1.734,-1.0550188192878298,-0.5325426754632163
1.735,-1.4733503960492482,-0.9188730824377844
1.736,-0.8900488036619267,-0.40200719751705616
1.737,-1.0104551777182265,-0.5164598371657284
1.738,-0.9519944651498228,-0.6811098988693876
1.739,-0.7878391480732376,-0.5254783977070537
1.74,-1.0694235878069749,-1.1237973025142018
1.741,-0.9059317078849544,-0.9536968385012301
1.742,-0.2870248653918653,-0.6581347395448391
1.743,-0.3018947164514582,-0.6184377770338237
1.744,0.5653174464447842,0.001551470381403474
1.745,0.8534722879958919,0.41095339555646265
1.746,1.618707828969353,1.0568655546614119
1.747,1.8006271517104504,1.419973361840314
1.748,1.6403504824257529,1.2729710838668469
1.749,1.5507293917633334,1.3917197202636564
1.75,1.3158852733822792,1.2609453525118894
1.751,0.7607915001397588,0.8931143982501094
1.752,0.4029777012746779,0.6595593888616516
1.753,0.1231671668087657,0.49958929207964337
1.754,-0.4188119924281984,0.030234457335532622
1.755,-0.3200191871060358,0.15511790333058004
1.756,-0.0057536963307865,0.44398703963928254
1.757,-0.3005209164962756,0.08698694851989033
1.758,-0.0680017682894613,0.19057603795738154
1.759,0.0988527262968896,0.2445678391886601
1.76,-0.128176844533512,-0.18079492940909864
1.761,-0.4613651367109548,-0.6190898879830988
1.762,-0.7529273904235007,-1.1205209819581081
1.763,-0.8634368982481311,-1.2698487031983232
1.764,-0.6324135580019635,-1.2018608932631805
1.765,-1.1012609418334256,-1.6065952780857629
1.766,-0.7029887168420246,-1.2870543537313308
1.767,0.036134967344805,-0.38181885597451537
1.768,-0.2072862182929578,-0.6148191478302553
1.769,-0.2645235220397392,-0.4452584338425839
1.77,0.1961759344005928,0.08893839575958838
1.771,-0.0045516139300628,0.10580086568252783
1.772,0.1143030805101825,0.3177393879358715
1.773,-0.2067166512909672,0.13071470148166925
1.774,-0.2094256585905105,0.19824142101611728
1.775,-0.179903094080449,0.22697762364852594
1.776,-0.3114599131925264,0.11776930459868494
1.777,0.4424718357264426,0.7286719737658774
1.778,1.086840595293753,1.34865623591422
1.779,1.2909195165281802,1.308024154230068
1.78,1.2007377010906206,1.1725309395801433
1.781,1.6278092837962603,1.327261382551974
1.782,1.3281482528089734,1.000568114097196
1.783,1.2386380385316564,0.6914946620579261
1.784,0.7307327461561758,0.21118976115727256
1.785,0.6512695116822143,0.02259995546091397
1.786,0.0777070636050679,-0.45128693717473006
1.787,-0.5443800186146537,-1.05620458809852
1.788,0.1173899557073337,-0.2346373664511625
1.789,-0.234049857140845,-0.46977093306618056
1.79,-0.6904785941407174,-0.7484734082328631
1.791,-0.4703845094960036,-0.36708728055015166
1.792,-0.9477588739845796,-0.7109023566846546
1.793,-1.1139409744024236,-0.7270397144202194
1.794,-0.9700754343486946,-0.5552211813472278
1.795,-1.414814247905794,-0.8966580145514039
1.796,-1.553800555138064,-1.1504607399676952
1.797,-1.2915865491835985,-0.8346873796271534
1.798,-1.2915729441857773,-1.0879788513483335
1.799,-0.9839820437667586,-0.7498170805844394
1.8,0.0426440916652029,-0.06606839680505129
1.801,0.4148499086682702,0.35506878985971624
1.802,1.5004070212516725,1.088199263616336
1.803,1.408151595810337,1.0985621523426417
1.804,1.797024924780158,1.210203700792526
1.805,1.528730749653156,1.1097164945668618
1.806,1.4489073528358858,0.8886326983610947
1.807,1.0532934396414575,0.7053631198509361
1.808,0.6701641130679389,0.33486121793514084
1.809,0.6011536349453916,0.4733526398769451
1.81,0.3194767456834388,0.33134719951833597
1.811,0.41869371351359,0.5694441428203222
1.812,0.4555997597933277,0.8158438846082534
1.813,0.0974753311948376,0.47125625379867386
1.814,-0.0400898325589243,0.5482650447713676
1.815,-0.0696922182103253,0.37936442809430954
1.816,-0.4742005904560799,0.14397213676882323
1.817,-0.8537059635791474,-0.5110931019974899
1.818,-1.6573215357162674,-1.2139157048563536
1.819,-1.5808216100713317,-1.488909971384201
1.82,-1.953143171651527,-1.821400200107264
1.821,-1.0882825046823978,-1.297191759462395
1.822,-1.134447994721579,-1.3341133276895458
1.823,-0.5783418586197261,-1.0237967579352527
1.824,0.2655567808642325,-0.16256517213753408
1.825,0.4543072822423552,-0.07299493191710581
1.826,0.5277801233298095,0.05547952916907227
1.827,0.1918739548370874,-0.23080666473954042
1.828,0.2870587509442552,-0.03651943269915485
1.829,0.1301828389326233,-0.04091660937636968
1.83,-0.0407655100077545,-0.08898097207991668
1.831,0.094998950732497,0.22623029823157825
1.832,-0.2038759350923679,0.03631077875105103
1.833,0.2624418184623018,0.6295488755464579
1.834,0.7950912242690862,1.2210784563000079
1.835,1.1120039219325475,1.5548178744167014
1.836,1.0198934767114305,1.4562140987293548
1.837,0.9072946819174836,1.2320064057864795
1.838,1.312098463316279,1.5794414652281599
1.839,0.7573601903881045,0.8108962131608547
1.84,0.2261955242079801,0.21006998331224325
1.841,0.2526855941546275,-0.016769158620309692
1.842,0.160964280936084,-0.1455242119470167
1.843,0.2807115364535806,-0.23989146559345195
1.844,-0.3311786842335873,-0.8250555312949901
1.845,0.123630464929157,-0.4780100778114577
1.846,-0.0333924721673019,-0.5407785749373613
1.847,-0.1398752973950693,-0.6183267999333584
1.848,-0.1017173020913766,-0.443414154874225
1.849,-0.4581254435718623,-0.6527503038985247
1.85,-0.7059260495829568,-0.7656300427458465
1.851,-1.250950763239061,-1.1057500203244608
1.852,-1.5892617968495562,-1.3586226017948158
1.853,-1.8920522614971529,-1.4765024387469357
1.854,-1.1554186219060485,-0.7380601780084453
1.855,-0.9041530015456328,-0.3858671836716849
1.856,-0.6934412517951201,-0.265291344593726
1.857,0.0265835711464957,0.4462771047557018
1.858,0.4804844637516579,0.7392289821309623
1.859,0.7546951828334306,0.9168482655501569
1.86,0.7164086813730051,0.6915600936720011
1.861,0.8221242559232729,0.6694990322154646
1.862,0.9904688782974465,0.6786902185303467
1.863,0.7751233035147743,0.37313327263070295
1.864,0.9925852985172466,0.5033137972936281
1.865,1.1619848735109088,0.6741760255543136
1.866,1.3710627751590383,0.8845516100867664
1.867,1.4039073013576582,1.03101713898204
1.868,1.4260491051840365,1.1238792225436494
1.869,1.076054349933237,0.980781403710692
1.87,0.4679176665661814,0.4627931739319343
1.871,0.078243221886295,0.3234948040166701
1.872,-0.1842453849517009,0.10785611268809615
1.873,-1.073605346188118,-0.5493339299282136
1.874,-1.719868682505579,-1.2429210092195757
1.875,-1.981782899186439,-1.342167781831996
1.876,-1.5542641218549211,-1.074271089538054
1.877,-1.641779256840777,-1.091471947815944
1.878,-1.3785621864425108,-1.0766882660297137
1.879,-1.1541463123662306,-0.8617653515684585
1.88,-0.2809555368166356,-0.268342966825792
1.881,-0.2937512674033883,-0.3289824886196241
1.882,-0.2045938215296263,-0.4798601778267185
1.883,0.0814467985256717,-0.22741678767155132
1.884,-0.1332576629157627,-0.5831043101141627
1.885,0.049485351338773,-0.3782235429890041
1.886,0.0167369397303517,-0.4256468493602282
1.887,-0.133041046720175,-0.484602723428612
1.888,0.5505608622619986,0.29653662948109233
1.889,0.9631604490830372,0.8488060369768093
1.89,1.1862639073517434,1.2297800038605164
1.891,0.985006227187566,1.1760312708611278
1.892,1.158662330010739,1.4925027715600405
1.893,1.0180887179565807,1.4670880500012653
1.894,0.6304699677433452,1.1302194205969363
1.895,0.2684857448819321,0.8337368474467153
1.896,-0.273199925722057,0.1959601202031212
1.897,-0.5052594280745433,-0.004025003760016209
1.898,-0.6252883972674464,-0.3805945806229978
1.899,-0.0348765462695425,0.25241087048355676
1.9,0.4172853200338623,0.32216902490728977
1.901,-0.192222376084104,-0.18213091225460898
1.902,0.6275998842436465,0.2024501632625877
1.903,0.1389029291812331,-0.08237651643268443
1.904,0.2999105671747926,-0.3224119287632678
1.905,-0.4689857925101417,-0.7861279688162861
1.906,-0.6948380852016027,-1.307953954666311
1.907,-1.2666627379977995,-1.5084788854065736
1.908,-1.0634357726210406,-1.4650615055187572
1.909,-1.2493982616088095,-1.2767577859082662
1.91,-0.9695545636995434,-1.0368771628787274
1.911,-0.8540637499956938,-0.6151012537292476
1.912,-0.5316439695520964,-0.26645138030235005
1.913,-0.3257215686206612,0.12277908374233204
1.914,-0.0748163063093877,0.3980701739867195
1.915,0.1315146222148627,0.6451865722686823
1.916,0.2912792758314695,0.7714106648279077
1.917,0.0516407281833495,0.45415311693522353
1.918,-0.1630296882024852,0.12364872436834243
1.919,0.1513202441820524,0.3029969776462423
1.92,0.4902600730896315,0.45780231340179045
1.921,1.0351676420239682,0.8883619888497305
1.922,1.1154650215260464,0.7605266701711603
1.923,1.1122750243895163,0.7319123862013154
1.924,2.160414922300617,1.6025745903528612
1.925,1.7449454469986658,1.285784006978101
1.926,1.3887697764382605,0.8241231867701634
1.927,0.902706953429298,0.5518934800510757
1.928,0.4027875708319768,0.02817243974224149
1.929,-0.2801125161750195,-0.37408343321597887
1.93,-0.7357240676848192,-0.7979672599907927
1.931,-1.024859033197347,-0.8091918852881292
1.932,-1.0127889410619348,-0.760636719001296
1.933,-1.3779335907443369,-0.9164507585615878
1.934,-1.3211978201022587,-0.8725558752237772
1.935,-1.1359565283951538,-0.5855746180545781
1.936,-0.7587762161878836,-0.305876045721951
1.937,-1.0858800465820364,-0.637409594274545
1.938,-1.2551356128157802,-0.9910460638383061
1.939,-0.8565893515628428,-0.6628223092849865
1.94,-0.7406309282901533,-0.7858468649739409
1.941,-0.7144319973664472,-0.832761308509721
1.942,-0.3255083827360909,-0.6818660479810656
1.943,0.1578684768572153,-0.2132441858023093
1.944,0.8052975859024515,0.2552066190196267
1.945,0.826709754252402,0.3564047551296661
1.946,1.5997298884788949,1.0471504717405316
1.947,1.3202857903527458,0.9409158009279696
1.948,1.6057821922843556,1.2416154194592015
1.949,1.5132007048779683,1.3796652556217393
1.95,0.9112879728960196,0.8525855483425874
1.951,0.8372707381603703,1.0098808738205736
1.952,0.0436724479789372,0.28981663496646204
1.953,-0.0955377838863526,0.3243674832852143
1.954,0.0478559943521439,0.48301825311905155
1.955,-0.3051940328120539,0.2049007078617913
1.956,-0.0964457051505231,0.34317211765850286
1.957,-0.0442713877059363,0.36038024290068993
1.958,0.3991952971129457,0.6609686388287594
1.959,-0.0026809155545848,0.13833724270619238
1.96,-0.0752784999555417,-0.10300449407909058
1.961,-0.542623022392799,-0.7238146278336846
1.962,-1.1763326217501469,-1.4939663659175002
1.963,-0.7687494584106905,-1.2077976752970883
1.964,-1.1422828148284307,-1.6397918813230945
1.965,-0.8781406574236003,-1.4123052164412777
1.966,-0.4993631873467845,-0.9976256072542005
1.967,-0.3302952257776508,-0.7611720304863554
1.968,0.1920391767215161,-0.12617268922260613
1.969,0.0684905934630357,-0.10111998554942264
1.97,0.0110854356544501,-0.013363278317276586
1.971,-0.1238472851633379,0.025211702788808354
1.972,-0.2441876733765893,0.02787710699196389
1.973,-0.2855936993292464,0.11762546909429204
1.974,-0.6829451749464454,-0.22360540850426636
1.975,-0.7346116492652656,-0.23817494526441163
1.976,0.0389956792381286,0.5070073301592127
1.977,0.5220010145810827,0.91682901518935
1.978,0.514050150400406,0.812905015313903
1.979,0.9054325105373932,1.0458643160929004
1.98,1.534526200614736,1.557037643712086
1.981,1.624787827509889,1.459647719624233
1.982,1.291832650260094,1.0442336992932009
1.983,1.1199695668579068,0.7203464604022523
1.984,0.520908358473078,0.1219208112448476
1.985,0.3820086122764338,-0.08532730744361153
1.986,0.0966444263345122,-0.26658638868114826
1.987,-0.3051934579803544,-0.6407504211397987
1.988,-0.5711322366745692,-0.7134944774701555
1.989,-0.2007516891602913,-0.24757250554706603
1.99,-0.0514975928407956,0.1394431812360906
1.991,-0.4876088281325226,-0.1899572906352425
1.992,-0.5580080521774846,-0.03807633574955325
1.993,-0.7162280951500526,-0.1400013784692911
1.994,-1.433643588750143,-0.7066619277322772
1.995,-1.6765859509203005,-0.9840263304923267
1.996,-1.8583313035035811,-1.1200942981075224
1.997,-1.3516412778761675,-0.740047791964979
1.998,-1.0686094267684836,-0.5162155166764042
1.999,-0.6246645091073754,-0.25205134911637034
2.0,0.0974051202507093,0.33911986174769687
2.001,0.2301448782294908,0.3037556523237807
2.002,0.1159351731835897,0.04021644998383893
2.003,0.1705324425115682,0.0035548341266337714
2.004,0.2981731670253327,0.017108544324957058
2.005,0.4459582319205917,0.1896552371159326
2.006,0.4180989280627243,0.11906763687005328
2.007,0.3683077694119452,0.20541130396598745
2.008,0.2777238348760171,0.15201837124809597
2.009,-0.1294241194705117,-0.05839941362970863
2.01,0.1002019966607201,0.2703314047540164
2.011,0.0659671089578029,0.41223981261846987
2.012,-0.1454360660214223,0.32760311758248684
2.013,-0.3349510776911014,0.21098308022539158
2.014,-0.6353140929147263,0.028897153074390013
2.015,-0.6020737879454982,-0.02074587072891311
2.016,-0.3361406974049066,0.32971908440656955
2.017,-0.3130604653151186,0.11456813813332628
2.018,-0.4692956763584726,0.0011801991633549353
2.019,-0.0655626691443895,0.06905862463054299
2.02,-0.2938997988857289,-0.15051492670768019
2.021,0.2232224860585384,0.031219771587694824
2.022,-0.0078975078689493,-0.20945275472110597
2.023,0.4632761678153844,0.03209269024390562
2.024,0.4617103365373181,0.017199604150885877
2.025,0.4131222823322535,-0.07999935519669593
2.026,0.6396481773107484,0.13479435479368695
2.027,0.3970633989519762,0.043252112615392045
2.028,0.5695331411889788,0.1977725180806492
2.029,0.1528493269928797,0.08841245102450704
2.03,0.2306873761694186,0.1227371912348577
2.031,-0.4668581023896087,-0.19948973975422218
2.032,-0.5660745396964091,-0.3909055073584818
2.033,-0.6071677372962838,-0.08996297683745698
2.0340000000000003,-0.4343982818376989,-0.07287468605469312
2.035,-0.7261087629030913,-0.13595882811894783
2.036,-0.4716297574707396,-0.09548762575985449
2.037,-0.5506077742201463,-0.09461957861092096
2.0380000000000003,-0.4308302939138645,-0.2167611203434888
2.039,-0.4131291240642364,-0.25260018380949023
2.04,-0.1219644474427955,-0.18006147995173
2.041,0.2700968134751196,0.0788332534960296
2.0420000000000003,0.4691334769813834,0.14066561347008305
2.043,0.5264515227687828,0.052225710551264244
2.044,0.4063389617935607,-0.07753512375627279
2.045,0.583062891982594,-0.006715560470034417
2.0460000000000003,0.5993589219268907,0.1446814990792951
2.047,0.7058138182411716,0.2036042258059935
2.048,0.3115862172649471,0.06899320908972423
2.049,0.1174101331818387,-0.13359195949732033
2.05,0.3606794563854312,0.43930268792879745
2.051,0.2428900916486944,0.30795218785791784
2.052,-0.7015727011364221,-0.3107981489133296
2.053,-0.4026044583583294,-0.07667784719000786
2.054,-0.5535524951111113,0.022674358475281053
2.055,-0.5850808955768386,-0.14954526100688798
2.056,-0.423835529997642,0.13984409611812637
2.057,-0.0606024599705343,0.29739539895553724
2.058,-0.431755808044259,-0.07568490171586198
2.059,0.0709189237479186,0.20130363125811723
2.06,-0.0370120496561789,-0.0072260970478676325
2.061,-0.0739626830761708,-0.2260600386557757
2.062,0.4921122401600233,0.19768065520886197
2.063,0.3310400591525729,-0.04147541524969443
2.064,0.6552130349452827,0.15749243349308473
2.065,0.3869641239651605,-0.04989374473281854
2.066,0.3689929086196863,-0.13947121566916895
2.067,0.5943191039104166,0.28348514883943354
2.068,0.1194269119842058,-0.20927339624173905
2.069,0.0197227795342381,-0.014632788936714974
2.07,0.1839974416530302,0.15205889209809018
2.071,-0.7179102656558122,-0.42553639484852973
2.072,-0.4887335790642856,-0.22306669158255274
2.073,-0.5792490639019646,-0.03253257197410958
2.074,-0.8906532591876628,-0.44094343379613155
2.075,-0.9774600289111784,-0.3467278193980319
2.076,-0.4198902905015098,0.031194527322381413
2.077,-0.5023267753679322,0.0065164671277670935
2.078,-0.2371333543716247,0.0350863399773225
2.079,-0.1562933236523679,0.06554896237368214
2.08,0.0594968763858242,0.045174498620852495
2.081,0.3277297961540619,0.19932974375226634
2.082,0.5874877439410191,0.2934321743191646
2.083,0.7013688233927882,0.2843275867476088
2.084,0.4617459966284692,0.006825217332778187
2.085,0.6736475442880893,0.13067335391815624
2.086,0.7939284007581773,0.36272063984763725
2.087,0.3846057720436187,-0.08140673597449366
2.088,0.2276800406972272,-0.0019550999365833223
2.089,-0.117123624655523,-0.33805705944673375
2.09,-0.375960978060091,-0.3034706628395559
2.091,0.2744938595615929,0.37064490107040726
2.092,-0.4135938041494069,-0.055986499155023205
2.093,-0.3235137439099593,0.04036723866209742
2.094,-0.3235566385505102,0.19065581534201853
2.095,-0.4613391180682929,0.018954105137797293
2.096,-0.8005177936524352,-0.31994957594605367
2.097,-0.7424741195862791,-0.34173533953730556
2.098,-0.12086897523078,0.14805945330804166
2.099,-0.1545010665802504,4.3760557060648804e-05
2.1,0.0442126901268834,0.00564445992099399
2.101,0.1784732519598163,0.01204979189182569
2.102,0.4880818714042103,0.16700939098500284
2.103,0.6619852062144342,0.21836180066995187
2.104,0.2207285431703599,-0.24395310549206933
2.105,0.6433420437167356,0.06590483929637067
2.106,0.4265433446535596,0.020475401274763893
2.107,0.2044339722934279,-0.3202115957509729
2.108,0.3648265862124331,0.20704237625827143
2.109,0.1633315127157991,-0.1496590336939399
2.11,-0.3972692874805035,-0.2029459770842125
2.111,0.026005820370566,-0.002379850114813443
2.112,-0.5116706781481212,0.01021432041776639
2.113,0.1579606146418632,0.3771573419455602
2.114,-0.7146425741943258,-0.012312738086855993
2.115,-0.1419566156253709,0.195865529935147
2.116,-0.4828989464756251,0.18262474996843683
2.117,-0.3070465723937632,-0.01893284333632332
2.118,-0.4424825507907161,-0.02186668582471596
2.119,-0.2113621282797196,-0.11332600363914705
2.12,-0.0246861605184335,0.027896863976032263
2.121,-0.0358382128319724,-0.18398143178519466
2.122,0.2193643428079063,-0.09024470900573996
2.123,0.4584006322711783,0.11532582454938535
2.124,0.6511586564241729,0.11031120630889128
2.125,0.4858222131866899,0.08668358412974513
2.126,0.7022698359639712,0.13672875277522745
2.127,-0.1361185960413471,-0.4203469411779945
2.128,-0.0681514122592738,-0.4526106186427021
2.129,0.2728976127039847,0.23680853712366606
2.13,0.1119420256484428,0.039458957969721965
2.131,-0.3261802362804973,-0.07502129141353772
2.132,-0.343372954942186,-0.09230876927864055
2.133,-0.3998565207362911,0.06268964764529815
2.134,-0.3274213388086748,0.13975182370313932
2.135,-0.5436433785931701,-0.03610889215904192
2.136,-0.3487629645483803,0.1521599455699545
2.137,-0.486698196199959,-0.1298262044471628
2.138,-0.438111126881806,-0.09047662004470587
2.139,0.0055203389675687,0.06153067630557342
2.14,-0.2106104412320943,-0.13770064871760507
2.141,0.1944112291654753,-0.09623932598162716
2.142,0.133429483403259,-0.07980933174017216
2.143,0.7026947601843467,0.1437664160704902
2.144,0.5157684951837048,0.11712617061920463
2.145,0.8066451410830493,0.15489108811750515
2.146,0.5836315071121748,0.17164587736881343
2.147,0.5850114036578407,0.04914915335963204
2.148,0.3776269034630457,0.1272225808196939
2.149,0.2825498077929108,0.028476949398691387
2.15,-0.1789946721178619,-0.15961513762392207
2.151,-0.4185959439102386,-0.3274871524891759
2.152,-0.1982344783413164,0.08874996835655091
2.153,-0.2987692234004916,0.07720287381325606
2.154,-0.6009794847753646,-0.15911470446876158
2.155,-0.2430532834672154,0.25841332353127433
2.156,-0.3961246875506067,0.02093376275602695
2.157,-0.5777651672629823,-0.14875128159615225
2.158,-0.1344748150056193,0.08175381090610702
2.1590000000000003,-0.2344849593308248,-0.04071388323063725
2.16,0.0713986629443043,-0.015512741707890725
2.161,0.2543849334921673,0.14505373456123416
2.162,0.161115888636369,-0.21553982863080967
2.1630000000000003,0.2618418444084814,-0.10000309448200144
2.164,0.9301378043744436,0.3900629251472938
2.165,0.5292309122869977,0.06279583824223302
2.166,0.7042650050770152,0.19334955982724655
2.1670000000000003,0.5324581957250485,0.14929974850872477
2.168,0.1944821641080797,-0.10157693219492568
2.169,0.228406045488053,0.08419177097193863
2.17,-0.227743339066454,-0.20120551037569026
2.1710000000000003,-0.3390322559659346,-0.18030909376933288
2.172,-0.3139624801731348,0.02338861110068887
2.173,-0.4904572873655511,-0.0806324498053147
2.174,-0.686657765484946,-0.16616094640210163
2.1750000000000003,-0.7209359683171902,-0.20716462607896388
2.176,-0.7571188316447699,-0.24986083806324283
2.177,-0.5243721706149325,-0.09202408345933331
2.178,-0.1239529968220672,0.17815951389306026
2.179,-0.1114011526604124,0.08761591797650091
2.18,0.0529167045468025,0.03431931188817291
2.181,0.3336835024504068,0.2390550900685448
2.182,0.2833722192540917,-0.05186770099264873
2.183,0.2120550942174502,-0.122726358477168
2.184,0.5739316971355087,0.04428007541893851
2.185,0.1238059208005783,-0.3056429558696118
2.186,0.4769285053261643,-0.05256645889648559
2.187,0.4941975915153171,0.1505495117682167
2.188,0.1922976445319876,-0.14304551443374028
2.189,0.2377401256864548,0.12507708302004422
2.19,0.2796667100452617,0.2594580683285852
2.191,-0.3010460439891296,-0.1295088934301736
2.192,-0.2966757931904936,0.0015603576002008249
2.193,-0.125024991933734,0.27088158958915365
2.194,-0.4547926822547803,0.04726485845367205
2.195,-0.39680997882373,0.07356095660924655
2.196,-0.337655866415033,0.1797903343944779
2.197,-0.4256176752389338,-0.0627418774351729
2.198,-0.4065940921401702,-0.06442985054545664
2.199,-0.034710249813622,0.07738848686173304
2.2,0.0626880137526581,0.10883607304420564
2.201,0.1502979609758799,-0.03696407515578403
2.202,0.0707035087382108,-0.1841414328630066
2.203,0.4313199397714604,0.01001536368609247
2.204,0.0089393611400364,-0.43389454144766093
2.205,0.1048182507267694,-0.3963142618453215
2.206,0.508182606736557,0.06614194809129557
2.207,0.5622401039127477,0.16533651519047227
2.208,0.5854726957461988,0.33765763274515886
2.209,0.2832895838347489,0.1347398454312011
2.21,0.2078850997868644,0.2784184669718365
2.211,-0.1260832236953698,0.023830264918111035
2.212,-0.456217470683215,-0.06106859227418653
2.213,-0.3190509221387969,0.06762492609417946
2.214,-0.6147000124522223,-0.010212548188248956
2.215,-0.6472285654363282,-0.1726506575504085
2.216,-0.8646424732007636,-0.2444571004934336
2.217,-0.1672112531141949,0.21627690458927684
2.218,-0.4755225712140476,-0.03799416355849814
2.219,0.1663476499616807,0.3174915675315537
2.22,0.020858829232351,0.14834301704913216
2.221,-0.319910774711355,-0.45142692576450155
2.222,0.3305335371637162,0.1393053833488131
2.223,0.3747245744859404,0.020089992066115055
2.224,0.108612521188534,-0.28961947999012605
2.225,0.4031465643583582,-0.02742084268807598
2.226,0.474419393361659,0.05671200024824045
2.227,0.1311907466302145,-0.1964404132127542
2.228,0.1386949134316381,-0.10805804446565223
2.229,-0.0658727416297351,-0.14882459245474988
2.23,-0.2782957717399772,-0.23389521343936834
2.231,-0.134821230963695,0.07605101988926773
2.232,-0.1402559478200402,0.19994702278830814
2.233,-0.2571070084990261,0.18355911114435486
2.234,-0.4333309846531341,0.0911494609319743
2.235,-0.4516411625342424,0.06394847232886147
2.236,-0.3875616729769941,0.13712964623965093
2.237,-0.4079096663513488,-0.005926854429787592
2.238,-0.4402004559542719,-0.10064673261782422
2.239,-0.1941121125370401,-0.05740555516104751
2.24,-0.3367412130438567,-0.29738884642415764
2.241,0.3047408717934866,0.11827625389426522
2.242,0.3832456401877228,0.12218719303833828
2.243,0.1957652533749484,-0.2560442293535553
2.244,0.5779786133686649,0.1312602839064445
2.245,0.5151601644573509,-0.04970592630886054
2.246,0.5946527086174258,0.14720435408942553
2.247,0.747855154174049,0.26049844922809795
2.248,0.1628487733076817,-0.102155137229656
2.249,0.3580411129473929,0.10649847199127836
2.25,0.1558564884018429,0.18367533913723139
2.251,-0.3755774815130478,-0.32396073066771497
2.252,-0.567873062531915,-0.25206466329267463
2.253,0.1144174618705748,0.42101287465064485
2.254,-0.5603719201682198,-0.07435302473933103
2.255,-0.450215834992178,-0.03298346404058855
2.256,-0.2925686848464591,0.17853905453130978
2.257,-0.5142298463483707,-0.17086981378938437
2.258,-0.0368532465439376,0.23748632784540297
2.259,0.0473838993559736,0.16424725436879906
2.26,0.0003578579836214,-0.031998441331660694
2.261,0.0261001521871575,-0.14400804905272133
2.262,0.2506686440683769,-0.08549064857089522
2.263,0.4572471800861629,0.05626570533486187
2.264,0.5051422939053964,-0.020390292439778447
2.265,0.5324378284707358,0.05201654264860899
2.266,0.372870203832836,-0.15862854242342325
2.267,0.2982051963369322,-0.0740515166852823
2.268,0.4318793983515422,0.0787279858407377
2.269,0.0832610986847646,-0.03075519865618166
2.27,-0.2593429640517707,-0.31712312081553923
2.271,-0.2401418112063715,-0.04258984017570915
2.272,-0.1085974388049986,0.13538263631680988
2.273,-0.7487180077490226,-0.30438652289184176
2.274,-0.1335765661639309,0.3057059099308041
2.275,-0.2479930192123469,0.2850512791012649
2.276,-0.4342258306401981,0.02083495911680673
2.277,-0.2536803736276953,0.1776171963385988
2.278,-0.4527048386708271,-0.16697758173097943
2.279,-0.5710463121440016,-0.39183841844328915
2.28,-0.2916589909725324,-0.29558089362759143
2.281,0.4333459616226219,0.3065220856832178
2.282,0.3543976875166095,0.05214287925716551
2.283,0.2845437428227794,-0.08670045641545418
2.2840000000000003,0.6607738138125807,0.16757313929236192
2.285,0.6171770924409188,0.15363341620112156
2.286,0.742561752540989,0.24121449231610032
2.287,0.3213583057088228,-0.05036067690389705
2.2880000000000003,0.1265250045081294,-0.19512416791071752
2.289,-0.0977855978775221,-0.23134473678164286
2.29,0.0338914374236647,0.011718162244004075
2.291,-0.3121839460801565,-0.1536151431429198
2.2920000000000003,-0.4389986395565817,-0.15699540450359054
2.293,-0.3238823667867269,0.06924138952188282
2.294,-0.7033233078730782,-0.23036247021065176
2.295,-0.2595137002969614,0.2220958087172306
2.2960000000000003,-0.1724752561343139,0.30289919634709944
2.297,-0.5785981399501737,-0.18635202982896373
2.298,-0.0584524504870545,0.22684222489867556
2.299,0.0635073424330641,0.22560687929067288
2.3000000000000003,-0.1839216842368562,-0.21246029470092143
2.301,0.2806137352549208,0.16357033707391785
2.302,0.4553578112595896,0.10482303796063623
2.303,0.2108213790565237,-0.12353562079051433
2.3040000000000003,0.4524246468957594,-0.1090650746595072
2.305,0.3904600983542093,-0.012696518695946853
2.306,0.6817708966322349,0.09841943291537196
2.307,0.2014811914779442,-0.0931128094959873
2.308,0.5118091020529532,0.10338044592792205
2.309,0.1493966949548894,0.10023974566051697
2.31,0.0052509677493344,-0.09689439800454522
2.311,-0.2107541779593638,0.027637423968828623
2.312,-0.2017738506126583,0.020215373117632315
2.313,-0.5057633529618459,-0.05067470662877212
2.314,-0.3928501427546075,0.05248951329841607
2.315,-0.3088012670656871,0.20464648737057758
2.316,-0.314868257941525,0.1735189388224633
2.317,-0.65365225182642,-0.26777677402285555
2.318,-0.0188992058168777,0.320808241911842
2.319,0.3057090608760131,0.4217099052502982
2.32,-0.5179193656158712,-0.4582911253410279
2.321,0.0843427589067421,-0.11339561835425122
2.322,-0.0597231266620031,-0.30254999165226815
2.323,0.3112852782298924,-0.12900020885304533
2.324,0.4149210270053992,-0.03608403111120849
2.325,0.3190214113527188,-0.20453948160606175
2.326,0.5573744895572337,0.07189244058017248
2.327,0.3025793980729196,-0.11680443322358575
2.328,0.4706015276193614,0.1351271042920439
2.329,0.0368994295022344,-0.1323270611475741
2.33,-0.1434748754544282,-0.20696433675601386
2.331,-0.4891173975277962,-0.357441163638431
2.332,-0.3788822202268044,-0.15971279374870953
2.333,0.1979470078872044,0.5676708589548919
2.334,-0.3825044640898327,0.014330137354561128
2.335,-0.5731350676985502,-0.11808228243478455
2.336,-0.3118735958588415,0.08312759324282891
2.337,-0.4739839042879419,-0.11934658229049261
2.338,-0.2774830416851988,-0.06829259458312488
2.339,0.0359040850791121,0.14145907348968198
2.34,0.2136623657506607,0.12010900179575114
2.341,0.0870818722506065,-0.11105119406212455
2.342,0.4159976292685472,0.015059195314972771
2.343,0.719987127188455,0.2793777411640821
2.344,0.8061144427144952,0.20751327701514785
2.345,0.764595660928217,0.2365004619968067
2.346,0.8839712400959778,0.27038972872318096
2.347,0.2332411508197143,-0.1916991093045417
2.348,0.3046772610925409,-0.13733774956706873
2.349,0.377877749637249,0.21010895572509336
2.35,0.3868605927000142,0.2368828738211191
2.351,0.3224914024490671,0.4705957478923315
2.352,0.003911059030177,0.15636688428885853
2.353,-0.573144549381971,-0.1688713989284081
2.354,-0.5520294311765728,-0.19905791064206546
2.355,-0.9239886809410032,-0.41989557987467574
2.356,-0.3947198450675909,-0.015273461282099672
2.357,-0.2097154858406812,0.20063590957715685
2.358,-0.3492830006505195,-0.12229013344867273
2.359,-0.5114154817235559,-0.3514513956811601
2.36,-0.1323319210232772,-0.1733955615170626
2.361,0.1849376694219328,0.03455169031259395
2.362,0.1773626273401561,-0.14021161323739859
2.363,0.3000892281441983,-0.10091927013140305
2.364,0.2259162028410425,-0.2666266739426127
2.365,0.2565066021345495,-0.23862200547929882
2.366,0.4936926135108921,-0.0018732385315325026
2.367,0.3264668816090461,-0.0690407583051778
2.368,0.5084234967800509,0.18542871229627528
2.369,0.2526764981487591,0.11437454626689302
2.37,0.058846165002019,0.019226370390689796
2.371,0.0004017385728263,0.1809089427744078
2.372,-0.3692178904512122,-0.12291269930266639
2.373,-0.3476637176612011,0.0935559496948495
2.374,-0.3978582940784472,0.02719953843599628
2.375,-0.6389432729326439,-0.09312842334313062
2.376,-0.0820799404411906,0.3455888295239648
2.377,-0.7122042476767371,-0.2566534483896813
2.378,-0.0903156641169665,0.16186878091852747
2.379,0.1688919959116745,0.3747011021386317
2.38,-0.3206009978675047,-0.35575061190062374
2.381,0.2296140234935176,0.12147194878754165
2.382,0.1741813250098841,-0.14979036122838457
2.383,0.3414514296190624,-0.027349070159819515
2.384,0.6170078458472605,0.11612939198068911
2.385,0.476553350787281,-0.00473341519400677
2.386,0.8580187201593779,0.3647256464351706
2.387,0.2975362818202208,-0.11064744868469853
2.388,0.3493405261328636,0.05020146997582662
2.389,0.1615754366023427,-0.02041735318874543
2.39,-0.0143735094044699,-0.003672902807119222
2.391,0.0875401786702875,0.19585786181980402
2.392,-0.3956486762410651,-0.07628999137247677
2.393,-0.1276827446935198,0.223248687067839
2.394,-0.469842558602572,0.039499370635996525
2.395,-0.5922666506275236,-0.13938746724873094
2.396,-0.6908127407641178,-0.18273362364208556
2.397,-0.4909893868544833,-0.11594152371579308
2.398,-0.4236342853973126,-0.10798785790282515
2.399,-0.2934869216675926,-0.14595818744698985
2.4,0.1232371087058208,0.127592441415338
2.401,0.1888439011624093,0.04746083478892387
2.402,0.4052526128185298,0.09595096476039133
2.403,0.2241852080731837,-0.15474945739913784
2.404,0.124971340942987,-0.3840529559058593
2.405,0.3131739393102929,-0.15865433688397296
2.406,0.4023531962663003,-0.11981404237149788
2.407,0.4238166792082783,0.04100901974475021
2.408,0.415298999857027,0.06924292758272088
2.4090000000000003,0.1509691712174525,0.005131999408789047
2.41,0.2229528725581731,0.17455601413724875
2.411,-0.1326795082009554,0.01359506844236728
2.412,-0.2819329064503019,-0.023199014641663733
2.4130000000000003,-0.1366154468721403,0.24077924267272416
2.414,-0.363799288212227,0.09782414627678873
2.415,-0.2971062295886568,0.15572699295541298
2.416,-0.5359005341260015,-0.047866180512517634
2.4170000000000003,-0.6638124278947652,-0.32767950932474077
2.418,-0.1793942896881884,0.15446309053094606
2.419,-0.0479501729427139,0.016207183823692028
2.42,-0.3036310785627497,-0.23988882106717316
2.4210000000000003,0.3621124659990351,0.09644893156140395
2.422,0.3800638220904052,0.1654249932417528
2.423,0.6031146198482495,0.07120361061273912
2.424,0.5993076782440439,0.20710942138040891
2.4250000000000003,1.0065917644204905,0.3713443091797241
2.426,0.4502651823840307,0.049801215044708615
2.427,0.2029557329987381,-0.33346862098850316
2.428,0.260064468249174,0.022207435066760917
2.4290000000000003,0.3091728902647031,0.037500522019840055
2.43,-0.4873449412201955,-0.4570502261678079
2.431,-0.1046387587878566,-0.04405866152643836
2.432,-0.091916131780508,0.20580554214552413
2.433,-0.4131818854378356,-0.07713061627759968
2.434,-0.5782941283369468,-0.11928087747017464
2.435,-0.3503167169174846,0.10062617822670847
2.436,-0.1921800223714768,0.25833947630709897
2.437,-0.2748648004116206,0.08599766284548314
2.438,-0.3363504437459353,-0.06116390036872236
2.439,-0.0767441804734835,0.020778341373584804
2.44,0.0252201598709015,0.02637364995685926
2.441,-0.0039464076853424,-0.24704074955008357
2.442,0.0721989250605974,-0.19254808858085354
2.443,0.4345977732445178,-0.10191316042106782
2.444,0.5787912203000088,0.16000828994727953
2.445,0.5981170797598728,-0.07798108447186587
2.446,0.0502197629290114,-0.3506373790106808
2.447,0.7871495506446538,0.17415752858494057
2.448,0.1240802790796332,-0.0942771025012811
2.449,0.1920904883112468,-0.18198760580373838
2.45,0.3233485906036227,0.3797651884060602
2.451,0.0145624752169787,-0.03667651059274098
2.452,-0.7722351071669322,-0.4585832169075067
2.453,-0.0312497943992758,0.2025365084642228
2.454,-0.274064932571567,0.1741865441741239
2.455,-0.2336813086710217,0.14184450188554332
2.456,-0.1191240049886593,0.282133894230853
2.457,-0.4469151499996535,-0.12270328975001144
2.458,-0.2179464577755295,-0.034719289961681346
2.459,-0.0451486184496914,0.058605444856515476
2.46,0.1688388284737902,0.04017069336341188
2.461,0.2360703995071268,0.03805406123761068
2.462,0.5814322088508443,0.16251349202781476
2.463,0.5578339787780504,0.0940852025355748
2.464,0.299706460706757,-0.2773693841954997
2.465,0.4124086667498669,-0.17955647687899198
2.466,0.825565776422752,0.28571561723502675
2.467,0.619993092056678,0.08445756093517591
2.468,0.3005966263217497,-0.015025166705886698
2.469,0.406750005787472,0.08790515317870275
2.47,-0.1646932839166235,-0.14717020686353172
2.471,0.0051290005161643,-0.0226472074615985
2.472,-0.5223802852706805,-0.18176214997118278
2.473,-0.2136933474692619,0.010427831797678113
2.474,-0.3681662938932611,0.1700917417812025
2.475,-0.4597178993607911,-0.11963577256530368
2.476,-0.4979448299221103,0.043592869381915214
2.477,-0.2737045696373786,0.004200535404020203
2.478,-0.4481583500808161,-0.09470974611973602
2.479,-0.2307361977020113,-0.1644133281356556
2.48,-0.3315150162699025,-0.28366924385493875
2.481,0.2747183206767937,0.06804683556671295
2.482,0.4483752092766993,0.19051868228089092
2.483,0.4267999496758178,-0.0016883602088988772
2.484,0.5532802658888228,0.10679124486963151
2.485,0.7057381188694449,0.1995804890905203
2.486,0.5844799647851949,0.13895595579765732
2.487,0.5180971498970629,0.11564182749082988
2.488,0.2998841364294894,0.045267189493821795
2.489,-0.1476362128709111,-0.29798124555015437
2.49,-0.1356814524624383,-0.08167652799191571
2.491,-0.0532554132602115,0.1064027020079214
2.492,-0.3722679628807219,-0.009206837712840242
2.493,-0.162041065644192,0.2523068918385827
2.494,-0.5729102621361188,-0.01800994835220384
2.495,-0.7129191661789368,-0.19189860044480497
2.496,-0.6920822040852251,-0.13613369376318402
2.497,-0.6470745993244709,-0.20386166479997506
2.498,-0.3505178596883517,0.013792231221064488
2.499,-0.0535204297034828,0.16202534885576075
2.5,-0.0800426185769861,-0.029995939176207513
2.501,-0.2460312417494977,-0.31507752990608023
2.502,0.0378737073783186,-0.23405086622368387
2.503,0.0674771956173724,-0.2277496798874215
2.504,0.589601592018535,0.10456155082351948
2.505,0.7395439729875497,0.3695656166166495
2.506,0.4552047022745608,-0.05882565756468681
2.507,0.5459341205411632,0.28630063805809425
2.508,0.489868508660886,0.13743526915899945
2.509,-0.2173583583813477,-0.22157716409043746
2.51,0.4286669300134421,0.3645608819436312
2.511,-0.1516115667280483,0.14593963651696867
2.512,-0.3757270988893501,-0.1342884649117236
2.513,-0.6603556281039651,-0.13401423713135263
2.514,-0.559089747584414,-0.10854078273641023
2.515,-0.4476523178106965,0.14041320793828418
2.516,-0.6590690774053654,-0.17032772896463652
2.517,-0.4846412449200585,-0.034013158232071
2.518,-0.0794296915012551,0.2689166654110872
2.519,-0.221263739283389,-0.06388154725667891
2.52,-0.077770400644751,0.011954686158107627
2.521,0.1052349043561209,-0.08222109072155215
2.522,0.2130635515176748,0.029097010499143407
2.523,0.4781656839928734,0.021254969097927956
2.524,0.3310592525987227,-0.03635463617604376
2.525,0.7940930818686097,0.2450249040257925
2.526,0.182482400474817,-0.21100604427461392
2.527,0.4466171618977158,0.02000314263226306
2.528,0.4746142632820166,0.21640392897235583
2.529,0.197129639463435,0.06508348427305814
2.53,0.192462657397353,0.1711376445323044
2.531,-0.2752652864265791,-0.047461347039949656
2.532,-0.6387065030147631,-0.4216131943132015
2.533,-0.8749987556772368,-0.35333175396837124
2.5340000000000003,-0.338850172310852,0.016822245976204336
2.535,-0.6316354251606134,0.011608284080031141
2.536,-0.112978172220951,0.21892390531941164
2.537,-0.5006992936928022,0.05011449010495085
2.5380000000000003,-0.0848037609314542,0.06225153717342845
2.539,-0.3603459003026972,-0.07879508011555922
2.54,-0.1183066548324136,-0.25146214812239426
2.541,0.3649403942864798,0.30099035782533745
2.5420000000000003,0.4780634144883516,0.07562463657756043
2.543,0.4382959353672809,0.07768530587605049
2.544,0.5690463592932853,0.01474929074030352
2.545,0.119260900503105,-0.38699279432530254
2.5460000000000003,0.4166015152570809,-0.10756860340510832
2.547,0.5697661665699055,0.11107070156633378
2.548,0.3251683535541194,0.00913437424191537
2.549,-0.0883038140956387,-0.3374904439448444
2.5500000000000003,-0.1475298250715762,-0.15046708555319024
2.551,0.1614006400870959,0.19257082607596834
2.552,-0.2749011079589535,0.02474989321310745
2.553,-0.2544814811449587,0.012954562271235984
2.5540000000000003,-0.4153175061449723,0.06238050994307854
2.555,-0.2400384300431639,0.12478532328786869
2.556,-0.4626119094801233,-0.00044748586831829494
2.557,-0.4689838937905144,-0.18415490619285704
2.5580000000000003,-0.0650877656587925,0.1907281723847358
2.559,0.407490892961269,0.46699093993161706
2.56,0.3127367669588204,0.24574416276799624
2.561,0.3196730942911732,0.09814661342783192
2.562,0.1622455201798152,-0.2255639655159783
2.563,0.3168946056000937,-0.1299032400805456
2.564,0.8327140201812888,0.2443838617383061
2.565,0.3654475649216588,-0.16098591768006595
2.566,0.3222811065979359,-0.27209352201296505
2.567,0.288914869565627,-0.1383701319104433
2.568,0.4638518928531051,0.060025021162032635
2.569,0.5516145309636729,0.3653229802742275
2.57,0.0284621828154661,-0.05834038527116586
2.571,-0.167181020355154,-0.06380298533015648
2.572,-0.1953031491367443,0.04529985049236007
2.573,-0.2794574534779546,0.04877088885519235
2.574,-0.0242249188017533,0.4351738933543643
2.575,-0.6534880337938669,-0.25383561587247144
2.576,-0.6930162253919445,-0.20180846389907323
2.577,-0.0824651041523265,0.2068331477207588
2.578,-0.7168478586665703,-0.39030338529775155
2.579,-0.3766617200066462,-0.3357658372197737
2.58,-0.1409498328298649,-0.11274913006539695
2.581,0.3032893078035484,0.056697762792405376
2.582,0.4492033747241217,0.15684800226599344
2.583,0.420160403428941,-0.03696438858357777
2.584,0.180979945665084,-0.33606753585377497
2.585,0.2863066182221287,-0.2166900113908552
2.586,0.6640396599716163,0.09840827342773428
2.587,0.5529173610537363,0.1936213504176318
2.588,0.3523179763287649,-0.07241037353214332
2.589,0.08571499083759,0.011062656323372489
2.59,0.3836754264716652,0.23186469079652736
2.591,-0.4354900198322519,-0.18955059544530445
2.592,-0.0873973802315863,0.060482661438835406
2.593,-0.2182565833365527,0.26229593645744637
2.594,-0.2874471756152328,0.0748706799384092
2.595,-0.5022084532735658,0.034328016463470605
2.596,-0.232466309999502,0.18348183629023046
2.597,-0.2538305477577566,0.1318622590291466
2.598,-0.3422120673719289,-0.04369759946716306
2.599,-0.1304561393681773,-0.054919295393913645
2.6,-0.3026578343128239,-0.2343855450678859
2.601,0.4495941005367317,0.1618339844055921
2.602,0.2769082716249328,0.10523110385917718
2.603,0.4872103185809439,-0.09069095153632918
2.604,0.652068702111942,0.3371384657538521
2.605,0.8064749688483056,0.11192001637280372
2.606,0.1146747229655107,-0.18027846988866186
2.607,0.4024902265977247,-0.1972854690092644
2.608,-0.0897619069430711,-0.2020307389210902
2.609,0.3726290046896268,0.040948438467906655
2.61,0.0571661097123567,0.2227618962973549
2.611,0.0095963623829287,0.019560069641380736
2.612,-0.5638153628053739,-0.13310870089903606
2.613,-0.4436263587531236,-0.1433417410673671
2.614,-0.7709311903956653,-0.19376782496136394
2.615,-0.3133408199319628,0.12191875117067223
2.616,-0.5834634428053669,-0.03999052892819406
2.617,-0.5228229774998578,-0.15279628392315286
2.618,-0.4456506198918604,-0.108370427383446
2.619,-0.2822131753688398,-0.1472800549767246
2.62,0.2186514858678419,0.2514152388623669
2.621,0.2396226975486143,0.06365495293167486
2.622,0.475068994893179,0.21722001319433915
2.623,0.6090850296501119,0.16853589326414492
2.624,0.3048023483030988,-0.1228643289124389
2.625,0.5559034286942452,0.0005844052409173413
2.626,0.3483979740378825,-0.06762596083200863
2.627,0.619123410090923,0.14415188940595094
2.628,0.3075618531366359,0.07609164845099321
2.629,0.342326356269852,0.11298676066967235
2.63,-0.0445800330925269,0.006470299588668522
2.631,-0.4097668100958032,-0.3211513813829076
2.632,-0.3202685864450072,-0.002300881630427673
2.633,-0.5241705456927431,-0.16508407890431176
2.634,-0.5170727079120965,-0.05672054017647856
2.635,-0.1334337411484528,0.34788777999617776
2.636,-0.6523584148690864,-0.23584294989209934
2.637,-0.5627963715125962,-0.15196261715020207
2.638,-0.2529401158343877,-0.055802455868204086
2.639,-0.2789340589264646,-0.10419649123790875
2.64,0.065574893285191,-0.05175521012640812
2.641,0.0439022252805318,-0.09512245053567393
2.642,0.5040809008032672,0.09691068969893513
2.643,0.288137191124068,-0.12663411497480376
2.644,0.8333518746824337,0.2733409832280883
2.645,0.7925978442495987,0.24053541644884777
2.646,0.5695429355976276,0.05471213474512522
2.647,0.5944804745065999,0.09145442990804462
2.648,0.2970358837791352,0.010899484515290126
2.649,0.2978582184695475,0.0077067219658670805
2.65,-0.0307351609700642,0.010575453029119953
2.651,0.3219983437466007,0.32472679528234577
2.652,-0.3279355958186319,0.01690922592371709
2.653,-0.5900176220123355,-0.3273460928642823
2.654,-0.6374643489570152,-0.12697543765517005
2.655,-0.0224214067141846,0.3683311095461934
2.656,-0.775560893286696,-0.2991535832877805
2.657,-0.5096974464347159,-0.16942459491766568
2.658,0.0767131274652322,0.33294022763754866
2.6590000000000003,-0.468836174614034,-0.33421202324783544
2.66,0.3268206535507313,0.26014650269068423
2.661,0.3499943893141553,0.2086047027033002
2.662,0.2153876387990765,-0.15575779573758966
2.6630000000000003,0.2960248575271434,-0.07871095973086052
2.664,0.3711413862540799,-0.17251413039138422
2.665,0.405564668179338,-0.06369404995065994
2.666,0.7173084419078248,0.19758010754229718
2.6670000000000003,0.8839027549215995,0.49964845480497944
2.668,0.4065556346199065,0.09968584201280418
2.669,-0.133934908700303,-0.2852998059246548
2.67,-0.3282578377188435,-0.30980256663672356
2.6710000000000003,-0.2832075045772645,-0.14607797623791927
2.672,-0.2539235612059629,0.08564711683323611
2.673,-0.3186419308986653,0.046301394043631657
2.674,-1.011531040944008,-0.4682707770918149
2.6750000000000003,-0.605062513683591,-0.16759830705880185
2.676,-0.2598853709606445,0.30122975876424385
2.677,-0.5224020774825717,-0.20292342338375974
2.678,-0.4632428900279717,-0.068954439427209
2.6790000000000003,-0.1014259817892184,-0.05124598346027386
2.68,0.0073541318032972,0.11891157643506803
2.681,0.6601555327658687,0.389070183892016
2.682,0.0933166611714317,-0.08373854891815187
2.6830000000000003,0.3321351442032842,-0.19077717248029413
2.684,0.4022329323797022,0.04027359524353637
2.685,0.9108084901256954,0.3017481380921675
2.686,0.4123747720991797,0.03742971439531884
2.6870000000000003,0.4095604239824242,-0.08575918839536514
2.688,0.194317745817472,-0.020569540275160156
2.689,0.0183337848893233,-0.20445516768706
2.69,0.2096663181113779,0.26149984462993586
2.691,0.2987700549090951,0.4070086316357122
2.692,-0.3752670748486578,-0.05818089325364334
2.693,-0.2933666794632589,0.08314703418360736
2.694,-0.5707543997937982,-0.09828806104160624
2.695,-0.8617715917078647,-0.37621118986624114
2.696,-0.2787481301232145,0.17241577994774204
2.697,-0.3367560344540529,0.06376466880686237
2.698,-0.3139876038810373,-0.06004780155014773
2.699,-0.2803463276535417,-0.11907169766871954
2.7,-0.1345045378915002,-0.18544616215023516
2.701,0.3483904384790462,0.21463584454239598
2.702,0.345652500080541,-0.007242856209815891
2.703,0.3476573364098722,-0.01840701383302746
2.704,0.4918111461252055,-0.04854804843091913
2.705,0.3642743600704349,-0.0789304295053762
2.706,0.7545554260937972,0.21128658298564792
2.707,0.3936033949259778,0.05965852868214599
2.708,0.1533851894861061,-0.20664319984960144
2.709,-0.0432018633951991,-0.12297775861097146
2.71,0.2322725305183849,0.17358652583453363
2.711,-0.332145298879368,-0.11089246550398363
2.712,-0.3808456924807484,-0.13169400919175425
2.713,-0.2514584361654395,0.20055108022466894
2.714,-0.2498548697272437,0.20123912975408967
2.715,-0.4888484023282985,0.03181145047500023
2.716,-0.7238316687560229,-0.24659787704305186
2.717,-0.4383624918616268,-0.042993148299611955
2.718,-0.2605045138353336,0.06599129711627472
2.719,0.1809676950283403,0.29793189522814967
2.72,0.0268779898267284,0.09316086547599643
2.721,-0.3271751433773321,-0.5424587684159351
2.722,0.2433478280995426,0.04794838369157644
2.723,0.7520398962835982,0.27199156532037805
2.724,0.4554242767579008,0.1025198343122841
2.725,0.5088784719740213,-0.06967106317933364
2.726,0.3288061577049862,-0.015318883943614664
2.727,0.7119810733507808,0.23949835444959233
2.728,-0.1635198052416018,-0.3374403352616627
2.729,-0.1159009343496619,-0.31525407675689393
2.73,-0.0642553311193324,0.024717137673646958
2.731,0.0281755649955146,0.16893764104544842
2.732,-0.4406888436706566,-0.10123840441662849
2.733,-0.6814240591863246,-0.25850796909626345
2.734,-0.1604390836275006,0.316275403749375
2.735,-0.3153600515107094,0.22898790931186977
2.736,-0.7297608672519516,-0.28645093817122524
2.737,-0.5773926929805184,-0.11395268681873036
2.738,-0.2434091847196593,0.003938246686898232
2.739,-0.2736637139648137,-0.05860844260952624
2.74,0.3163444102569283,0.2761769676588888
2.741,0.0114633022572681,-0.09111864964389602
2.742,0.2923990283287643,-0.020245452208797903
2.743,0.6459324204860368,0.2805480014767652
2.744,0.565399251039757,0.09646874100364893
2.745,0.4884809541013124,0.017838301833339728
2.746,0.3464114771055507,-0.10533814847515736
2.747,0.3411189417530677,-0.035439953249992585
2.748,0.2062990337119908,-0.06302325425055605
2.749,0.2851102933944902,0.16682082898218858
2.75,-0.0186173595939598,-0.010427355171878986
2.751,-0.2628630437133341,-0.05727872548487025
2.752,-0.3272843282466512,-0.05192670702285727
2.753,-0.856270345441575,-0.3854652223753064
2.754,-0.4596458592674817,-0.028167844641811275
2.755,-0.2817106182382384,0.2934876059766471
2.756,-0.4782030988813742,-0.05912732612829447
2.757,-0.6074503775355349,-0.12966953920902913
2.758,0.0246408304807995,0.27039324491637406
2.759,-0.182466804423566,0.031440505906582025
2.76,0.0858121399096615,0.0670688650859777
2.761,0.3106617489915068,0.1924193483601525
2.762,0.3281507726397056,0.05880373070009963
2.763,0.4910539214265403,0.09588700040696162
2.764,0.2768679389838235,-0.12932845315851463
2.765,0.1884842373795762,-0.3263778662879413
2.766,0.2225278042499238,-0.1509512218093067
2.767,0.4273130766558675,-0.007652428870874875
2.768,0.04238762689334,-0.1391210425903533
2.769,0.312305796812603,0.12458794169455893
2.77,0.1664787130931526,0.2627727138080553
2.771,-0.1367948808985518,-0.0037078056158404886
2.772,-0.3888111324009667,-0.03806611739839012
2.773,-0.2954663871258559,0.11265635963762262
2.774,-0.4529686552220732,0.0255438032394266
2.775,-0.6269846681839972,-0.08922767073579496
2.776,-0.3962240162362338,0.026254960987899548
2.777,-0.4042290586455077,0.07475761939588742
2.778,-0.2169565408665144,-0.022055799322597158
2.779,-0.2616172808343319,-0.0012766650507200173
2.78,0.0836642051200137,-0.042039631206421284
2.781,-0.1766159664900378,-0.20718550997698973
2.782,0.2618157406837754,-0.16148211011696334
2.783,0.3245687249020059,0.04316684317517191
2.7840000000000003,0.5280213721283491,-0.05994247718851879
2.785,0.0705773138098425,-0.32732767618462155
2.786,0.4387786741646621,-0.11936943393327282
2.787,0.4017300365153458,0.0625531117606828
2.7880000000000003,0.6591187283975671,0.314036426610413
2.789,0.0449999544153317,-0.08676535068930301
2.79,-0.3721701782120427,-0.4016419599457469
2.791,-0.0909870864111659,0.05034544522145018
2.7920000000000003,-0.0044819688958761,0.2640177404009009
2.793,0.1160370431305737,0.48914105251601625
2.794,-0.1692185662803991,0.26623508371670657
2.795,-0.3719797047224119,0.10147925520934944
2.7960000000000003,-0.3339563612866804,0.07399287444928555
2.797,-0.4081034272142818,-0.005011225249262837
2.798,-0.3947941671966272,-0.19777623251848397
2.799,-0.0129254371180264,0.17551908837990737
2.8000000000000003,0.4180883884402999,0.3025518415450878
2.801,-0.1123284509933594,-0.20090744018136997
2.802,0.2334929796637725,-0.17465332269299377
2.803,0.0979070319064732,-0.2244791148017651
2.8040000000000003,0.698005329132108,0.1320502064175312
2.805,0.3754596970730807,-0.048810541772389304
2.806,0.4610791423277682,-0.06292727622723175
2.807,0.447107494035288,0.09014391914360158
2.8080000000000003,-0.0483064779161673,-0.33986611564581304
2.809,0.105502057633928,-0.0444013077803898
2.81,-0.1697795569871422,-0.11784228305822393
2.811,-0.3892006078817199,-0.27737372441675096
2.8120000000000003,-0.2410927592269796,0.14571699867991025
2.813,-0.0094599012803232,0.31152256833843334
2.814,-0.5478376025376265,0.0494766335624144
2.815,-0.617029824250314,-0.22618904712116056
2.816,-0.7468172578194094,-0.13315378675056008
2.817,-0.1128733862449914,0.17681715059147257
2.818,-0.2324672978432893,0.20476349337803104
2.819,-0.164290247241973,-0.11005317340101854
2.82,-0.2799472507250518,-0.1405176337311486
2.821,0.4949220550439516,0.2704027235740676
2.822,0.477579948880026,0.31187326508410346
2.823,0.3139006041217962,-0.12251632259004945
2.824,0.167086417991795,-0.19722814026320576
2.825,0.5617156126943339,0.06631583200011007
2.826,0.6066595640376625,0.22123637259549855
2.827,0.6860890883960844,0.3126999974503655
2.828,0.4094680445109028,0.18281045449574232
2.829,0.0535467931742578,-0.058582380345713614
2.83,-0.2265151494022354,-0.1810951821071447
2.831,-0.3040278183269978,-0.1122345777117302
2.832,-0.4617914964198522,-0.1405617242786044
2.833,-0.8350306683062846,-0.41112779429324975
2.834,-0.72426865992043,-0.23401513862919374
2.835,-0.6577847187652419,-0.1620436119074816
2.836,-0.418422723376707,0.06473050194318022
2.837,-0.1392953760360367,0.23960201485756763
2.838,-0.3808804751013209,-0.08239028007739789
2.839,-0.1998595834072171,-0.08429343387075305
2.84,-0.0812713886833037,-0.07784261839704679
2.841,0.2165311443632751,0.01852203521973042
2.842,0.2902540781623087,-0.0012170381432792792
2.843,0.6623867943291335,0.21441428341691035
2.844,0.6072240847366908,0.13270687992374303
2.845,0.4346908575199322,-0.11096962914948888
2.846,0.3857503821878784,-0.09063176928951855
2.847,0.274603161473002,-0.18576539672621606
2.848,0.6230017668252197,0.3254375158028123
2.849,0.2950178988846461,0.06534796459185055
2.85,0.0118035682059057,0.003253187184573147
2.851,0.0941937309518685,0.14957601479946173
2.852,-0.5004852106677758,-0.22325977290745996
2.853,-0.1008308893630389,0.18352839223965842
2.854,-0.2886042368711867,0.1591984332371138
2.855,-0.33201173646827,0.03694594306678754
2.856,-0.3558449348550839,0.08040541731835113
2.857,-0.2120712616624628,0.06440734527271338
2.858,-0.2921051586773592,-0.04627761438131655
2.859,-0.0106359897010282,0.032348491775339175
2.86,0.3552390153908536,0.30306757213648866
2.861,0.0870034219211308,-0.1524210859156232
2.862,0.0745443291757274,-0.271976957127731
2.863,0.0920379779409319,-0.36540825900137164
2.864,0.5006786096795064,-0.028099642554108566
2.865,0.6726105785771038,0.1522279795218742
2.866,0.102431204735675,-0.4308783877053761
2.867,0.4943533854660102,0.09806493622563307
2.868,0.5906239438496917,0.22973229193205136
2.869,0.2292525108185024,0.1031639070097347
2.87,0.1903661366052367,0.11322928001132258
2.871,-0.2356201030749814,-0.04437152985953943
2.872,0.0060414328017273,0.2184513413243708
2.873,-0.4561639203918837,-0.01957515633319839
2.874,-0.4109331667576877,-0.008891767264291459
2.875,-0.4510153451982423,0.06568453792923688
2.876,-0.708510035378259,-0.2828301366906717
2.877,-0.4644784186906273,-0.0644405471371566
2.878,-0.1236960123310849,0.1580998124900293
2.879,-0.170118833124662,-0.04102755541991513
2.88,0.0390981867111016,0.07263398685081905
2.881,0.1407459357681315,-0.0545053963541552
2.882,0.018137409256058,-0.19839547100727623
2.883,0.5140113866720282,0.06252672294377389
2.884,0.1851240077842086,-0.18146147927567974
2.885,0.336874365299003,-0.20613212903350525
2.886,0.5579223316983416,0.2027626574684072
2.887,0.3868891984863866,-0.047539994856584826
2.888,0.0025624626257529,-0.18253110881086698
2.889,0.3927674616105792,0.2279138736604619
2.89,0.0616218131756615,0.1390823118478203
2.891,-0.0629688806535504,0.10383448500732559
2.892,-0.426012778768301,-0.0971208846433005
2.893,-0.6238097731318599,-0.18483886386720771
2.894,-0.4751968232281627,-0.007039231340633454
2.895,-0.7368208857986968,-0.18339833862745092
2.896,-0.0738317437882182,0.36223699842459073
2.897,-0.164877366438792,0.3077304152126456
2.898,-0.5093165176815698,-0.2707543301331665
2.899,-0.1558903884440691,0.07726431740361062
2.9,0.2309215316880919,0.17597125155512655
2.901,0.0597233458480367,-0.009352742980534602
2.902,0.2278979040218468,-0.10924117493153826
2.903,0.2381190155088235,-0.07773702647572697
2.904,0.6837433084020322,0.1799026102827429
2.905,0.3708716557063063,-0.04062066686689691
2.906,0.4748877140806026,-0.01928409249059075
2.907,0.4059490584301919,0.08703736885844864
2.908,0.3703514789713752,0.056239860233123606
2.9090000000000003,0.3061174814691264,0.23217329851519863
2.91,0.0060239174141114,-0.02770441932686322
2.911,-0.2278065463373595,-3.962342811893518e-05
2.912,-0.3031150881842037,-0.06290258350548038
2.9130000000000003,-0.6567693295728811,-0.19009738505725132
2.914,-0.6452654758220027,-0.23982633704637796
2.915,-0.4690765143929627,0.07607646493002447
2.916,-0.3217493003732505,0.08123743988277429
2.9170000000000003,-0.8764307547736283,-0.4506644479214896
2.918,-0.3087746628623676,-0.07008602398491195
2.919,-0.2766250218714845,-0.12999302572631471
2.92,0.0252173196762719,0.004933656828374853
2.9210000000000003,0.239754232099924,0.04783319417126605
2.922,0.2352198111822592,-0.036294362195249875
2.923,0.827508205899314,0.36198945322753595
2.924,0.4910961553635466,0.0747111509178755
2.9250000000000003,0.4386355741825929,-0.13501675584592707
2.926,0.5219017752420897,0.12461502328647657
2.927,0.6354274519803218,0.15690129527462182
2.928,-0.0070446868213521,-0.22627320470000004
2.9290000000000003,0.1706835067113655,-0.04874133886944964
2.93,-0.1822845953033932,-0.13002899470265997
2.931,-0.234166249310752,-0.1318677082890722
2.932,-0.1811302315846606,0.13509846515057952
2.9330000000000003,-0.1229905442321609,0.23935099223816572
2.934,-0.334262779762724,0.14050148782767835
2.935,-0.6998364466426251,-0.23855290615218785
2.936,-0.1840378201909802,0.2857814555587727
2.9370000000000003,-0.2455085401448255,0.11710735383016395
2.938,-0.2984585075367706,0.006981140604248332
2.939,0.1039126101240692,0.21045180511700995
2.94,-0.2822548001065383,-0.23554422557334845
2.9410000000000003,0.3251981744645777,0.11884020194497624
2.942,0.3845356836216863,0.17997513913475222
2.943,0.3123687063137322,-0.14154690679121906
2.944,0.3800136221576519,0.031180866979311078
2.945,0.5893451351907601,0.050704617897772385
2.946,0.2779160778688412,-0.050131311588515304
2.947,0.0117622962758358,-0.4121784103499744
2.948,-0.1697435428743829,-0.3186404776232046
2.949,0.4313305532890427,0.28368454358774664
2.95,-0.155319435187934,-0.03576005903125005
2.951,-0.380175567840235,-0.18789161989505063
2.952,-0.2133999706767084,0.15950617963210015
2.953,-0.3545683719614803,0.11927307383906409
2.954,-0.5791998154218229,-0.06712609353528448
2.955,-0.6848803871445037,-0.08844080486496797
2.956,-0.601535520001892,-0.11930237628150857
2.957,-0.4298044561398827,0.08823258343180196
2.958,-0.0908810295540624,0.20384305973223166
2.959,-0.0738398463184119,0.19666615415995806
2.96,0.3188174915629703,0.34210749696914217
2.961,0.0122851657446578,-0.04063824307704729
2.962,0.2496657795420657,0.02527994125200356
2.963,0.0714555114000232,-0.26172305968464804
2.964,-0.0405368682101782,-0.3887270451968335
2.965,0.610758858488722,0.14038120954474606
2.966,0.2390149069550415,-0.054814762834467734
2.967,0.2518541515627512,-0.169549565153937
2.968,-0.1236781346980746,-0.19755242598891268
2.969,0.3114962005091254,0.09570255681358145
2.97,-0.2412321751251626,-0.0053788090937533
2.971,-0.3580366076852541,-0.30080736163669586
2.972,-0.525966409296863,-0.0023544678705176014
2.973,-0.283789115339261,0.0009841017926718182
2.974,-0.5441802957376924,0.13849007778007402
2.975,-0.1627504875130789,0.21239068602862712
2.976,-0.7189722108682542,-0.06764894376622062
2.977,-0.3979451358527183,-0.10474769580871748
2.978,-0.3451128976916759,0.09152863158354768
2.979,0.1160488088096724,0.18917440750306092
2.98,0.0386313668185329,0.15183807525101212
2.981,0.2010802210091479,0.005400895776500556
2.982,0.1281021127783856,-0.0757292114507779
2.983,0.5757747825936731,0.1714273850570922
2.984,0.5103732022714025,0.10909214916124797
2.985,0.6981255775348871,0.23099937256851782
2.986,0.6428222323166426,0.23282178927818467
2.987,0.086393335097457,-0.26835137558552896
2.988,0.0336364073811795,-0.19763151130868328
2.989,-0.0228322638384496,-0.1285227173841678
2.99,0.0703519061794869,0.13377836610360494
2.991,-0.1668216777827984,0.022184096921487984
2.992,-0.555260766400379,-0.19560656021547165
2.993,-0.285924462289109,0.1344574162655468
2.994,-0.61848084407631,-0.0749809316077569
2.995,-0.378695435929062,0.12411640819521683
2.996,-0.1649861527130683,0.380127700960815
2.997,-0.637548465301356,-0.23073199833022898
2.998,-0.7804961328659719,-0.4156803376942395
2.999,-0.135697114248021,0.03485291434529511
3.0,-0.1640189321023112,-0.09183723470887374
3.001,-0.1265027705741691,-0.24063587617955545
3.002,0.4315169850239484,0.21090679542360538
3.003,0.5333558264472776,0.19666468564091724
3.004,0.1996313185143832,-0.20212500244620044
3.005,0.1916082594041181,-0.21890510462283483
3.006,0.4131995896737911,0.010813097606322535
3.007,0.5086622458375724,0.20203805172666986
3.008,0.2525391788041545,0.03024381621059092
3.009,0.1052172450563208,0.040337070543119524
3.01,0.1233124496750516,0.1932877637640757
3.011,-0.37703199191027,-0.15592181924380916
3.012,-0.5520309841649788,-0.18926475578756644
3.013,-0.3924652540204845,0.047871905509813795
3.014,-0.3449688145130037,0.19831977476007223
3.015,-0.3729286364369942,0.13469075109743045
3.016,-0.3159172908545159,0.2244350204724823
3.017,-0.4758651119880321,-0.07943006326490641
3.018,-0.7069086219232571,-0.35560523764815877
3.019,-0.0673303701760566,0.08139836819049123
3.02,-0.2780901614792325,-0.23449509517544084
3.021,0.0197994256416692,-0.12154251882732234
3.022,0.3650700047452739,0.09497652949374351
3.023,0.2518572430658596,-0.11176751864291534
3.024,0.5451623171018536,0.07045541893707404
3.025,0.6156155602721239,0.18172880575161024
3.026,0.4210221084989253,-0.07593545434816334
3.027,0.0874771272762749,-0.2381680622358092
3.028,0.4812073121518359,0.1476649246981927
3.029,0.2291838642042763,0.14904145078937825
3.03,0.2074031126723964,0.15525987675086333
3.031,-0.2801004132897063,-0.07066847399637836
3.032,-0.3191663698920119,-0.08437370524802243
3.033,-0.1427181931713495,0.29012266461128394
3.0340000000000003,-0.35305068042126,0.060585436265170385
3.035,-0.5836461868988991,-0.07907545058427703
3.036,-0.8424892066829315,-0.428957481711318
3.037,-0.5925484468522365,-0.19633668330700318
3.0380000000000003,0.2329032148645266,0.4661003687364909
3.039,0.0215014850417858,0.16964058910305194
3.04,0.1398125528817365,0.0809419321153999
3.041,0.2383689937817979,0.0931009355950337
3.0420000000000003,0.4131207080142703,0.06174197689655537
3.043,0.5043130011025865,0.13230699616704902
3.044,0.3226098606055596,-0.20948910398260595
3.045,0.3371136814567513,-0.10888845275539058
3.0460000000000003,0.3793371561925018,-0.15034426010910817
3.047,0.2031651963532165,-0.1378949390154346
3.048,0.2673355318741947,-0.07287264370715749
3.049,0.2636889348965503,0.1627520637652749
3.0500000000000003,0.17657811805529,0.14736703778566973
3.051,-0.4579202846579714,-0.27957371064515585
3.052,-0.0364076453508296,0.25520324685401913
3.053,-0.6995353401593496,-0.3128313625615258
3.0540000000000003,-0.8175146427047798,-0.3123170608706959
3.055,-0.3899360520448174,0.0534659357457107
3.056,-0.6899579859787465,-0.15687267721130846
3.057,0.1514807858221393,0.47955729927132734
3.0580000000000003,-0.1647503152264825,0.20124183121032316
3.059,-0.4528010439456422,-0.36517869611381715
3.06,-0.0874292721119314,-0.019445567536190523
3.061,0.6269562463873937,0.4441130446938053
3.0620000000000003,-0.0944064274512215,-0.3418492846310002
3.063,0.417192087996789,0.040972633143353636
3.064,0.8862606311932626,0.425586115698536
3.065,0.2458250588002271,-0.1683249024169696
3.0660000000000003,0.5299917567170278,0.03764472390630294
3.067,0.0881142874433488,-0.18800641337534604
3.068,0.4388038371567576,0.10413671160786307
3.069,0.0737284177757369,0.06695640413360424
3.0700000000000003,-0.0370110017359832,-0.09134947234957301
3.071,-0.3879955285314094,-0.08731874652150207
3.072,-0.1618383081419784,0.0720539437064937
3.073,-0.4787820120844642,0.059439463552978605
3.074,-0.6444690738059994,-0.23144260085285293
3.075,-0.4805831737008447,0.14173096212399494
3.076,-0.3576276592023897,0.052685304164011314
3.077,-0.2591250884299437,0.2650364745630198
3.078,-0.1332917235109406,0.09293648500499983
3.079,-0.5444968892629026,-0.26431679789858065
3.08,-0.1285076863958105,-0.19440382553973962
3.081,-0.1572492081384595,-0.1787895979592266
3.082,0.3591256323930751,0.010470485040974463
3.083,0.3631480640882671,0.08966432673496186
3.084,0.5090885613620013,0.0028529736678331585
3.085,0.273268410782618,-0.11544682111830172
3.086,0.4841131623965551,0.014302462643951894
3.087,0.3930525784066337,0.059776214043247206
3.088,0.3626107625847998,0.11787908031552552
3.089,-0.0107510166885741,-0.14875799393997707
3.09,-0.1125981933130576,-0.022089633882256987
3.091,0.006866904337743,0.12101764148354793
3.092,-0.3463828903881697,0.06691783912193906
3.093,0.0874816944831515,0.40823011630344885
3.094,-0.4230285338740417,0.18025765414230613
3.095,-0.7656921317150415,-0.36639650921531725
3.096,-0.7507241210475736,-0.16273118340020581
3.097,-0.1726578854171919,0.1458665736707703
3.098,-0.6648536157991842,-0.293840243532446
3.099,-0.1896212750167247,-0.07948437046023886
3.1,-0.2320114092623325,-0.20031676665758608
3.101,0.1477058157660589,0.0033970601973036547
3.102,0.5042425156251202,0.19989932453763773
3.103,0.2609918534547086,-0.08400583310373783
3.104,0.6524405954804716,0.13962382092493852
3.105,0.0915432672869187,-0.3205902017044832
3.106,0.5551961718729402,0.03668512626357248
3.107,0.4664752191517409,0.14999265082787988
3.108,0.447259963385308,0.12369297748592331
3.109,0.407138504968111,0.3160667163747516
3.11,-0.0364931675391219,-0.042168758279812424
3.111,-0.2557174604236085,-0.07570051084410241
3.112,-0.4450550444850856,-0.13263681627592247
3.113,-0.2932048961344937,0.09969688382525882
3.114,-0.1495134343118213,0.3606873726964149
3.115,-0.1974804361630993,0.26657548823590216
3.116,-0.421969370636004,0.09286045467367807
3.117,-0.2325566273834866,0.1304002141001332
3.118,-0.3868510504249222,-0.05926951960587662
3.119,-0.3126185321409434,-0.1880411903005663
3.12,-0.3191667985915082,-0.29656102181541594
3.121,-0.129958094112626,-0.29319902417288235
3.122,0.1799101050312601,-0.1018448645872418
3.123,0.3036171773732309,-0.08935315783656649
3.124,0.5720865595349236,0.10394844277274211
3.125,0.3768014131580037,-0.10177527772399472
3.126,0.2566932106553645,-0.2081996135168738
3.127,0.3391858964330627,-0.04988717242326449
3.128,0.3003261067539707,0.027275295708053517
3.129,0.2511167760253409,0.09024066002390548
3.13,-0.1094876312359225,-0.07479866806821321
3.131,0.0126527265659101,0.12856908579859008
3.132,-0.1578956900830699,0.18360963500666994
3.133,-0.6297866760086945,-0.2973207803102795
3.134,-0.620879173907469,-0.09060399768063115
3.135,-0.4098640667612253,-0.005921612325901177
3.136,-0.5560229567013485,-0.028706739113588516
3.137,-0.0749866233128611,0.22822254498865827
3.138,-0.2769155891418292,0.05331602710513249
3.139,0.0255423982507697,0.09708948294133003
3.14,0.1238855756795951,0.1327768525637278
3.141,0.343579099395661,0.1461801163722776
3.142,0.1298412023531518,-0.19091599855601413
3.143,0.2408798423630932,-0.15282531019644052
3.144,0.7252518906420201,0.1846960144841239
3.145,0.3351224792606805,-0.0983545306877384
3.146,0.6632608837161519,0.08862886455048993
3.147,0.3350788331977493,0.04363718911436535
3.148,0.3687562432179066,-0.04887583036474494
3.149,0.2869897236543803,0.2750261917838316
3.15,0.3216960492284246,0.18635809763540562
3.151,-0.3162820292344216,-0.010004648989802432
3.152,-0.3613108302105764,-0.19935693646764358
3.153,-0.6573479565102309,-0.11089695351823811
3.154,-0.2009286566265593,0.16141265957023712
3.155,-0.7367255496517042,-0.11886799626192682
3.156,-0.5090139209879266,-0.11369656568567636
3.157,-0.4881542925043973,0.0026777263092491867
3.158,-0.4315942305751838,-0.1735688309310148
3.1590000000000003,-0.1698847656671065,0.03866359550115045
3.16,-0.1193880834313697,-0.1036902468693098
3.161,0.0080720470183719,-0.1206400526508807
3.162,0.584763076775302,0.3604151422798142
3.1630000000000003,0.6157557355374452,0.2149424957830572
3.164,0.1673392721204122,-0.18777362992100352
3.165,0.4530541191434799,-0.059431082951723974
3.166,0.3589940617183481,0.04647822481733138
3.1670000000000003,0.2796715970025308,-0.1491367139284411
3.168,0.3086563371400346,0.20789250564928913
3.169,0.3626676202902956,0.17489929493298448
3.17,-0.6263705765285127,-0.4176744139184335
3.1710000000000003,-0.1107831678761102,0.0034560890722670646
3.172,-0.4425878130397845,0.06155648310243718
3.173,-0.5174663917108923,-0.15822585097489003
3.174,-0.599086770633974,0.07722390519868487
3.1750000000000003,-0.5528709395182342,-0.09970432475549025
3.176,-0.7314046027638363,-0.07182442298794585
3.177,-0.5095020164303015,-0.14734933585202145
3.178,-0.2967540297765375,0.16012417207909146
3.1790000000000003,0.2841204345634185,0.40956959185191927
3.18,-0.1222112569016395,0.017131271477201237
3.181,0.0740229936448953,-0.08652859234175672
3.182,-0.0635360731845057,-0.24318941988291748
3.1830000000000003,0.4121336622719081,0.03128387229794754
3.184,0.5524722249670159,0.16614583013762343
3.185,0.4029229391012514,-0.04356891903598263
3.186,0.2172938573726684,-0.1916769517852168
3.1870000000000003,0.1994264810421092,-0.12955262980196897
3.188,0.2948231439610377,0.049223107321491676
3.189,0.1999888878285949,0.12920499314785794
3.19,0.2847841505774895,0.3198754190307268
3.1910000000000003,-0.2839130922058062,-0.05231195615599078
3.192,-0.3175652500979141,0.001859885783899274
3.193,-0.6152767075536087,-0.15063745746576274
3.194,-0.6737093084371768,-0.1816044597123496
3.1950000000000003,-0.2020010309611274,0.3390141865498979
3.196,-0.4071598306684011,0.07404618960579545
3.197,-0.3034088711951381,0.1291581295403334
3.198,-0.2754316602114249,0.01096875496371844
3.1990000000000003,-0.2048758768290564,-0.024344636660542273
3.2,0.0442388515062936,0.023185927163425393
3.201,0.0971132355633783,-0.022400073582889216
3.202,0.2918423677226723,-0.03443897511088839
3.203,-0.0581314127361165,-0.41095773041595
3.204,0.4620496833686977,-0.053837007375236855
3.205,0.4023091731479964,-0.026114723095225258
3.206,0.6553615156569177,0.13374404429599146
3.207,0.5488279899247779,0.23501390804853228
3.208,-0.0965688550298189,-0.44222621046766425
3.209,-0.2433870571741656,-0.29235947472396623
3.21,-0.0428778060440056,-0.10146229406087513
3.211,-0.1937967147821762,0.07361304401502929
3.212,-0.2081477785880759,0.0208756517075325
3.213,-0.3351329191850335,0.18025807758956655
3.214,-0.0937435868293698,0.31484690500648926
3.215,-0.680126468063099,-0.07999465038977643
3.216,-0.1212552195779711,0.2923750257197097
3.217,-0.3994220246214303,0.09010193814009254
3.218,-0.20660237395689,0.03718607302304903
3.219,-0.0131117929628397,0.21445137443699938
3.22,0.0425071122268704,0.00704649480337337
3.221,-0.1001396007617252,-0.18269833909364866
3.222,0.0702730444266849,-0.24700284412989845
3.223,0.4158944188844,0.09694817828607694
3.224,0.4209502040587982,-0.0722104138619657
3.225,0.5950741826646376,0.2065105135437213
3.226,0.6648614704711846,0.1713116888370344
3.227,0.2511225292037125,-0.012448013334471375
3.228,0.4219509228595112,0.10734978413975138
3.229,-0.3642542767713547,-0.35635885039559445
3.23,-0.4305676210569528,-0.4509433799264628
3.231,-0.3502355455159856,-0.02978086017288161
3.232,0.2491620404451223,0.5303422824906839
3.233,-0.3385104740053412,0.2137297306512095
3.234,-0.7456496701814856,-0.2660802736218016
3.235,-0.7639624546193537,-0.15297197096991427
3.236,-0.6029749500187446,-0.09941407968067296
3.237,-0.5925454767505189,-0.12360549409393093
3.238,-0.3089061046097157,0.040045146147182964
3.239,-0.1857855101478472,-0.01188208486143034
3.24,-0.1679251664497083,-0.087877735908593
3.241,0.1299845126238545,-0.03877740105126152
3.242,0.1332744772165608,-0.06201091115819296
3.243,0.5815729442395583,0.14553110641571065
3.244,0.3478529789652457,-0.019108701326836612
3.245,0.6019537147358995,0.0680507385330946
3.246,0.3320225247093499,-0.03299658226728277
3.247,0.3173232381949554,-0.11555361350697357
3.248,0.2399965367581793,0.05304983148340605
3.249,0.2184076467994082,0.039863169156124006
3.25,0.2922985569590091,0.3930045030989493
3.251,-0.1395624977940912,-0.012832735768804622
3.252,-0.667682929186371,-0.28038010722373063
3.253,-0.5011331304228769,-0.13822321119969477
3.254,-0.5278985714413802,0.032688006118922926
3.255,-0.1287949549625305,0.3089258840338206
3.256,-0.4909044357811603,0.06011824066062247
3.257,-0.4233386648455353,-0.10214092365083109
3.258,-0.4344652250095855,-0.07526026767291914
3.259,-0.161570851634817,-0.10526379063623756
3.26,-0.3365678758153206,-0.2804951235178065
3.261,0.233682377164227,-0.023442147665759326
3.262,0.5816711558322023,0.33743504615857545
3.263,0.7541761524909467,0.25435169864236284
3.264,0.5535931492066258,0.12502255235096082
3.265,0.4711526100319872,-0.10689148225781772
3.266,0.3933571699455219,-0.03569313837791137
3.267,0.6462190004078231,0.18710761143805463
3.268,0.2207351970078839,-0.02854698326067728
3.269,0.0915871441624114,-0.09201599608560336
3.27,0.3130634109531518,0.3501133726721956
3.271,0.0326398621820704,0.18235171313549586
3.272,-0.466071870952175,-0.1514291597719256
3.273,-0.5737203554622314,-0.15279425126871213
3.274,-0.7073983410378964,-0.23623465804185853
3.275,-0.6312943125589834,-0.09758788615140927
3.276,-0.5642429996409699,-0.12291981636219193
3.277,-0.3311318724530367,0.12027814842197368
3.278,-0.3802826176609281,-0.14763589797376958
3.279,-0.6169540218165314,-0.4063751199738912
3.28,0.1494947349119487,0.07191641609445332
3.281,0.0590725619406099,-0.0337394028280393
3.282,0.5088596522313514,0.13656461333605302
3.283,0.4448095321917102,0.10554793298192318
3.2840000000000003,0.5368587947696478,-0.003021003180415106
3.285,0.4616887255708928,0.030115111160873113
3.286,0.4570053990833855,-0.059750078677966494
3.287,0.4645358233718927,0.13192816495142623
3.2880000000000003,0.1410006380560116,-0.1699881613782908
3.289,0.0270015885164346,-0.053047904311361076
3.29,0.3096845058828316,0.31080201343390407
3.291,-0.2057386368345262,0.022208811534052023
3.2920000000000003,-0.5519250410803129,-0.24800761772768434
3.293,-0.4835303707579744,-0.012722671804708187
3.294,-0.3827590560669545,0.10297018409141336
3.295,-0.7293983670966846,-0.17704684987187902
3.2960000000000003,-0.3291712344256932,0.15197323873531302
3.297,-0.1866314147476062,0.2514876610907846
3.298,-0.5702243849977677,-0.2744613486373618
3.299,-0.2671275965574379,-0.09860817074161028
3.3000000000000003,0.1744128409864072,0.17849069967557088
3.301,0.3531439590034013,0.1963560049651451
3.302,0.6309359399357402,0.3522290686342361
3.303,0.4666384603844147,0.049841184364198446
3.3040000000000003,0.3578341683391766,-0.08317249885740634
3.305,0.5570667656591904,0.04146945850493173
3.306,0.3501746772540175,-0.0676327257543888
3.307,0.348302413159283,-0.07062487831085329
3.3080000000000003,0.1256246082365662,-0.08968157951204425
3.309,0.3143185676323953,0.14694944261751505
3.31,0.0932631521921202,0.18468623732340392
3.311,-0.3024282705508591,-0.16324077076508056
3.3120000000000003,-0.6760665787067348,-0.28924099771039125
3.313,-0.6901939893645772,-0.3104360792546973
3.314,-0.5631302983666968,-0.004561002595712014
3.315,-0.4094371257872647,0.04942443883517311
3.3160000000000003,-0.7657253201221873,-0.22499607588212733
3.317,-0.3734870885278386,-0.03045865178558005
3.318,-0.4121721258094315,-0.07319537417693701
3.319,-0.0321432277093619,0.04113273871625456
3.3200000000000003,0.1843225682441734,0.21286389219411542
3.321,0.3800326706659763,0.12985455044756739
3.322,0.6650312268248131,0.39013986352618146
3.323,0.4524914950746938,-0.053148603841336746
3.3240000000000003,0.2068020475253226,-0.2532135904819527
3.325,0.6085395484071453,0.012404024972433678
3.326,0.5402203659336152,0.07779941029266225
3.327,0.7068625962525684,0.22036748598940056
3.3280000000000003,0.1641749805380239,-0.12394311028971794
3.329,0.0164386443864288,-0.20107723898393456
3.33,-0.0608772571478965,-0.07142557422575364
3.331,-0.214332081997611,-0.10548312755232385
3.332,-0.5679832181207409,-0.30978675475043455
3.333,-0.3970402105048834,-0.028527030246727505
3.334,-0.0628423010888993,0.3475603597695927
3.335,-0.639175565480578,-0.17631339687862785
3.336,-0.3196057858119769,0.06433411513625206
3.337,-0.0441583073103033,0.3122423042893554
3.338,-0.3433875968194505,-0.15729951919617519
3.339,-0.1543912969669822,-0.0644062489971913
3.34,0.086908025771446,-0.021673163948485973
3.341,0.2746247572655593,0.039342500522255484
3.342,0.504275266708186,0.11804270261383365
3.343,0.4651649080765666,-0.031300119071786724
3.344,0.7133825357694481,0.17581434034750087
3.345,0.590514021707748,-0.0046685472609359225
3.346,0.467434111851397,-0.033056365100351696
3.347,0.7016922613804414,0.20725302233788903
3.348,0.3166365864976191,0.032145128045324114
3.349,0.3692165921664345,0.13687277409613713
3.35,0.0125877389106172,0.04519990151639725
3.351,-0.0749356028849675,0.017607818996724613
3.352,-0.2217439039293663,0.11212939920544145
3.353,-0.4753407375574184,-0.11615289306653853
3.354,-0.7040021315129095,-0.19684973752899246
3.355,-0.4117123717844563,0.05910625447822894
3.356,-0.4665093389953949,0.020635302011537317
3.357,-0.6866626038042609,-0.2943202183376783
3.358,-0.3034619695741077,-0.02357312540934079
3.359,-0.1569030730699785,0.006664430871355041
3.36,0.1433115948282831,0.10379728028527087
3.361,0.188291938348098,0.07162102621175541
3.362,0.0075075462436137,-0.3471826748710447
3.363,0.2326152973296594,-0.09728791669111832
3.364,0.6840021962907635,0.1328138953316679
3.365,0.5706970990554566,0.18580405955793242
3.366,0.4369603552255537,-0.12166146507230445
3.367,0.2916967720595986,0.03816234501636652
3.368,0.3769391983659616,-0.00034445727293226777
3.369,-0.3250108440301124,-0.30687786149693913
3.37,0.2265798255255747,0.14817722834559305
3.371,-0.6321564761128349,-0.303840456655679
3.372,-0.3300382505076206,-0.10762921533114277
3.373,-0.3858979394160682,0.1730072781200438
3.374,-0.3984453476580329,0.010880912100346925
3.375,-0.5179352269493342,0.10224724852577759
3.376,-0.5864296162005896,-0.17486492491783065
3.377,0.0080470380321198,0.4918822904295069
3.378,-0.0789957279322066,0.15245448550982713
3.379,-0.3381873540871448,-0.14476954541275483
3.38,0.5109214022474771,0.4543846421947288
3.381,0.0311398070702314,-0.12016594052916049
3.382,-0.0283977136367124,-0.3642363797694015
3.383,0.3067202351910612,-0.12352354598295355
3.384,0.5641502406474938,0.06989810754303208
3.385,0.7336173838306448,0.18683120525014912
3.386,0.4846951790028087,0.01697172037041059
3.387,0.3067836322439582,-0.15671215064700209
3.388,0.2898980566818445,0.024287160106654045
3.389,0.2436955293246461,0.027553103789782166
3.39,-0.0708707651878507,-0.03801627330045995
3.391,-0.1356323357011768,-0.035381053872818535
3.392,-0.3603535532752262,-0.05112653720161475
3.393,-0.3119068442593005,0.05527158565006985
3.394,-0.6643268936869366,-0.2124234178308725
3.395,-0.4619566237092913,0.02508980984264129
3.396,-0.4408563304562017,-0.04102182773486865
3.397,-0.543665426972321,-0.12414964635673165
3.398,0.148200396521436,0.3149785936238914
3.399,-0.1228709408994891,0.07341300632751491
3.4,0.1198261197592943,-0.04350580872097878
3.401,0.141461058084257,0.04982142566770099
3.402,0.4693254285573324,0.0013810356417696098
3.403,0.3853806844161484,0.055908416010863674
3.404,0.7319130062689905,0.1000962116924708
3.405,0.4037312097641612,-0.019357499759582626
3.406,0.6119705680751876,0.02137646832491159
3.407,0.403987621979655,0.06874336648929319
3.408,0.1498578814817749,-0.20581935810276691
3.4090000000000003,-0.2500221193694291,-0.3493611925533206
3.41,0.1404105391892888,0.12961820846860111
3.411,0.0057185452707769,0.19995650282896832
3.412,-0.312068938866218,0.006972048409828267
3.4130000000000003,-0.3865539029027278,0.04699086674448349
3.414,-0.4579665065278046,0.056277940531428504
3.415,-0.2657332449951192,0.26210137042092496
3.416,-0.519000554976647,-0.012980250163477175
3.4170000000000003,-0.4295417390961565,0.012626548632518601
3.418,-0.3841399817904607,-0.08155211702636563
3.419,-0.3375090654559894,-0.1270539819392484
3.42,0.1255258957230458,0.11141609243366299
3.4210000000000003,-0.1088951796165531,-0.18619801534167746
3.422,0.1087656294240081,-0.21115763860731246
3.423,0.2199890757391109,-0.0892620627354468
3.424,0.4096619092608103,-0.08654624490011521
3.4250000000000003,0.45290012621097,0.05851051294686145
3.426,0.7031670140918993,0.22818597544192515
3.427,0.1964219833683357,-0.10104979143444219
3.428,0.2496132848338308,-0.015249073343706041
3.4290000000000003,0.0088549532169247,-0.04403805704709964
3.43,-0.146267394807752,-0.09390627034520792
3.431,-0.2290731363523917,0.01896220741092075
3.432,-0.4468300098556364,-0.09307419012794167
3.4330000000000003,-0.3341535713018188,0.15699150774076756
3.434,-0.5169451715220953,0.006256694847463205
3.435,-0.4395453672383327,0.14247556836864733
3.436,-0.4573305917749958,0.039274777494745894
3.4370000000000003,-0.5228211876603193,-0.04132882789231128
3.438,-0.4673987901079216,-0.18084286263864569
3.439,-0.3270888821686603,-0.10619843607628329
3.44,0.2641301187774795,0.24113265205996479
3.4410000000000003,-0.0433564708557935,-0.15207584757886597
3.442,0.4505793212045045,0.14090523033368488
3.443,0.4857683839418086,0.09565743458252099
3.444,0.4164751257557384,-0.04392335204970874
3.4450000000000003,0.604802025678733,0.08085596358241094
3.446,0.416046733737639,0.0011878326094890077
3.447,0.3831454039696024,-0.08336824493025467
3.448,0.0640732644442007,-0.12436423054067414
3.4490000000000003,0.2201520782972297,-0.02624865600503968
3.45,0.017403494069815,0.15113026073792196
3.451,0.0617301920941207,0.10836706696080081
3.452,-0.556517813593421,-0.12726401357472514
3.4530000000000003,0.0354778621187625,0.33149359630250175
3.454,-0.5319345649010285,0.05316020535706625
3.455,-0.5372412290123021,-0.1343756737208301
3.456,-0.4439722206047936,0.09674751798360454
3.457,-0.3011746961529765,0.022718630624472536
3.458,-0.3147723594584086,-0.0037016961318072188
3.459,-0.1987215565317268,-0.11042957031316081
3.46,0.1602618350504671,0.1410593700897093
3.461,0.2204989949040391,0.007067698358306739
3.462,0.0133192999502079,-0.314453955078897
3.463,0.1654861301296702,-0.2989781126240884
3.464,0.6955168306094792,0.1947616915983722
3.465,0.6384872528468126,0.07148689396985787
3.466,0.1999224078272192,-0.27526813689674956
3.467,0.5449277753248549,0.06477546381777485
3.468,0.2334524569374099,-0.02939268163603238
3.469,0.1962810228377038,-0.03971128560309631
3.47,0.0133620022953785,0.06767805528903603
3.471,-0.2573164056735081,-0.18415188398512233
3.472,-0.2635977930582113,0.09113845085621891
3.473,-0.1874006482371011,0.14329278984634233
3.474,-0.8129096929674734,-0.2898648527964027
3.475,-0.3828134306968794,0.05791721227361565
3.476,-0.5514930583279908,-0.05766960516065253
3.477,-0.3927260420003035,-0.027889071748959597
3.478,-0.1413388718642312,0.1353369649569352
3.479,-0.1140014104246799,0.0229244649749923
3.48,0.449910025252854,0.4021972963731851
3.481,0.1634414737946404,0.014075638008429566
3.482,0.3811943699605575,0.022505388672727607
3.483,0.6244474242529695,0.2478425758118128
3.484,0.7433811071229076,0.20206437175396577
3.485,0.4367920169018816,-0.012604249223824866
3.486,0.1367502401298705,-0.39207296317898244
3.487,0.3544394084840637,0.021805531642808115
3.488,0.2369532866333116,-0.08980353934937908
3.489,-0.0514294883994642,-0.11754793602004168
3.49,0.111794410742247,0.10176729374994659
3.491,-0.335026067069574,-0.08458884661556071
3.492,-0.1832649626431658,0.12164811146714727
3.493,-0.3127785069761368,0.18337073170609608
3.494,-0.4515753785054597,0.051673155985634024
3.495,-0.655489429885703,-0.07943382839995092
3.496,-0.5601201244871417,-0.045611975015208875
3.497,-0.5708605949654011,-0.11303469754672515
3.498,-0.3991731842533504,-0.0601818856014857
3.499,-0.0383984543710183,0.14597311085642684
3.5,-0.2990701888507269,-0.25145193380700137
3.501,-0.1445098553485962,-0.28700380011279764
3.502,0.053752226469688,-0.19176777892786626
3.503,0.3855797724002331,-0.015049773378039265
3.504,0.7665312776020015,0.33921845912935705
3.505,0.6166366926500196,0.1236011216440776
3.506,0.5856259719296002,0.15579312915629023
3.507,0.5949280172335579,0.21080778518735432
3.508,0.4006386344518825,0.14326197627535256
3.509,0.2119257414773604,0.09900534017887212
3.51,-0.2341575373124956,-0.2189127727772651
3.511,-0.6019186544475872,-0.3804631500574076
3.512,-0.3676764380792304,-0.09563241888247428
3.513,-0.6721835750528444,-0.17545718377738315
3.514,-0.7294527165197136,-0.3276189841698237
3.515,-0.595354845894926,0.01748801187090845
3.516,-0.4690822890726033,-0.1265479575578703
3.517,-0.3872148047021482,0.14119862279279685
3.518,0.2487947921794372,0.3555655665471438
3.519,-0.1247358157731915,0.15048619968260032
3.52,0.1341464073137009,-0.08768908812262115
3.521,-0.0753286599218569,-0.1297792432199861
3.522,0.7429074930840895,0.22226916504019104
3.523,0.3415672565134903,-0.0008301804531674738
3.524,0.8133599218315302,0.13824158801841302
3.525,0.6044394878908869,0.11611309637020754
3.526,0.5432341102318227,-0.08034023487680664
3.527,0.3608827582212426,-0.08629480964501395
3.528,0.3841739852964147,0.0026116705470105063
3.529,0.551614737939637,0.30633977863028666
3.53,0.245803191603857,0.20918083607698304
3.531,-0.0294949191164007,0.0013587008565703503
3.532,-0.2828766819365655,0.0012776461030457181
3.533,-0.4202294060107635,-0.15204430346379005
3.5340000000000003,-0.7405229734169256,-0.27877072025206234
3.535,-0.2359028320152408,0.13506280483496313
3.536,-0.505705305750834,-0.0750375748877806
3.537,-0.2991162051735972,-0.0018287481961386312
3.5380000000000003,-0.0357213628671029,0.16858838513834992
3.539,-0.1734931833215572,-0.09910763971812485
3.54,0.0080486196318161,-0.12162294625352849
3.541,-0.0129635567186902,-0.22549986594054072
3.5420000000000003,0.422275305943085,-0.019969161810579065
3.543,0.5357962619207408,0.08222113002357531
3.544,0.6181834589123658,0.006876232829698748
3.545,0.3728580182102481,-0.18401701573618828
3.5460000000000003,0.4464638664572482,-0.12124764843026077
3.547,0.5648360729300589,0.08032696621534093
3.548,0.4922078696789307,0.1707301083975923
3.549,0.5761446521856602,0.3094723948308496
3.5500000000000003,0.0483348775026585,0.08982240702443102
3.551,-0.3999216180804016,-0.38925507161522943
3.552,-0.4350772496459282,-0.044593233766784736
3.553,-0.0244342131450235,0.21543119498630048
3.5540000000000003,-0.6226987754378023,-0.024132572766402016
3.555,-0.3784909970057413,-0.044261489234249926
3.556,-0.6864724077302327,-0.09631512191344861
3.557,-0.3373843672528684,-0.076252200481422
3.5580000000000003,-0.7036795810509586,-0.33393622128022
3.559,0.1274373458958959,0.18152262555366055
3.56,0.2327577729667778,0.25355627625301
3.561,0.3777742984001063,0.1772389182308243
3.5620000000000003,0.3890456100076904,0.06330663759342312
3.563,0.2964237643207786,-0.10038276257633506
3.564,0.9277818286151568,0.3857876881302709
3.565,0.2185786905147818,-0.2308894816333266
3.5660000000000003,0.6395573002516646,0.08742557198295761
3.567,0.3742409984335859,0.047801125262713434
3.568,0.153679241570096,-0.20714259725113707
3.569,0.2114283903012708,0.14909697751993065
3.5700000000000003,-0.1377948936637733,-0.18740533489788122
3.571,-0.3921018153249742,-0.1395383443135455
3.572,-0.3465031178674694,-0.09010980670937666
3.573,-0.5341378722580722,-0.029371270387462955
3.5740000000000003,-0.6242020609057932,-0.18658252414693324
3.575,-0.4106564451877292,0.18966955091884288
3.576,-0.3409350749479794,0.08463130789794983
3.577,-0.4919907638641348,0.009373765889808958
3.5780000000000003,0.2331107617535093,0.4607463715734271
3.579,-0.3934645509890271,-0.15145263497780156
3.58,0.0330652439109043,-0.0443857465577395
3.581,0.2416212263516186,0.15839659211675894
3.5820000000000003,0.2333554781726391,-0.13745176840485201
3.583,0.2928109778438413,-0.062018641057443785
3.584,0.302637067162907,-0.23600011882809036
3.585,0.1652817893823491,-0.30885318540665607
3.586,0.5342259434648073,0.019011128272797842
3.587,0.2683454854564925,-0.1328540223391079
3.588,0.5315587180355785,0.22413631996551614
3.589,0.6359902567235214,0.46590328512758084
3.59,-0.1578588797293951,-0.14968652221598283
3.591,-0.0039356299203167,0.11984313070010714
3.592,-0.2718257228168237,0.042862312452749
3.593,-0.5393511652057849,-0.17953859998802896
3.594,-0.7919032907923587,-0.29231209287508547
3.595,-0.6182604393398212,-0.17909836047465122
3.596,-0.4255720439663654,0.07112875995742644
3.597,-0.5130778715253584,-0.18894314843233598
3.598,0.0967696467773979,0.40681098617611133
3.599,0.3107142497222753,0.3649989369876761
3.6,0.0567957916737201,0.06787868252784371
3.601,0.2713353013224956,0.003261864588574522
3.602,0.0657829246652937,-0.2229398968110562
3.603,0.6203545803087652,0.1027682234437889
3.604,0.5438176743952516,0.06450556562837621
3.605,0.4213331718524651,-0.17312130901818068
3.606,0.1752804617346901,-0.3173854089858303
3.607,0.4058740044157339,-0.057652818205211044
3.608,0.4090092460738921,0.08081921322260169
3.609,0.2741556685788073,0.10615169225680221
3.61,0.2794746004251441,0.2270563496261501
3.611,-0.1796113959500042,0.007201055945808662
3.612,-0.2056438281653549,0.02072747205250216
3.613,-0.6360538482484739,-0.16297203528540835
3.614,-0.6368426738779401,-0.2369630274343702
3.615,-0.2559076526984694,0.3326085796340048
3.616,-0.1787664169219116,0.22321409774033932
3.617,-0.6597078964631353,-0.16487406827590012
3.618,-0.2396663014752154,-0.005365287648757235
3.619,-0.1202934479985833,0.11158630945314246
3.62,0.0430116214767541,0.007979172932992946
3.621,-0.2005628835717787,-0.2974081669425673
3.622,0.3665698786061356,0.06827454088246439
3.623,0.5114755948787504,0.148597864845526
3.624,0.4561862547228123,0.005946969434996815
3.625,0.7044062562815617,0.24318235445397868
3.626,0.4799015426775057,0.05129297230076942
3.627,0.3008271873661807,-0.05000127270797356
3.628,0.1830664854473147,-0.05470424106615424
3.629,0.0551605209683135,-0.015775626706551568
3.63,-0.1790729140067067,-0.12558554452369833
3.631,-0.0564906214387398,0.21683370852790726
3.632,-0.4375715265387043,-0.0988901530530125
3.633,-1.059271046838407,-0.5086042558830834
3.634,-0.506709988298299,0.007433755829593425
3.635,-0.6910330370908291,-0.03732860523939477
3.636,-0.6082993311307096,-0.09000637433464694
3.637,-0.5372788967504032,0.0033419039986995287
3.638,-0.4583630641160976,-0.1037488005688822
3.639,-0.4142105868238147,-0.16280420780186666
3.64,0.2247802015985574,0.31453371985296086
3.641,0.2348515714504409,0.1279855226111975
3.642,0.2346969606468887,0.06256509787495454
3.643,0.3683579963633418,-0.03219194334125117
3.644,-0.0950085278492087,-0.42435084081513497
3.645,0.5705112408565589,0.049875373548471234
3.646,0.3944126113342416,0.07348855157118929
3.647,0.5974296084595012,0.17304558985339946
3.648,0.2766586322167218,0.1275438644614077
3.649,0.3102395884900623,0.15841427086991489
3.65,0.0367109603026906,0.15815973481101306
3.651,-0.1263745624906971,0.06324042053794304
3.652,-0.4793711951966241,-0.09118181309963268
3.653,-0.6829592018546724,-0.21636141124154284
3.654,-0.4600701138736965,0.08937383876197962
3.655,-0.5272280390459231,0.043966226524430566
3.656,-0.443456062913256,0.09985280131660017
3.657,-0.5818262289143865,-0.1195533969247299
3.658,-0.3673279339128413,0.003971259187805782
3.659,-0.2328140684398627,-0.05207558091660962
3.66,-0.2681818295822781,-0.17002207839014785
3.661,0.3110988260459587,0.1445781134606969
3.662,0.1025423944185545,-0.06967985549580945
3.663,0.3201616066166977,-0.12770608756169136
3.664,0.5884656181560829,0.2522481884202615
3.665,0.7289035605194688,0.1716289753972451
3.666,0.2625209627221543,-0.0676466939033806
3.667,0.7320871666422086,0.27761239104191643
3.668,-0.1566435480389406,-0.31188121543085817
3.669,-0.1566916115383212,-0.3366946485182908
3.67,0.0308346008703618,0.15317524541383631
3.671,0.0666166601352493,0.22774339969306598
3.672,-0.1204656233058555,0.27531038624132986
3.673,-0.7478463489580117,-0.3071533664544116
3.674,-0.3956536966071973,0.1615373549485927
3.675,-0.333488402169638,0.22288912227235033
3.676,-0.7692914645626936,-0.23077057887043198
3.677,-0.4870107250609219,-0.01655307544127668
3.678,-0.4786255505141846,-0.14009207864376186
3.679,-0.3422483706407357,-0.11973712770406963
3.68,-0.1071531139928815,-0.08231823179528015
3.681,-0.2124823241775766,-0.29958539435264814
3.682,0.2817975491573199,-0.00894926705116739
3.683,0.5433979765106655,0.20687007829984053
3.684,0.408714810812796,-0.08540908709409964
3.685,0.433088591367985,0.00370618384867171
3.686,0.4269180402269037,-0.08523787478785005
3.687,0.5261774257489065,0.1942329898590986
3.688,0.4292936357459672,0.08876313625615431
3.689,-0.0373087191322244,-0.12269151689263492
3.69,0.27725203191683,0.23111842493750528
3.691,-0.4203204194618715,-0.20913403082190682
3.692,-0.1852386651938388,0.07184236312242505
3.693,-0.378492804570412,0.06158960004905645
3.694,-0.6318342269499041,-0.18113474044048045
3.695,-0.5262385374596976,-0.015624438977732604
3.696,-0.4624526667332116,-0.005214176278114948
3.697,-0.2653007150444952,0.12780710367452822
3.698,-0.2314906797176339,0.039416908775249115
3.699,0.0108083407183353,0.13997741065715708
3.7,0.0061744163871979,-0.03286107196355821
3.701,0.3622077208755249,0.17703627626869906
3.702,0.4384582628862887,0.08438054088567797
3.703,0.0976187401350282,-0.3386488244472377
3.704,0.1959654906554069,-0.3557785897112434
3.705,0.6064453644063299,0.07064457179027217
3.706,0.9755698285665236,0.4226514924486715
3.707,0.4378825142810005,-0.015328485879849526
3.708,0.3146474721147615,-0.03804240064807744
3.709,0.1225883910460301,-0.10408858827946797
3.71,0.1045890436988299,0.08125438787672642
3.711,-0.0878805709776708,-0.03593155335710807
3.712,-0.2873963543410257,0.02601127015812449
3.713,0.0307826975923032,0.3030507185893436
3.714,-0.6532162375477786,-0.12008963985263428
3.715,-0.2628847807362182,0.0840052218872254
3.716,-0.5549193540310607,0.001607241197058842
3.717,-0.3909532961514456,-0.14649577319634943
3.718,-0.5331113798053928,-0.15362293500311383
3.719,-0.2676369056454829,-0.2655171578527298
3.72,-0.1753503227615597,-0.10161608788230428
3.721,0.5257804314604102,0.23808904917908924
3.722,0.4329249597579897,0.19144153599140057
3.723,0.3787077970184676,-0.13303038362198533
3.724,0.2955727541269267,-0.1501159510721433
3.725,0.5010451450189202,-0.07832720797372873
3.726,0.8390902693834237,0.3757745369802237
3.727,0.805063571424198,0.34766652567919637
3.728,0.440343488981381,0.14882245363369323
3.729,0.0124715389276534,-0.17150406288484837
3.73,-0.2040997649600486,-0.20431657023385308
3.731,0.0980433964835927,0.24192705232933914
3.732,-0.5576246380463525,-0.2610988034393003
3.733,-0.5723198947920125,-0.1662712824253264
3.734,-0.701092158752837,-0.21574779169481859
3.735,-0.7373262167671405,-0.23299328593253915
3.736,-0.3355064473225391,0.16105868697631112
3.737,-0.4792111375192549,-0.07822872467352719
3.738,0.1585844225741542,0.48802384764453527
3.739,-0.0801350259438007,0.05445752861261953
3.74,-0.3580206925278116,-0.30720815338561225
3.741,0.3675687820612587,0.1734866453201147
3.742,0.1656201869985399,-0.06516210257507592
3.743,0.5136201700168057,0.05265806383854896
3.744,0.3055373097451109,-0.09993777849387395
3.745,0.5285457953657563,-0.038176115178683634
3.746,0.2629812860210989,-0.14062528242248656
3.747,0.3108713629401142,-0.16379232415134956
3.748,0.3221951820875542,0.09936680396668009
3.749,0.0913876179655458,-0.13205678658003944
3.75,0.0942891838345038,0.16408362551798392
3.751,-0.0615579515721234,0.027572304281304645
3.752,-0.3234429820069072,0.03891847739925628
3.753,-0.0844043753833712,0.2596105324515963
3.754,-0.5877115247795469,-0.04683058757475602
3.755,-0.3787029279510089,0.06718830626880269
3.756,-0.4852400276760572,0.048380973860582266
3.757,-0.3333349131558044,0.025259455854079828
3.758,-0.2059245530409926,0.133433711751447
3.759,-0.0873130894721269,0.031072031597876672
3.76,-0.0558320060988444,-0.027643825617363248
3.761,0.1297216957753239,-0.0503962779644037
3.762,0.2714886368670869,-0.013745101232908206
3.763,0.4415653560598577,0.021385771737716747
3.764,0.5130610056978071,0.0278857260289447
3.765,0.4337206237705068,-0.07406765329875495
3.766,0.3456212572374839,-0.15296303430393227
3.767,0.4588073173584477,0.05071762511760272
3.768,0.2769818147668851,-0.04555057479559915
3.769,0.1598665935385398,0.0009649405298389263
3.77,0.1283243585124197,0.10319853603264267
3.771,-0.3177706921734591,-0.17389726775825162
3.772,-0.1489668242466538,0.13108926113752284
3.773,-0.5474755413655347,-0.16409347506455363
3.774,-0.9952184853873564,-0.5184874009105734
3.775,-0.2832153178059268,0.18372461231016354
3.776,-0.4245515684614742,0.06536541319143037
3.777,-0.4560338515571536,-0.09411886459263578
3.778,0.090262451882483,0.40461663578624146
3.779,0.038482024239797,0.14703306552366657
3.78,0.0508331774827836,0.0665584698383423
3.781,0.2309099323450169,0.03595455147714732
3.782,-0.0334443153940505,-0.32831481469511814
3.783,0.4660147093371693,0.03605985480216392
3.784,0.705191288132724,0.20228466733252004
3.785,0.5005377063821344,-0.0023693283348477055
3.786,0.2569471348816888,-0.2762906574655427
3.787,0.3331175871854865,-0.04863379219312679
3.788,0.5692182467853497,0.19070780715132354
3.789,-0.0467432554475998,-0.15508382019114986
3.79,-0.0132438154837843,-0.11481969722380655
3.791,-0.3853446166675417,-0.16776421191494578
3.792,-0.1133225810071879,0.0750955629203507
3.793,-0.1401545337282784,0.33614491896669696
3.794,-0.378484316163153,-0.00028177240204605575
3.795,-0.5299584704800909,0.0435525948262362
3.796,-0.1697507031335861,0.224077227109894
3.797,-0.4980345540932523,-0.022288284730097325
3.798,-0.3533317914309617,-0.12432781893821443
3.799,-0.3553541128811985,-0.1321239583470015
3.8,0.2031125083638634,0.1504354600127956
3.801,0.1869588082558765,0.10163157063749659
3.802,0.0572042154843648,-0.2847211534565276
3.803,0.7229142505540094,0.39242716971368957
3.804,0.7204274597731327,0.1949384408645169
3.805,0.2295108754386564,-0.18829558714599215
3.806,0.4954814881097633,-0.034053680668595876
3.807,-0.0603265455872419,-0.3738972305186929
3.808,0.2889572008806367,-0.05981768089935205
3.809,0.0513911646622694,-0.005302600017917689
3.81,-0.0136777005533478,-0.062669749345654
3.811,-0.0946809503652606,0.16197487591444287
3.812,-0.2010700298022219,0.05688752126157062
3.813,-0.6633031979238775,-0.15419100808896508
3.814,-0.588275083912718,-0.13091695869277317
3.815,-0.5054154702758241,0.10047432734212917
3.816,-0.3944069189419776,0.08181320795714714
3.817,-0.4859402535610831,0.024389600307456457
3.818,-0.2657446605812206,0.0460277121519658
3.819,-0.2880562791109192,-0.030788820327764588
3.82,0.0111875666702245,0.04384991469542101
3.821,0.1510777618499021,0.09051916345187057
3.822,0.0370444672449257,-0.2099989542755802
3.823,0.4629898954223939,0.13508984909596866
3.824,0.3457321441547701,-0.06589956584503512
3.825,0.2099140606747749,-0.2405414881747206
3.826,0.7070413773449118,0.31823878689107743
3.827,0.0956362844176637,-0.29387060177970253
3.828,0.2012960061289243,0.022459975072424913
3.829,0.6076726926393798,0.4325898275026781
3.83,-0.239741262859013,-0.09558470552644195
3.831,-0.0445432510794814,0.06187686334634396
3.832,-0.2962053830846508,0.1638425493269058
3.833,-0.4290732355413023,-0.08403238621925431
3.834,-0.5078610599613981,0.1408779429645074
3.835,-0.315503689890426,0.13346137434798255
3.836,-0.9204515994922072,-0.28398013161811625
3.837,-0.3117388567408494,0.06728248858495375
3.838,-0.7514751147796619,-0.3269855967729035
3.839,-0.5775867124968246,-0.4145615838040266
3.84,-0.0825844450165523,0.006548986725654337
3.841,0.0855001995977928,-0.029481459142636737
3.842,0.3630726683018939,0.11595050451977042
3.843,0.3376929701894344,-0.00873952719968504
3.844,0.5261591441078972,0.06333597045746109
3.845,0.6501154031268597,0.21052279015092004
3.846,0.7707161532765345,0.2866693280977807
3.847,0.2384673881030841,-0.11613584433668497
3.848,0.4268834043855516,0.11477146191167091
3.849,0.3277579363765143,0.20831518056685303
3.85,-0.0711902286354681,-0.09326013609058664
3.851,-0.1818263000433585,-0.0020939031534282105
3.852,-0.512871607115782,-0.24541389305903846
3.853,-0.3906343215471966,0.03943258451678956
3.854,-0.5459990280489785,-0.10510466687906243
3.855,-0.4630679244247926,0.07132995067485512
3.856,-0.2774288275215132,0.1529504233255921
3.857,-0.6549910286246571,-0.20641242558361386
3.858,-0.369590171560008,-0.1287459471014997
3.859,-0.3766303595876596,-0.17722574337206562
3.86,0.0517683740286138,-0.0015288450314348886
3.861,0.2157650513831863,0.09175275341736196
3.862,0.4113867988569881,0.07375316464679427
3.863,0.3406409657370025,-0.06245115330232966
3.864,0.6929041431671239,0.19054061488623453
3.865,0.4481126855627669,-0.0864502100335029
3.866,0.1475031941954686,-0.33705143613576516
3.867,0.5560437441710283,0.08636181368567208
3.868,0.5332775969636673,0.24128594828650465
3.869,0.2079180239481067,-0.025001222872358005
3.87,-0.2279325858099646,-0.22746952557976383
3.871,0.2724016838296013,0.3592309380745943
3.872,-0.2772792043414492,0.002461781409263175
3.873,-0.5115859069338138,-0.14175344849657737
3.874,-0.1828363773424429,0.25526137672238974
3.875,-0.4806123935346932,0.030502547584739127
3.876,-0.4299758733176706,-0.01591779380596839
3.877,-0.4710135269142012,-0.0103878077766585
3.878,-0.1769050056899914,0.03889503385750484
3.879,-0.1962206058082314,0.04572363332896137
3.88,0.0786928924645797,-0.0028326128248970708
3.881,0.0982766479676683,0.04079724467017901
3.882,0.3901698996450077,0.026321885802558856
3.883,0.1001024355245697,-0.22051549980328355
3.884,0.576845618604006,0.05553421244312387
3.885,0.7082194410203569,0.2622037939343811
3.886,0.6780267393858199,0.18796412736325507
3.887,0.2349981459736195,-0.15155119163241157
3.888,-0.0718077198395091,-0.34864470194005637
3.889,0.1043159810075855,-0.06340900932594298
3.89,-0.2036954455558343,-0.16038482948219973
3.891,-0.0592505197836728,0.06323696367914268
3.892,-0.4725252521797574,-0.11707479290040733
3.893,-0.2836001559327601,0.0843805044387802
3.894,-0.309880369707165,0.2373645007224918
3.895,-0.6289317183102643,-0.15870278121279605
3.896,-0.4863181765057024,0.06356420290949326
3.897,-0.6986128991692573,-0.3109338645394643
3.898,-0.427680065390128,-0.06519133810044105
3.899,0.0263081164595231,0.1791050162166442
3.9,-0.1222675914448844,-0.07011165758811194
3.901,0.2564302429995133,0.11587845318443557
3.902,0.4179599222615099,0.14730844941579965
3.903,0.6514691136973628,0.27684677900513144
3.904,0.3067189427380237,-0.18585071999522787
3.905,0.0821629371855108,-0.37217889350111577
3.906,0.577048519181855,0.037731521601032346
3.907,0.4032942311004496,0.058765587900851006
3.908,0.431328332097007,0.028296714883222558
3.909,0.0815350412583214,-0.0018005307815431738
3.91,0.091879195074374,-0.0529673427784342
3.911,-0.1900656962877032,0.04173206452909579
3.912,0.0151847170975129,0.14409718374436079
3.913,-0.3542154208952222,0.12684109582435082
3.914,-0.2717113334561635,0.03632447101065249
3.915,-0.7032767903579509,-0.13569007210964626
3.916,-0.0557962256992964,0.26506030650012946
3.917,-0.3258191542298488,0.1283760994085853
3.918,-0.6677439328879157,-0.5057029094185289
3.919,-0.1201073803406663,0.057383361931550324
3.92,0.0754919272710565,-0.029934547043190422
3.921,-0.1162135010708075,-0.2819781062976948
3.922,0.6367740342792936,0.26212189431086536
3.923,0.5178053708651956,0.06347437009950727
3.924,0.6090410022151836,0.0719656645570811
3.925,0.6689915175980494,0.08177298058564578
3.926,0.5019639545504703,-0.023427530809829136
3.927,0.6128292167895533,0.09163765484351068
3.928,0.1845089344042323,-0.15533846955830252
3.929,0.2581846107557453,-0.028675686961366725
3.93,0.1728375348777903,0.12475495169041825
3.931,0.1187528667959509,0.14182565084571358
3.932,-0.3041515147067747,-0.06336469909942172
3.933,-0.514075668973801,-0.22467952637866478
3.934,-0.3896391638398161,0.0277542956184788
3.935,-0.3386790726940112,0.07344468990028899
3.936,-0.5103877200743688,-0.09666621106151689
3.937,-0.6249540889658033,-0.27604914498089855
3.938,-0.0387791111392666,0.19037257278850656
3.939,0.0849280822719093,0.2154316213357549
3.94,-0.0946447646160296,-0.16307304221672214
3.941,0.1735550756263807,0.02146343701448393
3.942,0.2911141141062404,-0.07622490994122982
3.943,0.4695232508639716,0.08538116266216408
3.944,0.5716446629513244,0.01825537821781118
3.945,0.1817754556388564,-0.2901049437268494
3.946,0.5409272073990984,-0.0120184716823841
3.947,0.4829221059955084,0.10434516387173895
3.948,0.2391971103649741,-0.12216884231664062
3.949,0.2553242697309855,0.11748921596263694
3.95,0.3331781391472912,0.28753233640618553
3.951,-0.3082708438433045,-0.14818599527743892
3.952,-0.2528778956047515,0.027063743937252298
3.953,-0.3800732424649671,0.023569707534368885
3.954,-0.4455501684609663,0.05079140021348319
3.955,-0.4056097159389848,0.09766170148143612
3.956,-0.6122641873775092,-0.08743320766504929
3.957,-0.4048389163006435,0.02050580499091908
3.958,-0.583788599578793,-0.22658424640774658
3.959,-0.1783106825576274,0.02586534203122647
3.96,0.0500562601039936,0.10947921644412584
3.961,0.0926323999175716,0.020936829340722832
3.962,0.2261784688230968,-0.027199672251542864
3.963,0.2309334956950524,-0.06270082223435378
3.964,0.5758351273010692,0.1145068098263625
3.965,0.4426923289563479,0.06835256110230181
3.966,0.5330729316846232,0.04715673012643385
3.967,0.1392641919217669,-0.14182536686726274
3.968,0.400751938199587,0.08053356163032634
3.969,0.1291040225683086,0.08051167628896784
3.97,0.0083443109997873,-0.02292003648552394
3.971,-0.169069586020263,0.06472179695001629
3.972,-0.3608665634035695,-0.09486182406122144
3.973,-0.3683678298148571,0.08710736705653013
3.974,-0.2300484067820203,0.22287475057129363
3.975,-0.4531718435212259,0.07356683593415414
3.976,-0.3591431250612776,0.09316585563954412
3.977,-0.4206435575767854,-0.007401677751296836
3.978,-0.4403940005740969,-0.18312494456809672
3.979,0.0913350663917333,0.24100890321738955
3.98,0.1044037291503174,0.03780801697769715
3.981,-0.0195105289234313,-0.1922357779274409
3.982,0.5806182156905515,0.17405518358302266
3.983,0.2531449100915469,-0.1873667870039698
3.984,0.4655050767016205,-0.18049530565807892
3.985,0.4972254350703349,-0.06374614691069787
3.986,0.415090660865581,-0.2931704702083418
3.987,0.4550499241615861,-0.04279699221568293
3.988,0.4804628869329842,-0.10394785792343783
3.989,-0.033826029757191,-0.31981008492086616
3.99,0.2425639147452231,-0.09234502576834326
3.991,-0.0136103814343716,-0.03231140345838092
3.992,-0.3147483147612471,-0.37998382087042015
3.993,-0.4256159253962925,-0.23764977358015354
3.994,-0.1330299456496932,-0.01809152547942071
3.995,-0.4626640307476626,-0.22234525250605197
3.996,-0.1753533067504286,-0.04173607100682436
3.997,-0.256561313520018,-0.15241517963937354
3.998,-0.3874578183100152,-0.40410806035958224
3.999,-0.2994019663778586,-0.4803654352659302
4.0,-0.0593545965372408,-0.33586719347357213
4.001,0.6191022931068763,0.10342941715575145
4.002,1.2356792173026985,0.6932164204818708
4.003,1.8923027279804665,1.1143096268572663
4.004,1.450438637106821,0.7441290453605282
4.005,1.6338137468868228,0.7637636516387979
4.006,1.5171035669695252,0.8198842534908245
4.007,1.191895263590229,0.4359909286742334
4.008,0.805232021804105,0.2961882942871491
4.009,0.8172515120509546,0.3421588224243263
4.01,0.7198131032405668,0.5169409574080042
4.011,0.5534485217686422,0.4257996363844335
4.0120000000000005,0.1652627197094709,0.2815109230654818
4.013,0.4566855366158392,0.620103388745774
4.014,0.1324704612034475,0.4714659074022674
4.015,-0.2250093744181248,0.07322491689703502
4.016,-0.6296755635150842,-0.2369135608796787
4.017,-1.2882167068405614,-1.0506070013514468
4.018,-1.2464377030352911,-0.9785365992525782
4.019,-1.394547171333607,-1.3766453067719786
4.0200000000000005,-1.6825483776532677,-1.6619081875316215
4.021,-0.8336545284303254,-1.0966866627782974
4.022,-0.6386503545757439,-0.8869820285604265
4.023,0.1496732289431739,-0.33465399256516093
4.024,-0.0528252437810577,-0.4844759819230027
4.025,0.3837298013263325,-0.16601816325634558
4.026,0.3420190749954683,-0.11441124694394134
4.027,0.0504652307379801,-0.3746918540953071
4.0280000000000005,0.4283675698304476,0.11566871258101138
4.029,-0.1425194850501309,-0.2931941439914171
4.03,-0.3771040652527498,-0.4349207895745696
4.031,-0.1327751571174953,0.042973535704087185
4.032,0.2962988584444428,0.5018827445392482
4.033,0.3836629743998184,0.8199190166094017
4.034,0.6979798256133288,1.0682823675895106
4.035,0.8108992032818705,1.3485032656702993
4.0360000000000005,1.2133334375004656,1.5801329686877612
4.037,1.0965509450806603,1.5421532495106434
4.038,1.2715027592108985,1.4625347810198375
4.039,0.6654281837345286,0.8626884057029469
4.04,0.0775462820565474,-0.015577899929425362
4.041,0.282636153513161,0.16846598661137274
4.042,-0.1076597261522642,-0.4853278000516676
4.043,-0.2463540199491286,-0.6208624597345607
4.0440000000000005,0.7262098701217753,0.17470784231772055
4.045,0.2333723925668756,-0.25757636796540495
4.046,0.1534214341251047,-0.3906980128275693
4.047,-0.0041775454233474,-0.4301656097143101
4.048,-0.2474366460470932,-0.6021499024177347
4.049,-0.5700525778740475,-0.7808236797268531
4.05,-1.130199137388142,-1.1837052707027624
4.051,-1.3703332607148233,-1.3028562020260943
4.0520000000000005,-1.526580617244999,-1.2816476731208497
4.053,-1.7652668966685578,-1.466323300778374
4.054,-1.4836633441661735,-1.0576489944099858
4.055,-0.8462797864260494,-0.45299540085415296
4.056,-0.6232494780539997,-0.20346105084648483
4.057,0.1954367476740064,0.5092556980341537
4.058,0.3983309101331338,0.6269400601435996
4.059,0.8581638573508263,0.9487975362546465
4.0600000000000005,0.9481379895778468,0.8747818134811901
4.061,0.7533849171490314,0.561982491052739
4.062,1.326984597271805,0.9583401795815855
4.063,0.9405504023838116,0.5159945462146066
4.064,1.12401351038284,0.5823118912864496
4.065,1.2205965878074068,0.7021052697777227
4.066,1.224745780235603,0.7016502961051074
4.067,1.4142624249026643,0.9795433562767372
4.0680000000000005,1.0972131555003743,0.7816970695998546
4.069,1.1418791715136236,0.939872835758273
4.07,0.9847042221392172,0.9922328531572929
4.071,0.2721535483534532,0.366022451277986
4.072,-0.3681512752869055,-0.038737309665547566
4.073,-0.8431470760575962,-0.500537515036382
4.074,-1.485642345047558,-0.9516441884298931
4.075,-1.3958954699753847,-0.9442132974845053
4.0760000000000005,-1.8430417633234863,-1.2933903750482834
4.077,-1.5416789669128903,-1.1597764013862977
4.078,-1.3486916258433703,-0.9723617533446367
4.079,-0.963514658930436,-0.8011786658862496
4.08,-0.443028534054207,-0.358057061092823
4.081,-0.3526084094704358,-0.4733177049200121
4.082,-0.1981282964451821,-0.40866700613582774
4.083,-0.1334736588688367,-0.4902412123285568
4.0840000000000005,-0.3180146571793412,-0.715565367401785
4.085,-0.3322435021619163,-0.7859465999438183
4.086,-0.1703844452257799,-0.5776330665750736
4.087,0.2489736055176128,-0.12420785332622647
4.088,0.4464903764104663,0.2067988078007726
4.089,0.6816719900215381,0.5362021369723948
4.09,0.8550982019145656,0.8923272002384811
4.091,1.1660861069541606,1.3077853991014592
4.0920000000000005,1.3593433548678004,1.6734965567127502
4.093,1.3216287304903047,1.698155507296569
4.094,0.7296584459117821,1.2119820727219153
4.095,0.3209227147926405,0.7866280622350641
4.096,0.0142859609322369,0.48931739389290196
4.097,-0.3100637478705765,0.06001616664653346
4.098,-0.5366767971119899,-0.24319071749926968
4.099,-0.0209720334168977,0.09933556615036446
4.1,0.1213344533989567,0.12798390391381853
4.101,-0.0149519654394178,-0.2090878542765056
4.102,0.3276264095780788,0.052104585902627384
4.103,0.3998060922796483,-0.05898520021971804
4.104,0.2278477706694344,-0.21732593956418572
4.105,-0.0817408065001525,-0.6593272473559089
4.106,-0.8669300255488258,-1.305376949441381
4.107,-0.9852038567402572,-1.4948723722562978
4.108,-1.2408766047847757,-1.500890345449587
4.109,-0.9378181543504392,-1.2227939107965635
4.11,-0.8777259990665118,-0.8581431539573827
4.111,-0.4016956329258433,-0.3942031292098153
4.112,-0.6431592335239747,-0.35184079131323254
4.113,-0.3232534747159203,-0.06969604469882301
4.114,0.1285778101738202,0.5776815396552837
4.115,0.2409656310261122,0.5984981588076335
4.116,-0.029569934327266,0.4007872658915276
4.117,-0.0520800223454632,0.22692584623538523
4.118,0.0447033411096223,0.28463722877476516
4.119,0.5919513960264888,0.6401005477804081
4.12,0.7338031960372831,0.6828403567506187
4.121,1.2408822449567367,0.9954973774334241
4.122,1.2309724205095725,0.899478271790948
4.123,1.1084490715341817,0.6219086288641396
4.124,1.8309821176194645,1.3367033144657008
4.125,1.5495721052549418,0.9713068753536449
4.126,1.4038133903092005,0.9266308972788841
4.127,1.2598374650053643,0.7816422768162739
4.128,0.2672684421529609,-0.020083866813103788
4.129,-0.0638291834523195,-0.27992622541795115
4.13,-1.0767213128874709,-1.0742614046024355
4.131,-1.1770844974750716,-1.0614686877401291
4.132,-1.6228325314990562,-1.3394441999830442
4.133,-1.3509287956641445,-0.954854810775658
4.134,-0.8321744208516522,-0.37925780547962434
4.135,-1.2272726616497218,-0.7050121320952576
4.136,-0.736692048295317,-0.28356532193497824
4.1370000000000005,-0.9921005302139984,-0.5432454765535352
4.138,-0.9551051832242516,-0.6640904503815996
4.139,-1.070317576123971,-0.8644616462958825
4.14,-1.1085858500443917,-1.0732935899958507
4.141,-0.4774076233832259,-0.5904908663482639
4.142,-0.3798585471497616,-0.588952266534136
4.143,-0.0233717466785536,-0.41005163931354816
4.144,0.6466197305066532,0.306315978054224
4.1450000000000005,1.256909721019453,0.7446532608827773
4.146,1.3833287644222405,1.0843866668531559
4.147,2.0290352969935785,1.5850987377770998
4.148,1.733234004624713,1.6410883161898646
4.149,1.4814833921426485,1.2724947878996962
4.15,0.6314193047970592,0.8387714036460917
4.151,0.4290993352618063,0.532812103907672
4.152,-0.1699251725123174,0.31775890898591397
4.1530000000000005,-0.0919303082791325,0.2869854671516462
4.154,-0.422957271823153,0.2174649921509912
4.155,-0.2157857786792765,0.3040624256851792
4.156,-0.173745138044415,0.4283948835427371
4.157,-0.5066394205894849,-0.02195025510354366
4.158,-0.3527154984981145,0.026424834262495145
4.159,-0.3037487176393414,-0.0029649338320372615
4.16,-0.498539642354142,-0.4521318160468279
4.1610000000000005,-0.6193464943817256,-0.5677010604433576
4.162,-0.8448727147865058,-1.1235837612932362
4.163,-1.2035450760370745,-1.3615399427887074
4.164,-1.049966459999799,-1.5290187098740164
4.165,-1.1966907717461608,-1.4410056053398856
4.166,-0.3308092891143133,-0.8115520319863443
4.167,-0.5385988400734423,-0.7153992097377332
4.168,-0.2576214606430799,-0.5387460964039504
4.1690000000000005,-0.0932272415688777,-0.08252047681225827
4.17,0.1693101895206867,0.21830512654210066
4.171,-0.2070349729941726,0.027197758399215108
4.172,-0.0626671312473025,0.3282696276950328
4.173,-0.0579576512998254,0.3356902798558395
4.174,-0.6539353070649891,-0.032005892727984736
4.175,-0.0886622607448148,0.3243525261730319
4.176,0.0394447974428514,0.700309617440746
4.1770000000000005,0.6475895628668865,0.9192386954780348
4.178,0.6102006283562542,1.1087932752536491
4.179,1.474089827713463,1.48770660299733
4.18,1.352226953761536,1.5527155404530322
4.181,1.743494825578915,1.4749915097433828
4.182,1.1025312279959891,0.9834446081860574
4.183,0.9573638445043328,0.4882115041491476
4.184,0.5899432451341856,0.24938325621254742
4.1850000000000005,0.1702026739040063,-0.34064075245071634
4.186,-0.4520816866230441,-0.835948796058128
4.187,-0.3459460160403531,-0.7205896962322236
4.188,-0.4505506849071681,-0.6882619645695958
4.189,-0.7403403361327416,-0.8488484633013781
4.19,-0.7138182627136095,-0.6765018064743382
4.191,-0.8192240891592139,-0.6292739850730475
4.192,-0.7194060507644284,-0.3873222967830978
4.1930000000000005,-1.1226346351487344,-0.7126168522902684
4.194,-1.2447201199169196,-0.7141927733150557
4.195,-1.4555204880684411,-0.9858812615518309
4.196,-1.9503064757058437,-1.396322688076394
4.197,-1.3930394493980052,-1.0468261452483116
4.198,-1.440553393558101,-1.0485085374420104
4.199,-0.4884462090869159,-0.40343850357530037
4.2,-0.2481886321448672,-0.1406492821854691
4.2010000000000005,0.5168293213956607,0.29895132740295066
4.202,1.135583624304611,0.9478404915182361
4.203,2.0581247009629093,1.6068225249022539
4.204,1.9858472766253656,1.6086292749806208
4.205,1.413546455027522,0.8837933746482739
4.206,1.555330629180192,1.1690507817867717
4.207,1.0386931563777215,0.6140928270683478
4.208,0.3822054410084949,0.17000661968198807
4.2090000000000005,0.5184970123574368,0.34473971195538405
4.21,0.5169830448033003,0.5923604391704367
4.211,0.4952356915269845,0.6277382699843301
4.212,0.4541413596263912,0.8169694763300172
4.213,0.7139751783828034,1.0982252804823753
4.214,-0.1250041102378382,0.41262015851780004
4.215,-0.1853566656614956,0.3060028628835488
4.216,-1.0076422060434886,-0.4753769374409726
4.2170000000000005,-1.4254709215124148,-1.009184596912088
4.218,-1.2143996560103214,-0.8643796496348459
4.219,-1.5033422790868172,-1.3145127089089643
4.22,-1.5542690899921494,-1.491526784902461
4.221,-1.4295820085487698,-1.533233124447342
4.222,-0.6212378322569367,-0.839663647235047
4.223,-0.029895155606027,-0.37815263488043077
4.224,-0.1385078411884501,-0.5251794310345714
4.225,-0.1086115640055038,-0.5575845087828486
4.226,0.1325110398441483,-0.2487401759237894
4.227,0.1874399125946517,-0.1764262292578071
4.228,-0.018268917316125,-0.22891657748519906
4.229,-0.0906003264816458,-0.21173821252858327
4.23,-0.2747599912545179,-0.22331494766003446
4.231,0.0898250502895833,0.2809971658032231
4.232,0.1881100590550158,0.4835576155400273
4.233,0.3274364496636548,0.7858946090298783
4.234,0.8177965700359854,1.23699047279051
4.235,0.9435843881731324,1.5261880076847185
4.236,1.0633516166914552,1.4312791569841523
4.237,0.8301374797513247,1.3487906644321752
4.238,0.8476141689027435,1.0033839382402434
4.239,0.1285474317190558,0.4198278488329185
4.24,0.2775605503662817,0.13811087904799968
4.241,-0.1215102544879101,-0.13610942910264406
4.242,0.4270199148222516,0.021168874502826493
4.243,-0.1671761267335809,-0.4526817189271574
4.244,0.0459365864520125,-0.49453891049366017
4.245,0.1619247082442056,-0.26036681045324317
4.246,0.3112965090837853,-0.1779977319382851
4.247,0.2675716961608761,-0.1102695346932791
4.248,-0.395329377423699,-0.663560507297715
4.249,-0.5372591172594053,-0.71243015837869
4.25,-0.8014130243798897,-0.7594282606897524
4.251,-1.327579302966866,-1.2259218740381699
4.252,-1.9197462183512533,-1.5938052845034791
4.253,-1.523013243012726,-1.1822226862467349
4.254,-1.3586655235787748,-0.8818705224341028
4.255,-0.8395667706808809,-0.39289142235049435
4.256,-0.213253089978684,0.22361748904350945
4.257,-0.2397968281710164,0.1376338931827278
4.258,0.2981900769436862,0.5175177439885845
4.259,0.5213124535073901,0.6816897524379577
4.26,0.8020429747439937,0.7055970573198341
4.261,1.009177802969067,0.8897396711013587
4.2620000000000005,0.9957372052669102,0.6022849523681717
4.263,1.0064350276664409,0.6531202756968695
4.264,1.1501783149664169,0.5902152238306184
4.265,0.7150167479031478,0.26330902949261514
4.266,1.196546958939391,0.6655307478819307
4.267,1.1682330436774455,0.7895543721891382
4.268,1.2179062368254467,0.9048666827443976
4.269,1.3656263946824412,1.2004718499892333
4.2700000000000005,0.8295652196078952,0.8474886930394996
4.271,0.3626871303720068,0.46584086156897114
4.272,-0.4388168593958041,-0.09494217068368026
4.273,-0.969577367130866,-0.6507008552736477
4.274,-1.250310193352114,-0.7018025567649219
4.275,-1.563254659293917,-1.168101568748776
4.276,-2.0059753593225973,-1.4452157590435812
4.277,-1.3687952585698393,-1.06900066441684
4.2780000000000005,-1.0888687277845586,-0.7074475487562558
4.279,-0.3721324385754806,-0.30447363843828784
4.28,-0.7158080208270595,-0.63274830209159
4.281,-0.2527026640931304,-0.46612487078587717
4.282,-0.0361318669012425,-0.25413125123311087
4.283,-0.1111520460712223,-0.5481466335219574
4.284,-0.0430757701761274,-0.4493245666340855
4.285,-0.2914903905861142,-0.8098063891095911
4.2860000000000005,-0.0778231907474387,-0.4891936363176362
4.287,0.1900421724017907,-0.23632353750037702
4.288,0.1227612296292782,-0.11183597095812778
4.289,0.9160912709595423,0.7205236890696738
4.29,1.0256035327838164,1.0784715107216
4.291,1.3925563567937451,1.4793803459723422
4.292,1.3352117561447985,1.6730982437011346
4.293,0.718065315684044,1.0315753103703629
4.2940000000000005,0.3893593171315909,0.8978331893820801
4.295,0.3760346634907733,0.7739916374186833
4.296,-0.1718516205197945,0.32467247140596417
4.297,0.0542579952871004,0.3622422017616282
4.298,-0.4092939513519023,-0.10483837634570384
4.299,-0.1786521263256694,-0.10047537954909373
4.3,0.1905712158831697,0.19510411118538123
4.301,0.60089438922563,0.39773640321622106
4.3020000000000005,0.6321783237867815,0.3431627735287675
4.303,-0.058469428064367,-0.48560086084829174
4.304,-0.1530820762540615,-0.6181663169418551
4.305,-0.2877099779618848,-0.793435213185972
4.306,-0.4940459101881955,-0.953328724442441
4.307,-0.7825078572153529,-1.1873773697672527
4.308,-1.232564157933127,-1.5107922242168859
4.309,-1.1655882006644631,-1.3234829790075582
4.3100000000000005,-1.1407606710596083,-1.1371380589842786
4.311,-1.0308384027146766,-0.8844361965092552
4.312,-0.6374164864065737,-0.36377655149214505
4.313,-0.1727504642901262,0.2242661038297266
4.314,0.0939056714234871,0.5187530745232127
4.315,0.4302695860918868,0.932778204049894
4.316,0.0262792840377186,0.42332826883681096
4.317,-0.2637850313967165,0.16169497033676866
4.3180000000000005,0.304248144046131,0.5036583528671976
4.319,0.2515694358843303,0.448946666284723
4.32,0.7645535069191862,0.6712735112328081
4.321,0.7856528671460535,0.693807188310959
4.322,1.460015717913545,1.090244362403585
4.323,1.3427102747057504,1.0153740879926896
4.324,1.699288800645065,1.1739971530902387
4.325,1.7034889466299694,1.2899768688594424
4.3260000000000005,1.3925459908094215,0.8913546385747529
4.327,1.1967719752058614,0.8848443945948428
4.328,0.0458799776614844,-0.26068539483347364
4.329,-0.6315086258138074,-0.6890004798720292
4.33,-0.5837966766676934,-0.5983215672012105
4.331,-1.2355113955129875,-0.9808833827246967
4.332,-1.258470029751719,-0.9929530372597862
4.333,-1.7207274532697174,-1.214159881496802
4.3340000000000005,-1.4305601946918456,-1.0021754354090189
4.335,-1.3593050869032657,-0.755893451137392
4.336,-1.0100195756016446,-0.5975334793275556
4.337,-0.8575075149116672,-0.3480573123285742
4.338,-0.6942206335529733,-0.4706680679138515
4.339,-0.8939513754154303,-0.6332173488724679
4.34,-0.7795604584174763,-0.846524757387307
4.341,-0.7176572513183501,-0.7674018136066373
4.3420000000000005,-0.2253491327972267,-0.573705336028138
4.343,-0.0969028880293494,-0.4043742840201687
4.344,0.7059045028543531,0.19367918958996994
4.345,0.9746040775687776,0.555184444197516
4.346,1.3158300475557554,0.8219717356900043
4.347,1.6429732727816009,1.2940463745992623
4.348,1.65094451904017,1.3536466661599116
4.349,1.2875676535972906,1.1582820125537616
4.3500000000000005,0.9197142611620168,0.9255596502388287
4.351,0.3273593892981785,0.47664405381292546
4.352,0.1906021633833285,0.4941221570673905
4.353,0.2163367576475938,0.5908954545892249
4.354,0.0937152913900258,0.5802672148940338
4.355,0.1073007644527435,0.5627847945181919
4.356,-0.4685072131555003,0.02239239485438184
4.357,0.0088993455949295,0.3652039868000135
4.358,0.1275878750856016,0.4496484101081122
4.359,0.2370929607326062,0.34719876310235215
4.36,-0.2635385478233146,-0.2111137856693232
4.361,-1.2634792020708296,-1.4565393363781325
4.362,-0.6682951132543598,-0.8768670040224021
4.363,-0.9560854209530114,-1.3955996578756766
4.364,-1.387925221738359,-1.7454029920822758
4.365,-0.3838780667355935,-0.9180131687790304
4.366,-0.8009696956623231,-1.1370936012999993
4.367,-0.1158083560044858,-0.5533930007764514
4.368,0.0158960839106376,-0.13681955498691775
4.369,-0.157115843629029,-0.34004707459764094
4.37,-0.0485578016953423,0.07349265184983468
4.371,0.1211948463119134,0.2569800150749175
4.372,-0.4574439910531086,-0.07523588287861394
4.373,-0.2305222573273272,0.16860995189484274
4.374,-0.3618362998311541,0.16546458358123417
4.375,-0.1705042590746655,0.3372812476998778
4.376,0.1231293343325956,0.6243558535542806
4.377,0.0801185305783263,0.500946923417307
4.378,0.7768777506307045,1.090611448373258
4.379,0.9689627614792788,1.1408230864699298
4.38,0.980906642185899,1.0172371057286504
4.381,1.3763382036067882,1.2329052665751987
4.382,1.321837367712383,1.0963922170832017
4.383,1.146435297636341,0.7425342238221337
4.384,0.955873192831476,0.5833756349101622
4.385,0.319029651201175,-0.1903560376485797
4.386,-0.3490989118239738,-0.6992790579855582
4.3870000000000005,-0.164125637655145,-0.5834206387657105
4.388,-0.8465617949802592,-1.0154537312106724
4.389,-0.6865491122855191,-0.8548210588870507
4.39,-0.7489467443447948,-0.6484089150891716
4.391,-0.2697489304990186,-0.12304000849662358
4.392,-0.7828665980168265,-0.42908713314846425
4.393,-1.174538564248184,-0.7710549982865579
4.394,-1.0109507993200628,-0.5194643530930695
4.3950000000000005,-1.7648518825300037,-1.2628788430160278
4.396,-1.4761168604790316,-1.0204650886898636
4.397,-1.212309051868885,-0.8084008931895604
4.398,-0.90073639226312,-0.6493806448247434
4.399,-0.5279391361252797,-0.37975048607969353
4.4,-0.0273970290122643,-0.08162404290679523
4.401,0.6325444206149791,0.46769994259318415
4.402,0.8841860220756245,0.5283616130562232
4.4030000000000005,1.4061646401903063,0.9930177780823333
4.404,1.704915349718782,1.156289419604567
4.405,1.7159197332511793,1.2153370950389817
4.406,1.731746100737266,1.164199333557776
4.407,0.884181182711945,0.4904347071201236
4.408,0.533476720686781,0.12126410969124063
4.409,0.4979822052699813,0.363603578955689
4.41,0.7421664670587429,0.5950084090609074
4.4110000000000005,0.5564329179750348,0.7339123950072005
4.412,0.5333039280693344,0.6566342247376935
4.413,0.106873199954961,0.5286720450902492
4.414,0.2079244250074589,0.5025139764095006
4.415,-0.3709127859907732,0.13295446480701115
4.416,-0.2960688722145639,0.005172726069004825
4.417,-1.224122576806851,-0.8338648511200626
4.418,-1.3860654768482856,-1.2439748845969736
4.4190000000000005,-1.0146442777167677,-0.8935509335959881
4.42,-1.4853984105866247,-1.6043951817510573
4.421,-1.2153201002979723,-1.4207559244471055
4.422,-0.5106264787011472,-0.8876283823599141
4.423,-0.2142877095677798,-0.6846751342344364
4.424,0.3783123680795287,-0.14823038742347305
4.425,0.4837976429331474,-0.09445310905293909
4.426,0.3049278222155969,-0.19901935604961482
4.4270000000000005,0.0280847400018383,-0.4642728424165707
4.428,0.3521794203144295,0.03884506618937202
4.429,0.4456748828696896,0.1974877590598468
4.43,-0.4033146220641814,-0.4281505223730457
4.431,0.06112886928997,0.12122271260743891
4.432,0.0232251039744823,0.2765051849795671
4.433,0.0441954024933459,0.35865149556687126
4.434,0.7387370712487753,1.1562303126526645
4.4350000000000005,1.1198852592510662,1.5373692664949223
4.436,1.1119234371809013,1.5212850841677943
4.437,1.115591129535969,1.444635815183037
4.438,1.0391231584489524,1.276765747723285
4.439,0.8926994342789862,0.9736859960384805
4.44,0.3276839513568215,0.3022733381109465
4.441,-0.0225036858813227,-0.25741167514669505
4.442,0.1204073741789484,-0.15168586846273896
4.4430000000000005,-0.0314317059127798,-0.5327288760036795
4.444,-0.2765334172181477,-0.6775230043097082
4.445,0.1957149289229919,-0.42329775082351556
4.446,0.248734906194905,-0.1079436087058081
4.447,0.2126735439782479,-0.33185669666045187
4.448,-0.617273641096034,-0.7689746810856248
4.449,-0.3179744938976021,-0.6249450894872591
4.45,-1.3890492268890169,-1.2516447291866823
4.4510000000000005,-1.105305471463204,-1.1027334876903845
4.452,-1.4628260779274649,-1.0636344913069185
4.453,-1.825553813079836,-1.5593008432461553
4.454,-1.443827624728514,-0.9142711734206763
4.455,-1.0400008381122692,-0.6548504384908247
4.456,-0.7011136701940609,-0.22972148648157603
4.457,0.2620102024390831,0.5793750092588448
4.458,0.4877028730224814,0.7250941222224517
4.4590000000000005,0.8380476762672043,0.9309471372410811
4.46,0.8710888854181038,0.777877036455429
4.461,0.7534891755059825,0.5538323102315805
4.462,1.1124556674379646,0.7091916807592716
4.463,1.04596896744695,0.5981523254856294
4.464,1.3894684414075584,0.8085102827148004
4.465,1.3139122334627371,0.756091928742002
4.466,1.20379767548444,0.6419240858101122
4.4670000000000005,1.2975234767630237,0.8073956052249364
4.468,1.233486916626383,0.8798350191223749
4.469,1.2726480705226833,0.9985369671956583
4.47,0.6400050260909212,0.6064912198076953
4.471,0.4035766971586576,0.40745156887722345
4.472,-0.2198120018326597,0.05991659106723936
4.473,-0.9167257140962584,-0.6821665275348661
4.474,-1.3253838846835977,-0.8562924153516559
4.4750000000000005,-1.6427380881719578,-1.313613288886441
4.476,-1.850964025643656,-1.3883435789639023
4.477,-1.40542037700454,-1.1511437534504931
4.478,-1.1731788715444669,-0.9124062589879508
4.479,-0.4622494187233881,-0.4176428937089471
4.48,-0.4697016260677857,-0.5322919726200417
4.481,0.0898922549980437,-0.12265712303077667
4.482,0.1697444225977421,-0.21727269075189415
4.483,0.0170239505988707,-0.39559758480461926
4.484,0.1192310371977928,-0.47117071886989725
4.485,-0.2610763137361809,-0.7356935670548062
4.486,0.4130914972553217,-0.1822593693635115
4.487,0.1141406851271471,-0.25739069774654133
4.488,0.5205922544964607,0.1218668774599339
4.489,0.7788126855444412,0.6389562674097745
4.49,1.0920487894120725,1.019054463586527
4.491,1.481656992400606,1.616003031878192
4.492,1.4603077187446585,1.7218856439011176
4.493,0.897318221029202,1.2450624414637366
4.494,0.4294996685315134,0.9121442931229178
4.495,0.2830194900165421,0.7014175179310254
4.496,-0.586643495734266,-0.07449507138796634
4.497,-0.4351633079506262,-0.117901335255609
4.498,-0.3367798166417866,0.009333111874963794
4.499,0.0555272951294052,0.13561949003912996
4.5,-0.1957100348001691,-0.13999559539496048
4.501,0.1330082139277607,-0.07216084073295201
4.502,0.3368086625103035,0.09528304268054924
4.503,0.2519020768625412,-0.1791586865872846
4.504,0.3868977474552282,-0.04158552579166933
4.505,-0.4402394084924229,-0.950738889870144
4.506,-0.6605934294076419,-1.0952211772768632
4.507,-0.7697512632946395,-1.17970006156938
4.508,-1.30317271716453,-1.5660342839231853
4.509,-1.2231688637719589,-1.3861545906882606
4.51,-1.373656510131951,-1.3600732955189039
4.511,-0.640831417307214,-0.5000644859023091
4.5120000000000005,-0.4718066844172088,-0.19046171537585085
4.513,-0.1509664898930342,0.2375430205418146
4.514,0.2856824641422646,0.7170396642844504
4.515,0.0930866988704341,0.579899465714596
4.516,0.4196264986286166,0.8196270810019783
4.517,-0.07095621503533,0.3268384751956699
4.518,-0.2249320237712924,-0.03209257711314224
4.519,0.2444402282847511,0.39868438614401547
4.5200000000000005,0.7466639512979945,0.6297119334645088
4.521,0.9085264918449466,0.7560578555111557
4.522,1.3106931585131776,0.8957951521874066
4.523,1.618861686727714,1.2111899916101951
4.524,1.825479328887068,1.237270385830966
4.525,1.581424989202993,1.0637376273453472
4.526,1.5986480717480305,1.0298607527309915
4.527,0.996731186769789,0.5512178314861178
4.5280000000000005,0.3173666405435732,-0.04261550239286199
4.529,-0.3574541645431186,-0.5819227751653298
4.53,-0.6578357316325479,-0.6940515089911432
4.531,-0.8862013064016576,-0.830992777110996
4.532,-1.4521359224434125,-1.1670742757202759
4.533,-1.2295486024016298,-0.9481061252692371
4.534,-1.1873904731846328,-0.6995923846337466
4.535,-0.7771987479857492,-0.4140217968938919
4.5360000000000005,-0.8924472722933812,-0.3913043438563087
4.537,-0.9124079600805528,-0.6471391741628777
4.538,-1.155652623760381,-0.8301609846551616
4.539,-0.872588345882674,-0.8507084047943891
4.54,-0.777887544674909,-0.7463400914582962
4.541,-0.4970064764802211,-0.7729323690574136
4.542,-0.4218176193292087,-0.6883764923138568
4.543,0.1060787862199551,-0.4084531204212545
4.5440000000000005,0.6596659292585487,0.20514559988524234
4.545,1.399961594291963,0.7987616712479465
4.546,1.662827568671434,1.202182275520328
4.547,1.818596866000708,1.318695279536746
4.548,1.4088848924691455,1.126161272896513
4.549,1.5529455991584282,1.3068156458858464
4.55,1.0210026507007834,1.0322996719267739
4.551,0.2829224471438598,0.34926864046767775
4.5520000000000005,0.0007084493440055,0.31008834644963956
4.553,0.1074830257825315,0.4291133503687632
4.554,-0.1444381139009365,0.3534575922363294
4.555,-0.2673649616124413,0.15946199584213164
4.556,-0.0101092468513169,0.4946672908923211
4.557,0.1753958287056392,0.5229096968110611
4.558,-0.1977021210274641,0.12907737415664466
4.559,-0.1230424838565305,-0.002928913976732025
4.5600000000000005,-0.2856884731968849,-0.2546879979883793
4.561,-0.2459042118656513,-0.4093499379381266
4.562,-1.0497408099510444,-1.319776133677661
4.563,-1.3934955121126804,-1.7852541885262911
4.564,-1.2447893417956424,-1.7058294869532102
4.565,-0.904071655957238,-1.3806157966224784
4.566,-0.2653293900654203,-0.7333287040350969
4.567,-0.370921972645765,-0.7557950136273088
4.5680000000000005,0.1465564047426464,-0.14065919882090164
4.569,0.1351012897384327,-0.015961999495206068
4.57,-0.0383290537116601,-0.026282734874165853
4.571,0.1321060674365916,0.26852016330439077
4.572,-0.0007876536870001,0.3133035877575073
4.573,0.2232853088345106,0.5915271034809297
4.574,-0.4478602867617829,0.054108535694690506
4.575,-0.4899066524057243,-0.03431770272352955
4.5760000000000005,-0.039948090158789,0.46272742124736915
4.577,0.3219260679974933,0.6862866041099741
4.578,0.6523233913832005,0.96757434638092
4.579,1.1508416478713186,1.2805014263659151
4.58,1.6135069938604971,1.6240844075693026
4.581,1.6247939807811207,1.4678505245671287
4.582,1.1293270552288068,0.8329135624525604
4.583,0.9854593309668164,0.6030752643901369
4.5840000000000005,0.7330971773630086,0.24210789893245482
4.585,-0.124940446422623,-0.5804994775871233
4.586,-0.1442647427040889,-0.646213667500575
4.587,-0.3573552269607599,-0.699575865829865
4.588,-0.6313817103505273,-0.9596038216047045
4.589,-0.5904005586073672,-0.6687938525398482
4.59,-0.3674433657297864,-0.4061289274380641
4.591,-0.4646651667488582,-0.22209899837252062
4.5920000000000005,-0.4369785383413502,-0.18264714275246455
4.593,-1.0092873679687129,-0.5045083237352905
4.594,-1.535064992442233,-1.0975786210621787
4.595,-2.033572272349142,-1.4201606307665327
4.596,-1.4363450617218263,-0.9971277160528584
4.597,-1.3464627783322656,-0.8152876261550187
4.598,-1.086164255079738,-0.8284871283551755
4.599,-0.7595617758731441,-0.4665172738974023
4.6000000000000005,0.0390270450794506,0.0009089342823925747
4.601,0.6539793785372255,0.6463507928301097
4.602,1.089353883328236,0.7553604157794872
4.603,1.1877424855026042,0.932687222632099
4.604,1.7426928271097015,1.2287313230297514
4.605,1.3458722766003162,0.9903022246346234
4.606,1.4217683709067217,0.9170244355066818
4.607,0.9217503568848088,0.6486420860818148
4.6080000000000005,0.7993218803396648,0.4953217652614299
4.609,0.6373796701847034,0.5946749780410893
4.61,0.798226064422178,0.8171702901168867
4.611,0.4867876545669689,0.7298028949755042
4.612,-0.0113795673783703,0.33848601908772535
4.613,0.3188500650827843,0.7876129018087539
4.614,0.1027131952984345,0.6755003575294979
4.615,-0.4681270874310479,0.07244324346987821
4.616,-0.8619121136522376,-0.24863498104744614
4.617,-1.3028616251287322,-0.8805031943508232
4.618,-1.5148824802269178,-1.0500395826747702
4.619,-1.4881705927373492,-1.3370264980107618
4.62,-1.876378729682785,-1.6863330821788185
4.621,-1.3421356222520862,-1.5177333333551994
4.622,-1.057538322875581,-1.1617420932776679
4.623,-0.1161578030321127,-0.5526638598310584
4.624,-0.0135740671504592,-0.32108738239018453
4.625,0.2578746806803029,-0.2747013193091702
4.626,0.3166953575702381,-0.031617731895413406
4.627,0.3270521291073799,-0.09866014670961479
4.628,0.2012482503887697,-0.019690547315328794
4.629,0.0142916638135663,-0.13966061102667504
4.63,-0.334901686922651,-0.3212133286943998
4.631,0.0887815533723551,0.2706830025475102
4.632,0.2034469935856197,0.45710205363256423
4.633,0.3814427876863838,0.8370098421254354
4.634,0.5236784693677802,0.9210479065277057
4.635,0.490246440389019,1.0528010897086921
4.636,1.2867275075670648,1.6698709608347
4.6370000000000005,0.7440266835851533,1.2041212548790776
4.638,0.8944575349194307,1.106983269978608
4.639,0.6219416032986436,0.8062653151394924
4.64,0.3827045149175185,0.3314707582996633
4.641,0.1561265847385561,-0.006638884236891782
4.642,-0.2315954419212623,-0.5393220843176814
4.643,-0.1423747068381599,-0.5939577754929882
4.644,-0.0058579970090432,-0.463834940071307
4.6450000000000005,0.3900736358500162,-0.18357803404401896
4.646,0.3959610423168105,-0.04681190614578763
4.647,0.50965255454659,0.027476273268339915
4.648,0.0345865930072964,-0.23214621500804103
4.649,-0.5236134180258967,-0.7333051684537851
4.65,-0.7289317094110276,-0.7269673543855789
4.651,-1.0735893256417255,-0.929336904118667
4.652,-1.88664216741263,-1.6290603554316618
4.6530000000000005,-1.8030007303864253,-1.3523485246441265
4.654,-1.5013438168205864,-1.1030341805391168
4.655,-1.386259560175679,-0.7870501257510167
4.656,-0.2916950813131141,0.07521778619735703
4.657,-0.2030545173858125,0.33645725165772783
4.658,0.417973510152003,0.5916799178999123
4.659,0.4178045154407771,0.7168386331092075
4.66,0.9361484440731288,0.8290818107677314
4.6610000000000005,0.8612021690089359,0.8328390134044273
4.662,0.960648085700438,0.5955187907184214
4.663,0.7646279281236387,0.44610276714057856
4.664,0.9436662426168806,0.4475658926267572
4.665,0.6764590194489196,0.21237371092077878
4.666,1.0334831874258843,0.5918706274367327
4.667,1.4818958714291404,1.0673910521562309
4.668,1.1317753871522358,0.919619368506678
4.6690000000000005,1.3923163747691567,1.1977845689863735
4.67,0.8254279291759308,0.941327661524382
4.671,0.3543130975565044,0.45971714190968443
4.672,-0.5653475387547888,-0.13722007728883584
4.673,-1.0159937462430486,-0.651840589142699
4.674,-1.597711676085324,-0.9831826694414044
4.675,-1.6161004089340063,-1.138900352392694
4.676,-1.6613410738618086,-1.0504687510674164
4.6770000000000005,-1.5799916602258646,-1.1821697405991367
4.678,-1.4424050378489324,-1.0196833352427896
4.679,-1.0050608273139825,-0.849782328302912
4.68,-0.5534704190088562,-0.43045323402796776
4.681,-0.0076434217939444,-0.1643119891283973
4.682,-0.1780110091297847,-0.35339412746319987
4.683,-0.2177371593290156,-0.6341503763291273
4.684,-0.2271743407660456,-0.5894814712931333
4.6850000000000005,-0.1129023348320712,-0.6350004417381185
4.686,-0.0098032055470472,-0.38097997106115766
4.687,0.5817230428336135,0.1508526349729333
4.688,0.0755682885204037,-0.1273125737926807
4.689,0.8302656124810907,0.6546918938170172
4.69,1.1597777350741585,1.2350388825364145
4.691,1.212715809447111,1.360625129156641
4.692,1.3844226323757565,1.7394721757430256
4.6930000000000005,0.8136767229157473,1.2319285301112646
4.694,0.625409953273506,1.152712881639364
4.695,0.251760835155503,0.7876628201250276
4.696,-0.0865043300060699,0.4361302861780364
4.697,-0.1400347349494252,0.3216585239060457
4.698,-0.5428478203640305,-0.20435263366709802
4.699,-0.2319819936215031,-0.0006777036389256502
4.7,0.2219286163161498,0.26315742462680436
4.7010000000000005,0.0441760189157129,-0.01517916044087516
4.702,-0.0335969901302061,-0.29211828555913066
4.703,0.1119626109847791,-0.17983563148324067
4.704,0.2065838128524792,-0.24192389976245735
4.705,-0.5988375810226547,-0.9697582784173493
4.706,-0.8092043212173515,-1.2672982401246309
4.707,-0.8979045041483611,-1.159773663905726
4.708,-1.0261156323156768,-1.3115674272734859
4.7090000000000005,-1.3273644207654898,-1.331082806069544
4.71,-1.1569588053360496,-1.1546089398133736
4.711,-0.7584242856567783,-0.45340015536879313
4.712,-0.2706741055136009,0.024563868664722998
4.713,-0.6355533817057828,-0.0915187509471212
4.714,-0.3091391171830971,0.1728762067046557
4.715,-0.0989436550175507,0.5183509000070861
4.716,0.1033839696563928,0.5952644201470451
4.7170000000000005,0.0785267886045708,0.5692910641416006
4.718,0.0700207371347957,0.3909177023104547
4.719,-0.1370535599488712,0.06952612957154207
4.72,0.2816888431313513,0.31437734868981804
4.721,0.8033946188056548,0.6715727183461306
4.722,1.2443166955645075,0.9783963794560682
4.723,1.3839576264747842,0.9858293955045407
4.724,1.4583536485192852,0.9929185304739108
4.7250000000000005,1.8102267107672485,1.3182682252043527
4.726,1.530078651031766,1.035056090239532
4.727,1.1379806143927218,0.759518118188812
4.728,0.3788514944396877,0.030457444806541507
4.729,-0.2872723146168224,-0.3903727332820238
4.73,-0.70879305988945,-0.7942408836667909
4.731,-1.1685235150164677,-0.9432810278648073
4.732,-1.0608555891006413,-0.8697322344711979
4.7330000000000005,-1.5844693156929246,-1.1077019272320818
4.734,-0.9112561369509732,-0.5366886718543179
4.735,-1.3682889343410871,-0.8168101357330518
4.736,-1.0117884440918667,-0.6180077046993825
4.737,-0.7221368139892055,-0.3041113087701738
4.738,-0.6995887237161946,-0.45959400743475093
4.739,-0.927618938362861,-0.8022130988808122
4.74,-0.9500561211128908,-0.9793464464271001
4.741,-0.3188229569280216,-0.5356264432907173
4.742,-0.5823311413454509,-0.8934958345169979
4.743,0.3041669525695265,-0.17648439383512948
4.744,0.654708825016368,0.15897361821906442
4.745,1.0892843123660298,0.5211385473262006
4.746,1.955599180421266,1.4467601792999731
4.747,1.632067700826752,1.184860573408792
4.748,1.780137480785837,1.437893697677093
4.749,1.4229931006850278,1.2603205555566075
4.75,0.8255345519180369,0.7672322938324367
4.751,0.6175194087630438,0.7984740103017416
4.752,0.1346009291337709,0.3689720996842687
4.753,-0.4161843323680508,0.042296192063299716
4.754,-0.212796066667963,0.21136238857626458
4.755,-0.4265703761340828,0.1437895471881429
4.756,-0.0747710631219576,0.3659151997838462
4.757,0.0799877053033205,0.5594350870349486
4.758,-0.219654240572607,0.06280975603076326
4.759,-0.1729673974625543,0.05094860478837894
4.76,-0.1357955745278419,-0.11877939303011979
4.761,-0.3038968619741473,-0.40187220835647114
4.7620000000000005,-0.5080606753557498,-0.7540185207315637
4.763,-1.1343313656634968,-1.49902239206888
4.764,-1.0999385801249637,-1.4983537980211838
4.765,-1.0883825186519749,-1.564910572671148
4.766,-1.0021139285601617,-1.3790660318010313
4.767,-0.5838053315452371,-0.9758987309401685
4.768,-0.2171534476655697,-0.40485707478181826
4.769,0.3826607929329058,0.23894394115555717
4.7700000000000005,-0.1470731245239983,-0.05109243188526229
4.771,0.1671516237504335,0.34140785349172165
4.772,-0.1005800453389824,0.26106126902770677
4.773,-0.7659729891979765,-0.32509465567946205
4.774,-0.3478571212204807,0.15306258390674263
4.775,-0.071550975146917,0.4837731125340954
4.776,0.0828866064800888,0.5343463469506181
4.777,0.0335368578350064,0.5098495886684123
4.7780000000000005,0.7686325371287815,0.9901350623327276
4.779,1.1731867865856762,1.4106396809434736
4.78,1.0593241911002256,0.9471950413694795
4.781,1.3437451687672175,1.2772700238037928
4.782,1.9296081589488716,1.4974563746759295
4.783,0.8938696972408657,0.5770583955098264
4.784,1.025745011862844,0.40079845023582883
4.785,0.3991916099479822,-0.017619297348288772
4.7860000000000005,-0.1317637726099101,-0.7556521539042781
4.787,-0.3815734104168075,-0.710323915436025
4.788,-0.1031346524107991,-0.5372952290258753
4.789,-0.3536596675517149,-0.4420615544112592
4.79,-0.2593407946312523,-0.3893335447727252
4.791,-0.491814545169274,-0.2834734476994211
4.792,-0.9453604171701784,-0.7718975717109077
4.793,-1.0396416405401685,-0.5978343850820005
4.7940000000000005,-0.9002000474584414,-0.5370843547922656
4.795,-1.949246735978248,-1.4340827962561828
4.796,-1.504921181412482,-1.134981265538078
4.797,-1.4081320177784329,-1.0153045434920027
4.798,-1.0850647979004209,-0.8907628084691998
4.799,-0.6882143999507907,-0.5729377697547617
4.8,-0.1185317292660153,-0.2124451037325625
4.801,1.1787807580510714,0.9621610756244239
4.8020000000000005,1.3270120246684698,0.9458739592003219
4.803,1.025117465422133,0.5441552430281859
4.804,1.4016225790813088,0.8485946498185348
4.805,1.8075584078302287,1.2252700818485058
4.806,1.421314576386504,0.8828173424869097
4.807,0.7483144038624634,0.2612004341909579
4.808,0.8816879825260099,0.5442714471848734
4.809,0.7647923680300149,0.5288956952756059
4.8100000000000005,0.4885525422295266,0.46713553913557304
4.811,0.7618694825848877,0.8353291995257578
4.812,0.7152449102464,1.008695034189291
4.813,0.3687633474537227,0.6916710343151774
4.814,-0.1144691913022832,0.3764506144727208
4.815,-0.0576724017518033,0.3608165136916226
4.816,-0.6450988788962094,-0.14639095673638705
4.817,-0.8846725891072047,-0.5590281952789582
4.8180000000000005,-1.359709789786321,-1.0436585462798746
4.819,-1.6013437072084953,-1.5189900147312199
4.82,-1.432800083524364,-1.4193754004605206
4.821,-1.089373653588368,-1.3042914275461603
4.822,-0.3705731211587917,-0.6652689318628628
4.823,0.1409408869751559,-0.30659221293880734
4.824,0.0325169030221751,-0.4611239890387172
4.825,0.2739657948126432,-0.2467662790677861
4.8260000000000005,0.1438874870278995,-0.3685295293839964
4.827,0.0289528415196379,-0.3722706620574746
4.828,-0.0730522364341183,-0.42315086542176333
4.829,-0.3970020535122299,-0.5274337737755085
4.83,0.0133090943306932,-0.062029522144497584
4.831,-0.1052102562493702,0.08620301887085483
4.832,0.0198512558460114,0.2204671595107508
4.833,0.1375312269228381,0.5813173051881683
4.8340000000000005,0.7637069558568178,1.1308230406655806
4.835,0.927245813269068,1.458798662652828
4.836,0.924325276973378,1.2817265592431117
4.837,1.0627952612383371,1.48347899967447
4.838,1.0320228444696304,1.2066848111207849
4.839,0.5018956614197906,0.6525322543356649
4.84,0.492691020739427,0.383581700951748
4.841,0.1095865630310948,-0.07074506319839494
4.8420000000000005,0.3399529602514072,-0.04117738994947123
4.843,0.3065722215095386,-0.14494513697963737
4.844,0.0508066705125241,-0.48071444528334145
4.845,0.3280828699118903,-0.2367488324554617
4.846,0.4243669142919301,-0.07186783428016208
4.847,0.0841825884438063,-0.3975858218921804
4.848,-0.1439778197847618,-0.4264256173522407
4.849,-0.2273318453023254,-0.4650799813851688
4.8500000000000005,-1.4064188550558256,-1.3734667048962153
4.851,-1.5353168858000876,-1.4634483043138764
4.852,-1.2952470571424464,-0.963513784515739
4.853,-1.7325116254170465,-1.4033807276927592
4.854,-1.551499826837175,-1.0522997388534436
4.855,-1.014138796700033,-0.574716656841897
4.856,-0.819612694049646,-0.35158618150304377
4.857,0.0431603598542703,0.41029417935326906
4.8580000000000005,0.3391852362433596,0.5843453308331408
4.859,0.7777595482853003,0.9255339150808505
4.86,1.003497902437292,0.9141834220708233
4.861,0.7976055374864766,0.6701561210759805
4.862,1.073947077508147,0.662248994965456
4.863,0.8832337239318274,0.5358771248874734
4.864,1.2360874014753491,0.6347237082365158
4.865,1.2620875466220431,0.839187610195853
4.866,1.4939271852297935,0.9072201742693723
4.867,1.1023789469278134,0.7818113554084414
4.868,1.566566937825694,1.193573530160472
4.869,0.8105065570252077,0.7354613917991556
4.87,0.8273282865534686,0.7865088273931627
4.871,0.5357890053557817,0.7593814782184204
4.872,-0.6555205775785414,-0.370639672549626
4.873,-0.9239505509341008,-0.4609670398226796
4.874,-1.6935216434926714,-1.2102080735106544
4.875,-2.066155442323919,-1.516114702099397
4.876,-1.809910151664071,-1.3252140384265518
4.877,-1.6517564196914571,-1.2050675005334506
4.878,-1.1823164056549158,-0.8857330726486892
4.879,-1.0855860590443935,-0.899919987213163
4.88,-0.539932161737731,-0.540669744732179
4.881,-0.1174613518805239,-0.25832579331781713
4.882,0.0219380542120329,-0.26476693445458976
4.883,0.0028697543484924,-0.41271386027718177
4.884,0.1682453391924149,-0.2792061671670097
4.885,-0.1226438914759411,-0.663078321511603
4.886,-0.3225321486392892,-0.7419503547865173
4.8870000000000005,0.2792468099350635,-0.19442704428678254
4.888,0.4112363427657573,0.19833698437685815
4.889,1.1086773584774388,0.8633920642592562
4.89,1.1079470148244903,1.200907045152146
4.891,1.1221666088535658,1.1767740123371042
4.892,0.9733524578932572,1.35384631924823
4.893,1.4589024861807989,1.7687896213043035
4.894,0.8307103609191331,1.369096689379351
4.8950000000000005,0.4234204606254178,0.8465038947757926
4.896,-0.0471183789468415,0.45705606215301714
4.897,-0.2868685786588213,0.06569158641620919
4.898,-0.2644392565809487,0.023561346575049838
4.899,-0.2386137551724215,-0.10981329593165945
4.9,-0.0033116548369485,-0.034075091178705004
4.901,0.2084235598227999,0.051152760024076135
4.902,0.4854591159315686,0.15187977086778662
4.9030000000000005,0.3132996256934903,-0.07665425110428815
4.904,0.0945925492957231,-0.41319915889806336
4.905,-0.2159604725953883,-0.6903507609302094
4.906,-0.6604371243303068,-1.1499122626546177
4.907,-0.9487365619293748,-1.3225914083094212
4.908,-1.1143378005267193,-1.4018042992999842
4.909,-1.449796701695775,-1.5737169593393967
4.91,-1.5227063947926427,-1.5025677201951932
4.9110000000000005,-1.122138372910097,-0.940608163290541
4.912,-0.4987050606362145,-0.18317908654335877
4.913,-0.1448683587699783,0.28201530499224947
4.914,-0.0538844842232015,0.43202960731190276
4.915,-0.047205300328871,0.4719103109156198
4.916,0.0693005221662536,0.5352812481519478
4.917,0.1026540451125971,0.5254905742314164
4.918,0.099706734026644,0.3627849869171071
4.9190000000000005,0.3700357615633122,0.5437967515396839
4.92,0.5381933050413811,0.49348085947838954
4.921,0.696234368207742,0.5613308793138987
4.922,1.2678730483038605,0.9300635044535716
4.923,1.4763264158800922,1.0886268855459778
4.924,1.971959625292348,1.471086380906907
4.925,1.744622388185508,1.25427102171892
4.926,1.2018916858265631,0.7342402583253105
4.9270000000000005,0.9956706733091376,0.5902588762872452
4.928,0.5907171052549764,0.34328562953562325
4.929,-0.2918012468560467,-0.45786128144360644
4.93,-0.8893671046804945,-0.8113188882769748
4.931,-1.077971303935849,-0.9408448520389684
4.932,-1.6218205216536945,-1.236317338241423
4.933,-1.5175949612884123,-1.1265628584224312
4.934,-1.452766553769337,-0.8952566564589807
4.9350000000000005,-0.8380386148145355,-0.3350955300220288
4.936,-0.791500489305144,-0.26377163581235785
4.937,-0.6722141896133844,-0.23695851454048134
4.938,-0.8573586318572031,-0.5511197219199038
4.939,-1.1270908269460176,-0.908226219713147
4.94,-0.8044000491619383,-0.8290618499240332
4.941,-0.9304926673712808,-0.9892369379103845
4.942,-0.288739868968961,-0.6302778378831035
4.9430000000000005,0.1066995236535006,-0.1796392139177465
4.944,0.7265802372987434,0.2002938467824972
4.945,0.6628376305510857,0.29145291362828
4.946,1.0910312798968276,0.580411385905968
4.947,1.3949772007314722,1.1188409984403886
4.948,1.605002038679599,1.3034595078693598
4.949,1.325651925568989,1.2930828748100545
4.95,1.1767709004154905,1.1987056305550814
4.9510000000000005,0.4723594804268968,0.7416818148662502
4.952,0.0187206944951053,0.3575860620817538
4.953,-0.1094487445625411,0.4062668719941684
4.954,-0.2573749400726141,0.27522241351344634
4.955,0.0593540597083849,0.6722711522435336
4.956,-0.0429716825991304,0.4923208615334028
4.957,-0.0198353980257175,0.5038639024887596
4.958,0.2907632172823912,0.6433773643297147
4.9590000000000005,-0.4650610414895193,-0.1830227077208256
4.96,-0.347026877306694,-0.28735597545779346
4.961,-0.9807987767413616,-1.0000071636016281
4.962,-1.0837293156969925,-1.3127169695063894
4.963,-0.8313088976964806,-1.0950002855385674
4.964,-1.1433519578837308,-1.5459029970079738
4.965,-1.0497281086364252,-1.4066885515122676
4.966,-0.7225309982259696,-1.1171735802164113
4.9670000000000005,-0.426086522393213,-0.6904199540638727
4.968,-0.2859440478115065,-0.493216154253215
4.969,-0.1736044300231859,-0.19874452241046675
4.97,0.0777025188665459,0.1679203291984132
4.971,-0.060137816329755,0.20202310047342484
4.972,-0.1710814146811234,0.2158319747956512
4.973,-0.480247537984065,-0.00180779635169568
4.974,-0.433042346305009,0.13871402944660585
4.9750000000000005,-0.3731222919250303,0.15745902181110025
4.976,-0.3538864638789337,0.22173958111074774
4.977,0.2213409581305757,0.6096727315508466
4.978,0.6025080816006172,1.0004281845262963
4.979,1.3669477900060372,1.463609590112703
4.98,1.3101953076850366,1.417145778759571
4.981,1.611732210367896,1.370809324000664
4.982,1.3871280413512657,1.2004254611215157
4.9830000000000005,1.0664064117711116,0.5648323666685907
4.984,0.6643470059359218,0.2911746305970791
4.985,0.3920447077128689,-0.19729736210936166
4.986,-0.0182112563201216,-0.40362607808474416
4.987,0.0323485534119346,-0.4391366796624134
4.988,-0.8206548165002352,-1.0446743641648313
4.989,-0.5284254216467007,-0.720044129727037
4.99,-0.5875913565147316,-0.5435317743776837
4.9910000000000005,-0.6598202028462282,-0.5139727349460228
4.992,-0.7472035101146972,-0.43536600182717977
4.993,-1.0314838395927488,-0.6164586940629353
4.994,-1.0144747356782131,-0.5418374148766769
4.995,-1.5817703280894977,-1.0652021596702492
4.996,-1.468413454403377,-1.0083443068727205
4.997,-1.3758263708403184,-0.9598257141533111
4.998,-1.1946458756230718,-0.9212699980137166
4.999,-0.5735484920753842,-0.4165395801266686
5.0,-0.0747496543416196,-0.09605973986323063
5.001,0.6377600211003803,0.4819735989696879
5.002,1.1109106976240548,0.7957530539362649
5.003,1.338631223690807,0.9409884674559391
5.004,1.701121670826561,1.2034360527942922
5.005,1.6402282075932888,1.1681462228116284
5.006,1.213937599085633,0.7151307053730758
5.007,0.9439528998638742,0.5958419363841908
5.008,0.8755565605811664,0.5600673541791871
5.009,0.677268196003759,0.6050916408474298
5.01,0.4071913535859416,0.3945507203750885
5.011,0.3900864900188081,0.6400515559955332
5.0120000000000005,0.754009018532881,1.0551706349535364
5.013,-0.0370171873864348,0.45714830310697213
5.014,0.0136236035314998,0.5274035745808362
5.015,-0.4719205996722971,0.09394308692988593
5.016,-0.9336741915122226,-0.3830833208001241
5.017,-0.9591798861539778,-0.5227351783204095
5.018,-1.4630852039102866,-1.0607177293599308
5.019,-1.66236754671757,-1.508340680503823
5.0200000000000005,-1.8365783700265257,-1.7075819482580041
5.021,-0.958857009326322,-1.1342551232924927
5.022,-0.8189028150328072,-0.9818177364727331
5.023,-0.4322406105023094,-0.8605923977154579
5.024,-0.1493997038672535,-0.50999463958256
5.025,0.1368927873635579,-0.3742544643246374
5.026,0.2268220128422702,-0.161997612592001
5.027,0.5917858139625025,0.19618975875168812
5.0280000000000005,0.3580446353081015,0.11932544063526024
5.029,0.1032489474565098,-0.026382125986811472
5.03,-0.2212093524977473,-0.19218718690618053
5.031,-0.4578648654099619,-0.2768386627843566
5.032,-0.0401821147449328,0.26752676883758475
5.033,0.125278934709639,0.5392367366249998
5.034,0.8473749498107448,1.3335220630159108
5.035,1.048654206319907,1.5262564216376622
5.0360000000000005,0.9646473270924982,1.456154972496407
5.037,1.2412907897635703,1.5871201457732078
5.038,0.6932849631497934,1.010624421353558
5.039,0.7109544958466261,0.7780354992315788
5.04,0.1552233117992077,0.18184043436857578
5.041,0.0730098302969115,-0.1812519810869451
5.042,-0.1339234271123254,-0.4060595115417948
5.043,-0.0490671389578478,-0.5459701778445011
5.0440000000000005,0.4795605356917254,0.012768262104532191
5.045,0.2616346465242948,-0.3060994111160112
5.046,0.1570411365171209,-0.3281512259673195
5.047,0.6573062350554877,0.22001206865191858
5.048,-0.279534368083367,-0.6027626696265868
5.049,-0.5686304470491678,-0.7206735993247919
5.05,-0.7818850449307018,-0.8281018101711215
5.051,-1.5886009088903197,-1.406202066369492
5.0520000000000005,-1.4264300812654531,-1.1903600088992408
5.053,-1.9796839721116115,-1.5377537323909638
5.054,-1.4232340747770085,-1.0122150405424004
5.055,-1.2565242453624492,-0.7244677249038144
5.056,-0.6413953976120151,-0.23514015559350127
5.057,0.3389980068699031,0.7628284475613972
5.058,0.1893547811154259,0.4075952232275305
5.059,0.6362157687759982,0.7997027949748918
5.0600000000000005,1.0054089946028422,0.9199335191284422
5.061,0.7927812716519352,0.6461841774022185
5.062,1.2949452924130016,0.9032519616643355
5.063,0.7822469876216165,0.39559970789433985
5.064,0.6951164709800941,0.10993027066155778
5.065,1.1106515668348045,0.6463566387589506
5.066,1.3801038107413612,0.7869000705581087
5.067,1.4486171216220016,1.0997229343766834
5.0680000000000005,1.725842992052615,1.3126459855784158
5.069,0.877406434855247,0.7943439501096061
5.07,0.767914328821014,0.65339467058943
5.071,0.068234355386005,0.30136194178139003
5.072,-0.3077410274865159,-0.12030361926168522
5.073,-1.031976668333012,-0.551744374976282
5.074,-1.463519600123972,-1.0879766964804973
5.075,-1.852810559219925,-1.2882512670382207
5.0760000000000005,-1.4876055852276044,-1.1112877266085306
5.077,-1.4101296954469338,-0.9568635180057414
5.078,-1.0904968794362917,-0.9013934731124217
5.079,-0.5744239548101346,-0.3882285302635658
5.08,-0.4352287641962971,-0.5484293489249755
5.081,-0.3614498085468545,-0.5015727162945756
5.082,0.1228631647154119,-0.28932972153102493
5.083,-0.1118631230874075,-0.5211447328903015
5.0840000000000005,0.0072076346564821,-0.5826721896566219
5.085,-0.1611580397832592,-0.6894663419644176
5.086,0.3608664053364929,-0.21375814102759355
5.087,0.3064704151312583,-0.1551840343813031
5.088,0.2539382883851543,-0.11489381164186921
5.089,0.9859920209301664,0.7423893958040416
5.09,1.3313224047833103,1.2832976485551872
5.091,1.2199646212644046,1.255209633147264
5.0920000000000005,1.3312704629691043,1.5996334174417302
5.093,1.1295036982419298,1.3918787389038867
5.094,0.294353425011723,0.7568512868411377
5.095,0.7218963679027084,1.067814331916472
5.096,-0.027474058047211,0.43596914939655207
5.097,-0.2542895109319877,-0.0043923931832925665
5.098,-0.3620739585185368,-0.08763517238298668
5.099,-0.3713856571057315,-0.3627378064467987
5.1000000000000005,0.040766884716733,0.011645186162314358
5.101,0.2200844818943566,-0.06484963255000246
5.102,0.5151007769930324,0.18554642112986328
5.103,0.6908786288940065,0.1767564668380814
5.104,0.3240263062567921,-0.1887436196849796
5.105,-0.0299390228270592,-0.6136829091107348
5.106,-0.7719266000149207,-1.283731332526835
5.107,-0.9778005719580732,-1.4360573245400268
5.1080000000000005,-1.1778648018054274,-1.5091358877486973
5.109,-1.081761429888651,-1.2582656902523088
5.11,-0.8905402514238013,-0.9345706432578951
5.111,-0.8711070102626726,-0.7085733951275769
5.112,-0.5086154482186261,-0.2713921807878557
5.113,-0.4630842337413306,-0.026151911523423756
5.114,0.0732856368085911,0.47622490737860357
5.115,0.4736790496241804,1.021637285078576
5.1160000000000005,0.0731895987364657,0.4618707439660379
5.117,-0.192084101451978,0.2652870484815819
5.118,0.4143704893899294,0.6139660333620487
5.119,0.1468732498778727,0.34868838087283294
5.12,0.4942915804620792,0.40286101573944005
5.121,0.611305325573951,0.4910335148685893
5.122,1.3921581414538566,1.0205363952333943
5.123,1.541923922898407,1.1560661191219979
5.124,1.3686881128937622,0.8374501935223895
5.125,1.8000988527809936,1.3054985543222066
5.126,1.4325993135407258,0.9271167017032022
5.127,0.8044728785356766,0.396578184038311
5.128,0.3206626348415441,0.021212802136587473
5.129,-0.4288470162081317,-0.5924099148677789
5.13,-0.7038514376479608,-0.6910758851426412
5.131,-0.9955487302663948,-0.85576123243506
5.132,-1.446154862882417,-1.1307711775605955
5.133,-1.4177901276729208,-1.0358842149503174
5.134,-1.128935487274166,-0.634905564999025
5.135,-0.976636587755916,-0.5091217003381596
5.136,-0.9869583684012284,-0.5078996131817705
5.1370000000000005,-0.8925411467086876,-0.5298351532974909
5.138,-0.876815743630361,-0.6048556284954091
5.139,-0.9009691431531132,-0.7938518551995134
5.14,-0.8026071392757976,-0.8571302005223329
5.141,-0.4817352563942049,-0.6836314921871314
5.142,-0.4150309862311613,-0.7977063980133334
5.143,0.1129536565502389,-0.33412706380794394
5.144,0.7845280692314163,0.19142582290916882
5.1450000000000005,1.113173427297105,0.5766648655420268
5.146,1.996621155703032,1.387521258632559
5.147,2.0525002195124564,1.6136840737730016
5.148,1.607268154145407,1.1816344910016832
5.149,1.369245883747712,1.1738863742656216
5.15,1.17372331693718,1.0619884428684259
5.151,0.4314287411296044,0.5272912975612728
5.152,0.3842035028329839,0.5998764925515656
5.1530000000000005,-0.0106212549054797,0.30821838382299716
5.154,-0.2534911981189222,0.18254688420899626
5.155,-0.3391616434614103,0.04564321324999486
5.156,-0.435907048365267,0.03492981487332446
5.157,0.34726640109697,0.613619481083643
5.158,0.0118137827288466,0.32534095823395937
5.159,0.2125703609966448,0.22022433277489867
5.16,-0.3102001552960389,-0.2785092368842411
5.1610000000000005,-0.6692792373377867,-0.9623267019113574
5.162,-0.7916316955638402,-1.051599412058533
5.163,-0.8952284574301292,-1.4158343541113168
5.164,-1.114622708545851,-1.5588605180918715
5.165,-0.6585726521397772,-1.2445347713261208
5.166,-0.6408784754225527,-1.0874727359414846
5.167,-0.495591455001555,-0.9555014977379666
5.168,-0.0491052542234568,-0.3127467056000258
5.1690000000000005,0.1719831991002358,-0.012852317281890305
5.17,0.1925360048122281,0.22848916613713302
5.171,0.2656040900160281,0.40612361291390986
5.172,-0.1824352558191575,0.15579179202715393
5.173,-0.0352957876103958,0.3623399019996247
5.174,-0.3008206359345839,0.22717612050751257
5.175,-0.4394679091247271,0.05367923118947136
5.176,-0.0390116487268474,0.4942905330948344
5.1770000000000005,0.0863514760041559,0.4813757970713179
5.178,0.6589293313408703,1.0117910416120581
5.179,1.3080920065149138,1.4536284175274057
5.18,1.1967997741742866,1.2532814890568664
5.181,1.6175199962100657,1.4624570214621633
5.182,1.2582812179374137,1.0166142290447655
5.183,1.0183559630409575,0.6305882957399656
5.184,0.7041211411649244,0.27743374428076584
5.1850000000000005,0.4033507436610244,-0.05716360909513829
5.186,-0.2992658224313634,-0.7265199944827236
5.187,-1.0193936901434846,-1.361901685876452
5.188,-0.2209119823968223,-0.4648806873303991
5.189,-0.5112482767752189,-0.5860307209918862
5.19,-0.7866395698523305,-0.7364177539617174
5.191,-0.4720011262847149,-0.22596555107727004
5.192,-0.5872094989802037,-0.24953078007433027
5.1930000000000005,-1.0303232946222316,-0.5272544361510391
5.194,-1.5899699703780188,-1.0879893955363857
5.195,-1.6802477524633306,-1.078449910832461
5.196,-1.6869128527493709,-1.2131996115211845
5.197,-1.435335759520579,-0.9303317814362334
5.198,-1.1460909405012096,-0.8877094545374931
5.199,-1.0110752321149148,-0.7637237319902477
5.2,0.2970959736226759,0.23143765169447433
5.2010000000000005,0.4788128947245598,0.40191651668029654
5.202,1.1802716188412157,0.8025753726154519
5.203,1.599750313525396,1.2509513277797168
5.204,1.9291023918787924,1.3677845355162912
5.205,1.6739385498553356,1.2038207652399078
5.206,1.396866119971562,0.8483039099797791
5.207,1.0936562712911404,0.6923128648292749
5.208,0.7178739909866854,0.3727671075758566
5.2090000000000005,0.6916225839751806,0.5146819982266552
5.21,0.4521245847386326,0.42486498120259647
5.211,0.2962743458270697,0.40484192973959837
5.212,0.4203412252573253,0.7072695745964993
5.213,0.0951469513468128,0.43291939292774295
5.214,0.0207878309528741,0.5022522956042351
5.215,-0.0354447464198516,0.38074362800697636
5.216,-0.6249358360857776,-0.1394974409182531
5.2170000000000005,-0.915539846194826,-0.6069751821998981
5.218,-1.5330135301895602,-1.2333716550357425
5.219,-1.3727104855789567,-1.3209360593765431
5.22,-1.2428833902805994,-1.2461373498327184
5.221,-0.9202563516062487,-1.179868366013569
5.222,-0.7497514697224787,-1.05529891525533
5.223,-0.2121980538919826,-0.7218894223822266
5.224,0.0561741194086255,-0.43330484757157184
5.2250000000000005,0.3103892396645795,-0.2952923360055226
5.226,0.5571181334339197,0.07450373495138915
5.227,0.4269427186074905,-0.08625378017632784
5.228,0.0572659824399146,-0.2287696144206003
5.229,-0.0043596772026337,-0.27356477518330724
5.23,-0.2912536883438502,-0.2653862351454165
5.231,0.2386242713900896,0.2710150566266907
5.232,0.2153963381669822,0.5497800667396986
5.2330000000000005,0.2187046371749091,0.49581597371356745
5.234,0.6892520386809269,1.2115138889706651
5.235,1.271953816837596,1.6454565701737849
5.236,0.675370308268834,1.1939460696404118
5.237,1.1212943213850315,1.4090978069498024
5.238,0.7126564317965008,1.0384667209557588
5.239,0.2870406969093829,0.3432128339205765
5.24,0.2161656956824578,0.2350029464402743
5.2410000000000005,0.2365855823274773,0.007477797404518122
5.242,0.2220532547191806,-0.06169560352423317
5.243,0.1600520517655386,-0.2943040747308415
5.244,-0.161628573254874,-0.6266874250202062
5.245,0.055101278568206,-0.47287262001369307
5.246,0.1947561678157655,-0.2601700247213818
5.247,-0.0499175994214986,-0.4656404242602191
5.248,-0.1881513694686692,-0.4449013364106593
5.249,-0.4651279149981944,-0.6193265852748246
5.25,-1.0605612492620553,-1.0072495794443483
5.251,-1.2489166319715963,-1.0862405586219708
5.252,-1.578071408695897,-1.2228133349463606
5.253,-1.729302807256489,-1.3098546607572157
5.254,-1.4617570072443726,-0.9303607956519345
5.255,-0.936882691819161,-0.41354462707663325
5.256,-0.4884743387537552,0.02340963170326906
5.257,0.1299653490972505,0.5695751321021938
5.258,0.3222011714884363,0.6241939226383986
5.259,0.4382258688015779,0.6423115553883043
5.26,0.5833306172790504,0.5637658950993318
5.261,0.7816051455931909,0.6902908233396609
5.2620000000000005,1.2196562050942374,0.8895733986721958
5.263,0.7593414837113153,0.42572905053117266
5.264,0.8171945254907951,0.3081228442510386
5.265,0.851442201013478,0.4195961087808404
5.266,1.2025441137474562,0.7184678942447019
5.267,1.467408447665821,1.1158491220613214
5.268,1.289716595983771,1.0318579580763474
5.269,1.0540737956758484,0.9263064103613025
5.2700000000000005,0.86720276892945,0.959205588762235
5.271,0.3076525461122625,0.45605786192529335
5.272,-0.4942820295307475,-0.05284520766203583
5.273,-0.886049340948731,-0.5206553700007126
5.274,-1.8126633150334803,-1.1469314323716973
5.275,-1.540630351573102,-1.105574206915716
5.276,-1.6627078246840907,-0.9767563008205603
5.277,-1.416660192953515,-1.0887615526550352
5.2780000000000005,-1.3566701314283105,-0.8584590808217056
5.279,-0.8658637474856113,-0.7807054746948126
5.28,-0.8132750229902324,-0.6389965242735971
5.281,-0.1816680611974302,-0.37885362241974724
5.282,-0.3801574169430882,-0.545815046744593
5.283,0.0620649776896169,-0.34403823080096135
5.284,-0.2813926854834563,-0.6792504189685721
5.285,-0.2616064535630332,-0.7176927247651336
5.2860000000000005,0.0602700369753314,-0.3807905590256306
5.287,0.1066617972994198,-0.21576851367911673
5.288,0.6524096700124112,0.36589838580641904
5.289,0.4771034625174372,0.42675298272110046
5.29,1.2483700922817216,1.247462517055271
5.291,1.2844796646885066,1.5467294845229145
5.292,1.2072135804734068,1.506764164311894
5.293,0.977358981834697,1.4787179567886126
5.2940000000000005,0.3369801158785592,0.8315077586303149
5.295,0.1567305886932715,0.7354749668622145
5.296,-0.4475293060785325,0.05922899383556213
5.297,-0.443997467472642,0.020960625062753896
5.298,-0.0946682059578108,0.23762072486157648
5.299,-0.3031024960900207,-0.10158667023058629
5.3,-0.0999012676320019,-0.05881898448669144
5.301,0.4000725727671809,0.28690175380635513
5.3020000000000005,0.6836057821388534,0.43150835068013427
5.303,0.2031091369569756,-0.15655590499544433
5.304,0.2676728659485544,-0.1659849854753864
5.305,0.0831961129301235,-0.3593628035592777
5.306,-0.5577976168641658,-0.9935533318307062
5.307,-1.2426419790700125,-1.5700370817674907
5.308,-1.5343718001523876,-1.7958859988091915
5.309,-1.260313332649632,-1.3156003575322504
5.3100000000000005,-1.2480833776357156,-1.2300106450511523
5.311,-0.9389599973794324,-0.6673432611944136
5.312,-0.639210881274134,-0.34601407882734686
5.313,-0.6703806347033722,-0.14233691274456545
5.314,-0.1333543973313871,0.3240187823780224
5.315,-0.2308456570365048,0.382508127228967
5.316,0.0291881473380671,0.4764944723411529
5.317,0.1399057010031696,0.6310295468492313
5.3180000000000005,0.5236908431307988,0.7895403904538483
5.319,-0.0476339884640546,0.15695593332761176
5.32,0.4845402560877882,0.4645977185035131
5.321,0.7254191766795034,0.5865142737921123
5.322,0.9067860380253484,0.6025105696096394
5.323,1.714799638125343,1.30599126414638
5.324,1.701772786375816,1.2202529306235066
5.325,1.9099283824304931,1.4074092548279256
5.3260000000000005,1.3494187255073995,0.8642985855438535
5.327,0.9496626697833924,0.5632707430273938
5.328,0.3834532191818972,0.07090334893911523
5.329,-0.2917113212705849,-0.40084520663832923
5.33,-0.4691703769363915,-0.4958438010879884
5.331,-1.1990527721842192,-0.9810115562107253
5.332,-1.1786781426430069,-0.9116460647208505
5.333,-1.3502274235813667,-0.8846336033747402
5.3340000000000005,-0.8620169624812334,-0.4027327998950587
5.335,-1.2731727121970016,-0.7368789290103025
5.336,-1.2555078527758576,-0.777615964168229
5.337,-0.7957754679441408,-0.39363324415346806
5.338,-1.0361767364115964,-0.7210230836751471
5.339,-0.9457959333198892,-0.8315991811765173
5.34,-0.9597557969480544,-0.9281681404364972
5.341,-0.4719983031801585,-0.6897265083073594
5.3420000000000005,-0.3906466683092682,-0.6572548566207294
5.343,-0.0574766360141827,-0.52433479269957
5.344,0.3330072247436155,-0.13489574177107977
5.345,1.1424150344106128,0.6051555130385662
5.346,1.6816010486443431,1.1832825292611535
5.347,1.7346651090077063,1.334954971248681
5.348,1.8482605248621984,1.4983196600404238
5.349,1.45510927915773,1.35206574762425
5.3500000000000005,1.0138541174179565,0.9296472206274721
5.351,0.3856050195433096,0.6294228869401189
5.352,0.3433086060231118,0.5355991372170317
5.353,-0.274964141890629,0.23789604420180605
5.354,-0.0382276829378672,0.3316452495577653
5.355,-0.2417347699238963,0.3635724513800701
5.356,-0.1670876602310514,0.21166503622795346
5.357,-0.1354184491812086,0.3531020846936573
5.3580000000000005,0.1852905347198215,0.4013874051368955
5.359,-0.3706965545581618,-0.16300447969301407
5.36,-0.5935965086095445,-0.6467355208637018
5.361,-0.4516338416290989,-0.5834661051945623
5.362,-0.7524099793632427,-1.074318231922914
5.363,-0.763091554819976,-1.1672843141763147
5.364,-0.6974804525285907,-1.180377271504247
5.365,-1.1116296162944046,-1.6213713455023018
5.3660000000000005,-0.6949569741783924,-1.1660780419631962
5.367,-0.2082030161548891,-0.6197445813859469
5.368,-0.1086553109172199,-0.3986442556204576
5.369,0.0319119791549346,-0.11628033508460622
5.37,0.1432594085368884,0.13286439200168348
5.371,-0.2985873171269214,-0.11808288185397212
5.372,-0.4346571604134572,-0.17776597732579677
5.373,-0.1402915202573844,0.31006266943381666
5.3740000000000006,-0.1899933691863227,0.21552461743667217
5.375,-0.2330415304023878,0.32584822037329114
5.376,0.1811534505807663,0.5577959617878634
5.377,0.5768612503233532,1.0400860503548006
5.378,0.9450816182548558,1.1279453504945092
5.379,1.0492211061585903,1.2453623181265667
5.38,1.9120277838342807,1.815591896235625
5.381,1.1817556461189946,1.0358314080297804
5.382,1.369537465647816,1.0230074995971652
5.383,1.3210456113221591,0.8821546446167188
5.384,0.6545445238964148,0.19219857390240092
5.385,0.4701038527113311,-0.107730557090296
5.386,-0.3434839825472123,-0.7323583912815045
5.3870000000000005,-0.2296846824163271,-0.7466472486223746
5.388,-0.6007759752062498,-0.7431592766007998
5.389,-0.4710778163910975,-0.7575850773589198
5.39,-0.7131924049417167,-0.5181189765702385
5.391,-0.2557374108018413,-0.23575859069159286
5.392,-1.305005705539339,-0.799981682290983
5.393,-1.3633711304896656,-1.0807792400368466
5.394,-1.3514914232746689,-0.6760716194960394
5.3950000000000005,-1.7004865701092045,-1.2985212929113763
5.396,-1.8659466348826543,-1.2237753894103969
5.397,-1.1163569948574954,-0.7782805968684524
5.398,-1.2745931474768144,-0.8608102134668253
5.399,-0.3737279028155061,-0.24875399980019247
5.4,0.12740456583675,0.19710841961336795
5.401,0.630264613712495,0.48647119589781634
5.402,1.1070711216984388,0.8388875148446543
5.4030000000000005,1.368778343605602,1.0161809991457673
5.404,1.5004557645352548,1.0195844385160617
5.405,0.9284992491788268,0.5194538823367356
5.406,1.2151758329430569,0.7182953908993441
5.407,1.21159043429986,0.9316493363340413
5.408,0.9129409425984852,0.5944318732298192
5.409,0.77151586730199,0.7672991950782391
5.41,0.7127624192953902,0.6927997806171199
5.4110000000000005,0.4665902295397848,0.7879589875148933
5.412,0.6091591496473955,0.8902671373519033
5.413,0.0236458554867014,0.6030085734154854
5.414,0.0396047828199879,0.5073229332070198
5.415,-0.6872385166538175,-0.010201098826491357
5.416,-0.6084470027454919,-0.1416792778952322
5.417,-1.160090768467032,-0.5778193150291229
5.418,-1.541366352814451,-1.2650285207012804
5.4190000000000005,-1.634882754253986,-1.2993276415128567
5.42,-1.5190647309046552,-1.552159804166614
5.421,-1.3850778637307968,-1.3515736123266093
5.422,-0.7658739356722006,-1.1101431060027387
5.423,-0.4437870235347754,-0.652703388006004
5.424,0.0946585120572843,-0.4425449066447045
5.425,-0.0103673080868558,-0.31310550108157764
5.426,0.525363129499303,-0.010214977928055667
5.4270000000000005,0.1162509743871635,-0.10237520741064224
5.428,0.3629774628451527,0.02586103042888962
5.429,-0.3525004242818437,-0.3493512859518126
5.43,-0.355494429748901,-0.371035504250833
5.431,-0.3661068333095209,-0.09674210113491041
5.432,0.3570305589095353,0.6643581286358097
5.433,0.6342372749057269,1.1047467458437255
5.434,0.580390554111891,1.0893914188310254
5.4350000000000005,0.6903168160322751,1.2127419672764752
5.436,0.4611901460804036,0.9748552406888844
5.437,1.0926520978388732,1.4898619232085863
5.438,0.8470641144972128,1.1690170280424783
5.439,0.8555769873598669,0.9893492708976835
5.44,0.4840850370974751,0.4949301763971117
5.441,-0.1154554340801581,-0.2918476150185189
5.442,0.1003653849101126,-0.1969207099597135
5.4430000000000005,-0.3035945750258994,-0.72595961271115
5.444,0.0211178831917721,-0.46185907093601325
5.445,0.3729046788661476,-0.141182805860132
5.446,0.3593609178724506,-0.1168182137306076
5.447,0.0896697562073537,-0.3267049696315776
5.448,-0.2726668955892025,-0.5557295488458724
5.449,-0.53024501459723,-0.6941732439141997
5.45,-1.0343076859284055,-1.0171497299918615
5.4510000000000005,-1.3080578854575131,-1.157839220815723
5.452,-1.9316653561670312,-1.6275681295379008
5.453,-1.686396369293258,-1.2773042439974946
5.454,-1.4514447481759367,-0.9881108752664827
5.455,-1.1146864694418863,-0.5983365116198849
5.456,-0.2905895897155728,0.14005661252813423
5.457,-0.0686797381070771,0.36505590103408253
5.458,0.6151860738076302,0.8311738139806116
5.4590000000000005,0.6231161776343375,0.8191936905008947
5.46,0.7573968730511493,0.6564787691384261
5.461,0.7193499106449865,0.6170972731998724
5.462,1.0049014210291265,0.604291572161639
5.463,1.0316402066680264,0.6876245058190193
5.464,1.0872939050203512,0.5192286290090641
5.465,1.1599198030717492,0.7254373515182982
5.466,1.2120137778701732,0.6763288045190035
5.4670000000000005,1.2060608610412156,0.8681921667496849
5.468,1.6525094465016823,1.34314924918637
5.469,1.0184061650322298,0.9281074945146942
5.47,1.0444430613156408,1.076851738412601
5.471,0.2516758191622636,0.4664672358595618
5.472,-0.8742269870948152,-0.5075449920327861
5.473,-0.9004087487611778,-0.43795483183194733
5.474,-1.5332216778130587,-0.9609182090091208
5.4750000000000005,-1.752626609734833,-1.1926182741178835
5.476,-1.8281163674922287,-1.2515232569167727
5.477,-1.6635260595952726,-1.1912531584728914
5.478,-1.2114412167752011,-0.8285761480617998
5.479,-0.9433738470780452,-0.7083103918779791
5.48,-0.6152780013786304,-0.5468085307968689
5.481,-0.3892758049037516,-0.44765824675305305
5.482,-0.2856952992211664,-0.5313535804550739
5.4830000000000005,-0.1748158435081759,-0.4681177445387328
5.484,-0.1025290969532299,-0.5439479557189001
5.485,-0.6116551024216336,-0.9891920530844118
5.486,0.0754933273794532,-0.3726714168167564
5.487,0.4256286800532822,0.14858175334327287
5.488,0.4640713838509967,0.19565370343840005
5.489,0.7064069058935241,0.677192144027968
5.49,0.8548791331378643,0.879361122423811
5.4910000000000005,1.0093933106850357,1.2796891786206106
5.492,1.169120093234746,1.4844813900216793
5.493,0.974918407713208,1.4785840907554102
5.494,0.6691220832615407,1.1606602241769548
5.495,0.2066119021415877,0.7828664349073711
5.496,0.2050273623324249,0.6900903587834317
5.497,-0.3795713864856901,0.07434392482599882
5.498,-0.4641600293245208,-0.16630459611108614
5.4990000000000006,-0.2907194216117864,-0.11321000908758674
5.5,-0.1103668966488905,-0.10991679277119656
5.501,0.086955539046291,-0.0649200893350812
5.502,0.2989293349951356,0.004027889057380142
5.503,0.437252929908868,0.025511224494153176
5.504,0.1447318516472198,-0.3323853047878198
5.505,-0.0168391567130388,-0.5226510991594203
5.506,-0.4816144594459924,-0.9603360302547648
5.507,-1.039582962824553,-1.4410289880292548
5.508,-1.022255191662777,-1.3238110996254249
5.509,-0.9428843280418976,-1.084897229814113
5.51,-1.1950193701805545,-1.2107993073288361
5.511,-1.1236109748368182,-0.9533507921143992
5.5120000000000005,-0.5738380364876465,-0.3069024945274489
5.513,-0.6080801589292498,-0.19454481452309336
5.514,-0.0101806238129055,0.42580676090508884
5.515,0.5031598661893935,0.9962693214487033
5.516,0.315241027031733,0.7394013747407213
5.517,0.1465867577012549,0.5238662780636736
5.518,0.2020209026658842,0.4354273885910844
5.519,0.3299827661590516,0.43886246888821645
5.5200000000000005,0.3701056063402897,0.3046795224689848
5.521,0.5829408152940618,0.3722309259697865
5.522,1.3515430234457375,0.9924476629545413
5.523,1.6150872773218503,1.1552205049378665
5.524,1.669540741790874,1.1344082414173833
5.525,1.9800891470273645,1.4369136948021315
5.526,1.517199116188905,0.9920608156209866
5.527,0.6779366412426586,0.24928627805726505
5.5280000000000005,0.2173227159380079,-0.11386059254408364
5.529,-0.2265446266785285,-0.38718064107967765
5.53,-0.8108924930823641,-0.8359189785075607
5.531,-1.095049829831159,-0.9377437111879771
5.532,-1.0072802291263954,-0.7278559438144294
5.533,-1.4764639367591146,-1.0742487138617922
5.534,-1.629179100916082,-1.1599732323919916
5.535,-1.0706065444733324,-0.5918199271864639
5.5360000000000005,-0.6739990223250213,-0.19918960248286507
5.537,-0.7905602086014681,-0.4345970976399515
5.538,-0.9358900536893698,-0.6394859488756212
5.539,-0.7335025229619362,-0.6548879095908523
5.54,-0.7771004321034828,-0.7740458578959806
5.541,-0.6605064078898771,-0.91015013862468
5.542,-0.4154233376387862,-0.7087367441759779
5.543,0.2115130091706757,-0.29414836123671717
5.5440000000000005,0.3872349943564392,-0.0927657260816298
5.545,1.085814768338182,0.4921609259535855
5.546,1.579452261876034,1.0935874058309378
5.547,1.982332926211292,1.500363921268407
5.548,1.7711999739720137,1.4630735767443899
5.549,1.4617713603845313,1.2463886293294306
5.55,0.995065156350899,0.9813067572272708
5.551,0.5921388126574275,0.6941488874846493
5.5520000000000005,0.1878584896184476,0.4735722497754825
5.553,-0.2826678817674093,0.0648693563965039
5.554,0.0975127970287757,0.5741548391420964
5.555,-0.0895284672926593,0.3382595064376694
5.556,-0.4402845660326097,0.04631380041163731
5.557,0.2256988109872257,0.5401581293685638
5.558,-0.1727751353576568,0.13918582701678117
5.559,0.2253835296016907,0.2798806785371566
5.5600000000000005,-0.0637262608113802,-0.04439848637693451
5.561,-0.6882806333974977,-0.9364837854092642
5.562,-0.824745337909682,-1.1055577669075953
5.563,-1.250128762406997,-1.7223514382361416
5.564,-1.2756764503919855,-1.7529809177217894
5.565,-0.7688464363390825,-1.2929763203784872
5.566,-0.5262616049353037,-1.0268002154085618
5.567,-0.1908232680843874,-0.5651202928370457
5.5680000000000005,-0.2817380242415211,-0.6295775209767905
5.569,0.0654046321602329,-0.004676460477433697
5.57,0.5560182326183808,0.47280316091377084
5.571,-0.1388826327207751,0.14151858852718052
5.572,0.0013410477519472,0.18974932551125717
5.573,-0.4449113652897934,0.10358188025957643
5.574,-0.2684985255348849,0.09328962932624736
5.575,-0.3620548100776998,0.27185802365617173
5.5760000000000005,-0.0724837226147322,0.2999102983751326
5.577,0.134297603301816,0.6377530264702823
5.578,1.1669778473766772,1.388428853277016
5.579,1.0571592325299417,1.2612910768279768
5.58,1.579668534103579,1.5549484458786829
5.581,1.952708705489122,1.798221438660276
5.582,1.106629110854806,0.845693004055584
5.583,1.075272968097003,0.6331203751390335
5.5840000000000005,0.7289538535996559,0.34473733150518876
5.585,0.1445405198486511,-0.41294007778689207
5.586,-0.2632766187730236,-0.5970948908372288
5.587,-0.2263711702182461,-0.6920338941401789
5.588,-0.9279274142217084,-1.043373753557974
5.589,-0.3415412626676873,-0.5522518299818849
5.59,-0.6725834364856269,-0.4728122997395464
5.591,-0.9044155763733182,-0.8022307699738468
5.5920000000000005,-0.9257206088791996,-0.4246852220193664
5.593,-0.8564645989062708,-0.5091917290684839
5.594,-1.4295872562033105,-0.7508966868687673
5.595,-1.4553900089450498,-1.02858809207719
5.596,-1.8125294885634264,-1.14718753818817
5.597,-1.5019503480681742,-1.1935368230665273
5.598,-1.121916478573955,-0.6599568437513933
5.599,-0.4168997896769719,-0.37949461254638245
5.6000000000000005,-0.5301088354374778,-0.3910578884280854
5.601,0.8937745056449253,0.6123894836736211
5.602,1.2798494391668458,1.0910563408482095
5.603,1.7827212594628707,1.2579940024779763
5.604,1.4672411373151313,1.061876761280777
5.605,1.3588046998146175,0.7600014033324277
5.606,1.0653125737276592,0.6280895511347933
5.607,0.8704620521243753,0.3955537200896219
5.6080000000000005,0.6348679214602144,0.3532179724900994
5.609,0.5693700283396491,0.37025996313170473
5.61,0.5601798516124868,0.5526184250003631
5.611,0.322422229109451,0.4486037818478287
5.612,0.5495065251188322,0.8204723522784793
5.613,0.2979940047543372,0.6791716543174293
5.614,-0.0231716668578513,0.4156235151663456
5.615,0.0697927604215639,0.5430818371647899
5.6160000000000005,-0.5782652298329117,-0.15354757777386438
5.617,-0.9019110158504896,-0.5310684354462454
5.618,-1.1182460912250902,-0.888441651047267
5.619,-1.2226859549644633,-1.1085390655107143
5.62,-1.4348005773547483,-1.5073153257408693
5.621,-0.998151492932148,-1.197522756667814
5.622,-0.0740136646365262,-0.4391825108623008
5.623,-0.4715361229544222,-0.9222297768405588
5.6240000000000006,-0.0979884332780959,-0.6317724497978039
5.625,0.3091113063842189,-0.2341110123401013
5.626,0.5215798169535227,0.009268304889605963
5.627,0.633174045455888,0.19410825650098001
5.628,0.3200537012561259,0.011602054715555355
5.629,0.3249297042125219,0.1508697254626144
5.63,-0.0287019405093263,-0.0289279800915829
5.631,-0.3322570674902861,-0.17757285636691184
5.632,-0.1482409659657523,0.1467463024711406
5.633,0.1838398964216334,0.6089539335068165
5.634,0.2991316257468881,0.7655453338930049
5.635,0.7003804484640579,1.2369181792394541
5.636,0.659333165681468,1.111969381487114
5.6370000000000005,0.4435719416130669,0.8911761898296133
5.638,0.8592668291681017,1.123724143958455
5.639,0.5214328758688488,0.7136088897088899
5.64,0.3571278453943407,0.33702079396528506
5.641,0.027961989856836,-0.1047955257794125
5.642,0.0918507018827421,-0.19485481584207423
5.643,-0.0044842252059493,-0.407923597108803
5.644,-0.0332152315324124,-0.4620684569421906
5.6450000000000005,0.2241326449556122,-0.2920344593036922
5.646,0.2545399693194457,-0.13410457385287194
5.647,0.3617123618827739,-0.06561342266047562
5.648,-0.1391382746184769,-0.31780773914005833
5.649,-0.4702714826305422,-0.6413987018117929
5.65,-1.4022715615066177,-1.2792762325595186
5.651,-1.4556213189311673,-1.303398491395015
5.652,-1.9819785888089765,-1.5787991294728492
5.6530000000000005,-1.7622879199237085,-1.3476543125662575
5.654,-1.6867769312022718,-1.1292724250014627
5.655,-1.0030583933810957,-0.49312024834319257
5.656,-0.0038482475056693,0.5259632255972
5.657,-0.2443442898464362,0.1517057361840182
5.658,0.5274361390177147,0.8596194687080473
5.659,1.0261148332699508,1.1384440482291125
5.66,0.8428559239898425,0.8817497878160009
5.6610000000000005,0.9512299011777352,0.7164555197647928
5.662,0.6890779068706637,0.4473548224092468
5.663,1.1540081796994623,0.6412558985244846
5.664,0.961003555627736,0.5536253627657707
5.665,1.2802519523946536,0.6663452474370515
5.666,1.1589339661743956,0.7594628427696152
5.667,1.3919328253030054,0.8952500617144026
5.668,1.0970027850123671,0.8718191200813744
5.6690000000000005,1.0586506262709543,0.8570095400779849
5.67,0.706925445619117,0.7519704917578107
5.671,0.3500654917688375,0.5137304865080402
5.672,-0.1060639486143268,0.19825964791384626
5.673,-0.9556427201002712,-0.4907774353811465
5.674,-1.517926823540091,-1.0673803620454776
5.675,-1.5574940373201522,-0.9668352699218217
5.676,-1.6901674611066435,-1.263738025824202
5.6770000000000005,-2.2562594791641324,-1.7620239352933813
5.678,-1.3544445532563587,-1.1118861244846525
5.679,-0.8415225664007482,-0.6312461685144493
5.68,-0.3853525040894997,-0.41162500839464194
5.681,-0.3296476411711923,-0.48804171416393294
5.682,-0.218353750943049,-0.48839089975422506
5.683,0.3515606380873574,-0.12876215793938034
5.684,0.1396269421425821,-0.2469848417959572
5.6850000000000005,0.0944124899971176,-0.5501506385134272
5.686,-0.3712215763981289,-0.6930396790725604
5.687,-0.0056939193460031,-0.6069701400893313
5.688,0.3095065639225394,0.21778667348240036
5.689,1.2501240212889355,0.8719409751508774
5.69,0.629361919599499,0.8519491326299374
5.691,1.4590788991632464,1.391119621026036
5.692,1.0594886284626317,1.5641350261898024
5.6930000000000005,1.301792729394497,1.509390293171672
5.694,0.6298782114370253,1.2763174692219257
5.695,0.4785611228369851,0.82299906223967
5.696,-0.3757320041382174,0.21360834597384065
5.697,-0.4740229966948746,-0.17793332843898446
5.698,-0.1979257003103294,0.14875640447186855
5.699,-0.0466175484113738,0.04505235147326857
5.7,0.0546988757610157,0.05437177847961115
5.7010000000000005,0.1340487188429818,-0.041623412754577704
5.702,0.2414976052759812,-0.09124258686040099
5.703,0.3458746294232177,-0.040397934423320805
5.704,0.4152157216889312,-0.1227433786230789
5.705,-0.0954306472779877,-0.5372826504572795
5.706,-0.5306120837655288,-1.0815987249022965
5.707,-0.9932859092495446,-1.2987842346460807
5.708,-1.1722214775776043,-1.5499320858316976
5.7090000000000005,-1.224603897874831,-1.242063039058808
5.71,-1.1198825321880372,-1.2109146150371426
5.711,-0.9801377828274598,-0.6604349276992452
5.712,-0.3572205759388808,-0.15975893631437116
5.713,-0.5826369967622959,-0.0021520193778171055
5.714,0.4104616073826464,0.7896075246773863
5.715,-0.0149078426559394,0.650389532042869
5.716,-0.0125911631956563,0.37559941581667367
5.7170000000000005,-0.2945014583551865,0.24495045502078674
5.718,0.1512242329245184,0.37667618378902384
5.719,0.1385254051924764,0.38554612154593787
5.72,0.3145497099459612,0.2730251600418402
5.721,0.8320357587860592,0.7264878102794017
5.722,1.169609219280525,0.8659222359511074
5.723,1.409314013107692,1.0191644507821556
5.724,1.620875814202321,1.168912204291765
5.7250000000000005,1.6035928040530054,1.0978053354604709
5.726,1.2703245929256386,0.8506092345867412
5.727,1.0685938559869552,0.6519392316804073
5.728,0.261604015969504,0.05214112908491807
5.729,-0.4759924673534341,-0.6409374914017678
5.73,-0.8031927454168004,-0.6964378421424643
5.731,-0.7974380058842927,-0.6510939473799815
5.732,-1.2915444788135382,-0.8774718509459689
5.7330000000000005,-1.548150080573025,-1.1541688551323595
5.734,-1.2496591150608138,-0.6516666655832778
5.735,-0.8711899456768722,-0.3894264621173165
5.736,-1.261421513088444,-0.6736448828406094
5.737,-1.212767304181222,-0.8356943372728457
5.738,-1.1139211985163562,-0.7303058871466814
5.739,-0.7926211560362526,-0.6703842303305487
5.74,-0.9304020317844875,-0.872990195275571
5.7410000000000005,-0.5419540811717366,-0.724208715503635
5.742,-0.3394935591979677,-0.6128836249399002
5.743,0.3959535520756632,-0.020766984219039865
5.744,0.8654225737706829,0.3758171584491299
5.745,0.969248521094056,0.48136793538246
5.746,1.456771653051972,0.9413854763228031
5.747,1.6168953234030194,1.2525521355231695
5.748,1.9558357795413368,1.6084316200511324
5.7490000000000006,1.2058223064518272,1.1174939848833296
5.75,0.7795622833513127,0.7235858050981899
5.751,0.5564056031561577,0.7962901847035666
5.752,0.2138024766670232,0.4562482417246865
5.753,-0.3862490025950551,0.11312901491344748
5.754,-0.1365774477765729,0.2949612824313922
5.755,-0.0148244424405562,0.5788000052014955
5.756,-0.1601180415342229,0.2808033619535261
5.757000000000001,0.0003952700634064,0.4866594203721222
5.758,0.2820052991701753,0.55550100828058
5.759,0.0391447390118759,0.25329474423473497
5.76,-0.464480495293867,-0.46089190258935697
5.761,-1.0831375023237058,-1.2097146687128555
5.7620000000000005,-0.9423439851203222,-1.195583816688961
5.763,-1.20247970308859,-1.618589016202433
5.764,-1.085167355044314,-1.4709252182472066
5.765,-0.5637726843959401,-1.1185740898443093
5.766,-0.5497701725775952,-0.8803085130885329
5.767,-0.0266308982836476,-0.5269543938743183
5.768,-0.3323659248577087,-0.4292775185587828
5.769,0.3760407831966343,0.09232327369434032
5.7700000000000005,-0.251788704871851,-0.015910375135149903
5.771,-0.0319358197797509,-0.029029498757724037
5.772,-0.4123192316970888,0.13561769253430428
5.773,-0.3641788345112636,-0.1212968998273751
5.774,-0.6752426901247319,0.04788664540214463
5.775,-0.3563589498875718,-0.014802672305224814
5.776,-0.4922236267632583,0.20027303772985067
5.777,0.4311209199889484,0.6949687227130148
5.7780000000000005,0.7126231130905842,1.1734627691541748
5.779,1.4638344129266874,1.5114916114753936
5.78,1.152986463328241,1.2592406196251407
5.781,1.6229343345147746,1.4106378414821616
5.782,1.4256957782870732,1.1774649728428437
5.783,1.1326369498789357,0.7298613460891132
5.784,0.8821802612911751,0.40218975369479726
5.785,0.1040053309041725,-0.332609780624396
5.7860000000000005,-0.1235055566804139,-0.6360275944727299
5.787,-0.2357858325989736,-0.522598513952026
5.788,0.050303768860195,-0.2933624602667517
5.789,-0.4059899792120359,-0.40313275935040993
5.79,-0.4968201646164727,-0.5424053564526355
5.791,-0.7504133086264732,-0.41679621795625516
5.792,-0.6383624813645321,-0.3756525181727583
5.793,-1.224515021108728,-0.6360442585209296
5.7940000000000005,-1.4551486203189792,-0.9943582502585525
5.795,-1.8323262028622695,-1.155879373846918
5.796,-1.4641606849672124,-0.9917388956543385
5.797,-1.7045808077415658,-1.1373026956108712
5.798,-1.333985122694127,-1.0391591703637548
5.799,-0.5804065280628147,-0.2773128969387963
5.8,-0.1779991073902273,-0.17799960515781993
5.801,0.4268099890152141,0.4089963926919421
5.8020000000000005,1.1907870439674324,0.8982104585252161
5.803,1.235557400908001,0.9569648214868086
5.804,1.5322450053749246,1.0700330826914641
5.805,1.3263626515134013,0.9384780305920912
5.806,1.465687737372003,1.0312636287252515
5.807,1.0004330942799158,0.6870548148662773
5.808,0.3995358818463383,0.18892536968750176
5.809,0.2681091600941425,0.17553450352931663
5.8100000000000005,0.5751414722360323,0.7066150105710046
5.811,0.2019333612909907,0.38483805870295085
5.812,-0.0681505789225772,0.3989853972072848
5.813,0.48944168684998,0.8923877674616914
5.814,-0.15808713795789,0.5138305317053322
5.815,-0.228550641631532,0.25193340735797204
5.816,-0.7741298082033651,-0.10494784295987755
5.817,-0.9149441612737887,-0.531174633523007
5.8180000000000005,-1.5427594383398373,-1.08329550620555
5.819,-1.1917805519141658,-1.0438165347992574
5.82,-1.3524470441339278,-1.2318493224503266
5.821,-1.148729363535329,-1.2868251863345552
5.822,-0.8107816300376353,-1.0327231623347446
5.823,-0.6264835495262728,-0.9918500997753777
5.824,0.0748022322277574,-0.3685523205565674
5.825,0.257875877297359,-0.18787449748118662
5.8260000000000005,0.4345504228197014,-0.032792870499852966
5.827,0.0505852888658886,-0.29519010095583886
5.828,0.2095774377106996,-0.08537042508844181
5.829,0.3634039826984951,0.2630784367332555
5.83,-0.269538882848634,-0.27217977947582006
5.831,-0.3361952637406826,-0.13645701079277608
5.832,0.1094781911587674,0.39828961977909144
5.833,0.4430173965398913,0.8842964752633186
5.8340000000000005,0.9371854311312252,1.3992618100899927
5.835,1.0295563709169389,1.5616055824247217
5.836,0.6041366207121779,1.0526063077003789
5.837,0.7534825095301645,1.1890157740614402
5.838,0.8119037739180465,1.0652496570513263
5.839,0.3327271062704949,0.5180428020464145
5.84,0.3491114667965159,0.30247167002735464
5.841,0.0126409386979933,-0.11381727527603412
5.8420000000000005,0.0290831341036776,-0.30510035398837054
5.843,-0.1421478548707713,-0.5250134495456764
5.844,0.2595433107103773,-0.23781331562725622
5.845,0.2485661306338709,-0.23712239745431943
5.846,0.1508192841954164,-0.3223020270728076
5.847,-0.0136489621958904,-0.4064553493832544
5.848,-0.3698313732350738,-0.6416664193706421
5.849,-0.5389039148264176,-0.6741562927257858
5.8500000000000005,-1.0717671703064866,-1.0447904609782284
5.851,-1.2815188511473623,-1.0878747682754628
5.852,-1.5386949456284602,-1.2329462252169432
5.853,-1.6816682010296955,-1.2085655802245001
5.854,-1.3505530015367972,-0.8960246239622941
5.855,-1.3171849964405955,-0.7165426041431574
5.856,-0.9146134498966796,-0.5010133468312506
5.857,0.1426278712414805,0.6735854835651315
5.8580000000000005,1.1502743457170326,1.3469640045332498
5.859,0.5290814783613563,0.8222163641950202
5.86,0.9372140113252828,0.8229413088877101
5.861,0.5417614964259119,0.5207491165240885
5.862,0.9264609116211164,0.5253053358512995
5.863,0.9343386517106228,0.6424910822719685
5.864,1.0547397071561246,0.5007381314581548
5.865,0.9447090819491832,0.5276274808086879
5.8660000000000005,1.1220095129997465,0.6095276582995334
5.867,1.1175020602786667,0.7665231580578045
5.868,1.4334054622002532,1.1446009523975402
5.869,1.3006130611962867,1.178941676944697
5.87,0.5192921907653455,0.5559065292398303
5.871,0.3426038982990698,0.5222116606412252
5.872,-0.3440628655788176,0.0006316378166157793
5.873,-1.1324616183351364,-0.698938188272358
5.8740000000000006,-1.5909844762610874,-1.068807986582379
5.875,-1.764244275024732,-1.2251614508600748
5.876,-1.5197960854122012,-1.0158661797644628
5.877,-1.6467103211344314,-1.1934059406803024
5.878,-1.2258574951285617,-0.928464686548606
5.879,-0.8685238180245902,-0.6606972402044059
5.88,-0.6461128142120064,-0.6664694883971365
5.881,-0.4532234781088605,-0.5573860262039799
5.882000000000001,-0.2167642471281404,-0.5479666662335339
5.883,-0.1289532876837572,-0.49395676665350674
5.884,-0.0414078293307607,-0.5613266236390619
5.885,0.2928940249963853,-0.1854977659924553
5.886,0.4714297861625963,-0.04579481631795389
5.8870000000000005,-0.0345238043479856,-0.4404607716395459
5.888,0.4621234918869696,0.13598444097876522
5.889,1.058060214475671,0.8771383163615641
5.89,1.227780954709941,1.20659424417324
5.891,1.353917760970449,1.4597858111856814
5.892,1.4413357528598445,1.7211684681980286
5.893,1.0906180552602849,1.431740356590529
5.894,0.0864760349720391,0.5468319225773147
5.8950000000000005,-0.0373025512633867,0.39474698093200167
5.896,0.1273207572862728,0.5770547572010507
5.897,-0.090106423906049,0.25182050440365517
5.898,-0.5795593499675495,-0.3283915823061376
5.899,-0.1237574531426147,-0.019339601363207233
5.9,0.1704891721736551,0.11092509455316507
5.901,0.146302678396191,-0.043001610786915716
5.902,0.4293026179993596,0.06594774684449553
5.9030000000000005,0.267391229086332,-0.1576073672256401
5.904,0.3806169024526901,-0.16379507865673715
5.905,-0.5034616934428089,-1.0123922989818959
5.906,-0.7382394864197688,-1.2734981728569428
5.907,-0.75902517494257,-1.1630973756434293
5.908,-1.106365111213027,-1.448413259530771
5.909,-1.0013092360722542,-1.146351051662156
5.91,-1.0620557938685355,-1.1025248111594714
5.9110000000000005,-0.7928312211752743,-0.619047728847108
5.912,-0.5472829392278168,-0.29291952806610905
5.913,-0.145692393659106,0.287839029512467
5.914,0.3139524898402968,0.745944966522192
5.915,-0.0647335570705114,0.471867338124023
5.916,0.124443234061999,0.5520029613819013
5.917,-0.0272374132402621,0.417582363217972
5.918,0.2310598882603169,0.47605437797391215
5.9190000000000005,0.4198704182981322,0.6151137782772098
5.92,0.673446186573606,0.6286099206123295
5.921,0.5370913614388062,0.42372629450596855
5.922,1.2019026437557327,0.8709798962246472
5.923,1.796531742047485,1.4377208824161807
5.924,1.3711966812036531,0.8675366509716295
5.925,1.283041827517737,0.8399772788872708
5.926,1.4041465083318978,0.9079895714523015
5.9270000000000005,0.7292171960258617,0.39820072105506865
5.928,0.2232231123885472,-0.08648468991026206
5.929,-0.1670123318483898,-0.2310616022976032
5.93,-0.7715816754624673,-0.7853328641157129
5.931,-1.607483210773736,-1.3513501847264275
5.932,-1.2079393050367664,-0.9279883294128236
5.933,-1.222105790812805,-0.7150034519859615
5.934,-1.1987065430872212,-0.7391646690342429
5.9350000000000005,-1.3519390834685476,-0.7588925543910594
5.936,-0.9270836301542316,-0.4716392738576694
5.937,-1.2339332072740286,-0.7533458305833617
5.938,-1.1813928101526794,-0.9142424238701581
5.939,-0.5814574472896572,-0.3709792459484404
5.94,-0.8503228533410436,-0.8857621705852833
5.941,-0.6733612961569173,-0.79220893720325
5.942,-0.0879250734846454,-0.42554854195952907
5.9430000000000005,0.2460675242907803,-0.14283086575279988
5.944,0.7964323283363489,0.2727666777308384
5.945,1.0834613569801388,0.5787369891682245
5.946,1.6280930345678968,1.1058611150267013
5.947,1.483794311288121,1.0547423136235732
5.948,1.8827615977048744,1.5472868117297471
5.949,1.4869269217356216,1.2921692282878245
5.95,0.9584094708420972,0.9192495101256226
5.9510000000000005,0.9416549356422748,1.0497682771273467
5.952,0.3447309726149169,0.5915750430039125
5.953,-0.0495996641056103,0.3163003238722766
5.954,-0.2851331257500436,0.12114552248564742
5.955,-0.0884718173355818,0.39486120515950496
5.956,-0.3800962339697802,-0.007391417111381242
5.957,-0.1022858533361434,0.3166485661708601
5.958,0.4210599800388899,0.576669236833641
5.9590000000000005,-0.3680037169717608,-0.16743688388557137
5.96,-0.233642979265796,-0.3976431403818693
5.961,-0.9100516979708696,-0.9950238305790797
5.962,-0.6889123481433528,-1.1549022823321684
5.963,-1.0823020304376132,-1.4069551323048501
5.964,-0.5797166355227223,-1.216699145435412
5.965,-0.8125271593935284,-1.2349414349998489
5.966,-0.8638015246883434,-1.4762965518069746
5.9670000000000005,-0.3830356653252634,-0.7202681734817511
5.968,-0.0620079801606638,-0.46199406924829084
5.969,-0.0954013048484561,-0.19565582592851186
5.97,0.1650257126972175,0.09045462838283448
5.971,-0.1119605840481866,0.08447115668658262
5.972,-0.0849735188879851,0.16460451991604524
5.973,0.1165424380373548,0.5520000196445171
5.974,-0.3543624095532439,0.10765551018847666
5.9750000000000005,-0.6406449888363019,-0.11986307231345855
5.976,0.0777921601281788,0.5745637728501215
5.977,0.2300695073595622,0.6466315025150666
5.978,0.7259265433096093,1.0820230231920278
5.979,0.9243085319306868,1.0874950101475689
5.98,1.3743556467065945,1.4826727592109845
5.981,1.980424086426397,1.8428230985282326
5.982,0.8523761185119715,0.7135100069686519
5.9830000000000005,0.8792589628216468,0.5170068783291493
5.984,0.7523153025623237,0.4727854096015584
5.985,0.0817533332851387,-0.3321234909666545
5.986,-0.1506790133270277,-0.4001748256399161
5.987,-0.1702602061433532,-0.4299090319553507
5.988,-0.6275677590058027,-0.6782037500156232
5.989,-0.4252962184011979,-0.3695013436147626
5.99,-0.6160285329445776,-0.36586422773406624
5.9910000000000005,-0.5517025820611298,-0.12578767100135282
5.992,-0.6301597202324112,-0.08328085439600086
5.993,-1.1742716284047126,-0.4530495252733777
5.994,-1.4228070858809223,-0.6881430833199124
5.995,-1.9089446086253337,-1.0715473575302494
5.996,-1.6012224908308486,-0.8518928750903476
5.997,-1.4929208328181425,-0.7580708970994935
5.998,-1.221375161668414,-0.629587337259169
5.9990000000000006,-0.784626186714523,-0.3305931912557356
6.0,-0.3545661629244827,-0.02701304526907613
6.001,0.2699333934806331,0.36971890190946366
6.002,0.344084380581879,0.40558088148024285
6.003,0.2275605728295141,0.028844010306090812
6.004,0.2719743511778708,0.16935036829851588
6.005,0.6382376236713805,0.301061039527104
6.006,-0.0924825588567851,-0.1944214104622554
6.007000000000001,0.7169481705996841,0.44177226000915476
6.008,0.5095127763308172,0.5712957805206372
6.009,0.3003133498239869,0.24963876657046852
6.01,0.0788083461068661,0.40154818861669206
6.011,-0.1688047641862477,0.06670656052516784
6.0120000000000005,-0.4206663090210786,0.1549123157098573
6.013,-0.1492969724873645,0.31005145487313424
6.014,-0.5672142777073562,0.1485542237806438
6.015000000000001,-0.4184548452107816,0.1033005439605934
6.016,-0.5864224721025836,0.09379171531416944
6.017,-0.3377040353039766,0.04857452058241981
6.018,-0.5338889151923474,-0.061601694252336456
6.019,-0.3135454868887435,-0.22067019306286756
6.0200000000000005,-0.2058919886160111,-0.04452042351403349
6.021,0.2039981338107478,-0.05329757116590586
6.022,0.1064475271388787,-0.03657778052100758
6.023,0.5222785304090133,-0.01803512397209722
6.024,0.1583502632546207,-0.1742915438971871
6.025,0.6527749576137979,-0.004223942111882536
6.026,0.4211110774174961,0.0796894151685525
6.027,0.8638452416757083,0.29302698725324905
6.0280000000000005,-0.1283673645887658,-0.2989071214836613
6.029,0.0572384393284492,-0.2642868649821731
6.03,0.1898552865600161,0.3010148553028706
6.031,-0.2768380792525931,-0.28584242155391254
6.032,-0.4056264871803156,-0.013334747752717794
6.033,-0.1171675154376151,0.1291496448397064
6.034,-0.6427208200219495,-0.08256747112837498
6.035,-0.443800040710621,-0.09395283013304874
6.0360000000000005,-0.7688128952387601,-0.22526515960661705
6.037,-0.1338493710689336,0.13435611004926692
6.038,-0.2180852544377257,0.12255044565369255
6.039,-0.2488212449013948,-0.20789701927394735
6.04,-0.1589368212064577,-0.13851275211745273
6.041,0.2375321526398973,0.001725491727318917
6.042,0.3597051106957002,0.05641977188813887
6.043,0.7836363358249879,0.33718285961129657
6.0440000000000005,0.8350332707987291,0.32022089333953857
6.045,0.593835531621569,0.09291058815817983
6.046,0.4029647981230633,-0.13765852812697046
6.047,0.2119820916551567,-0.15784819345628548
6.048,0.4117280967616843,0.0344565504269178
6.049,0.0223654762699102,-0.0735494896735933
6.05,-0.0738296026655941,-0.16611495350549468
6.051,-0.515420848923662,-0.293283919157078
6.0520000000000005,-0.2543594182747208,-0.05273657512211935
6.053,-0.3657600837342046,0.10119085931190117
6.054,-0.3182180133915385,0.07180504503839162
6.055,-0.5946772250511636,-0.047815689096027084
6.056,-0.4705816966604943,-0.06968990230317952
6.057,-0.1984668358574735,0.23158402351768853
6.058,-0.30837579386929,-0.07592425211501148
6.059,-0.0633582985002515,0.09319276294733933
6.0600000000000005,0.0937700433950974,0.047487409826367274
6.061,0.057103747513332,-0.11928432475909165
6.062,0.4368436817042195,0.11368854629501567
6.063,0.3839208407201454,-0.0656372029196622
6.064,0.7371224850665183,0.24944216624508878
6.065,0.794838144150745,0.2298867591326194
6.066,0.5300598906206748,0.05503787206522664
6.067,0.2088577077794335,-0.27279368945316657
6.0680000000000005,0.0985227525932175,-0.19306064675180734
6.069,0.2307831091806897,-0.0005951977896563928
6.07,-0.309266137440501,-0.32097882180938925
6.071,0.0706909630865411,0.16361698764616606
6.072,-0.2586850169580264,-0.00633974741801388
6.073,-0.4741710398134295,-0.10299690749658734
6.074,-0.2357128208543262,0.15883108164829393
6.075,-0.383774177653401,0.11721383770862845
6.0760000000000005,-0.2571087913527747,0.09897526129335937
6.077,-0.4906209163915277,-0.05405915598916555
6.078,-0.2725967644404081,-0.12465808115441453
6.079,-0.2414377271277939,-0.035446977615688456
6.08,0.29171665087573,0.13850478837428642
6.081,-0.0656460608972454,-0.1651258901484249
6.082,0.4185676233419004,-0.015243989487707985
6.083,0.4377494866547983,0.07707202454282244
6.0840000000000005,0.7041206232082181,0.11775418789323343
6.085,0.4973441927539835,0.020865703029545307
6.086,0.4290373463434943,-0.12074411193335957
6.087,0.7620734531241986,0.3590142575050943
6.088,0.1637131710486518,-0.16858464503946416
6.089,-0.083174905613542,-0.25389502374056705
6.09,0.1038913975811071,0.09519832321955361
6.091,-0.2119197195382046,-0.08348428292838436
6.0920000000000005,-0.1567460175436364,0.15014499616741517
6.093,-0.1577376522685872,0.21971933389028542
6.094,-0.2986023040640306,0.20406845627960035
6.095,-0.4846595955529897,-0.004193180242412869
6.096,-0.8542542384631738,-0.34382537597538493
6.097,-0.6666875319595331,-0.26715400509415443
6.098,-0.3665107686044417,-0.03534696385539254
6.099,0.0420919070043702,0.2110593511737647
6.1000000000000005,0.3045132146878292,0.33987405653093816
6.101,0.2176874184151099,0.0993983862856341
6.102,0.1045579624909509,-0.15912415047065073
6.103,0.4940796858356118,0.14689839365610285
6.104,0.5996840820697356,0.14671987171393974
6.105,0.1672655325898581,-0.25748445656918684
6.106,0.3437095976811073,-0.11874737018943807
6.107,0.2268165233054677,-0.08901836541767856
6.1080000000000005,0.0834604423194398,-0.20831059991308382
6.109,-0.0740212670136599,-0.1306675855058102
6.11,0.0545362832572124,0.04472110807198725
6.111,-0.2743736898674831,-0.01581221107254506
6.112,-0.3957527821437557,-0.123583680132542
6.113,-0.4908353736986605,0.021788583857016965
6.114,-0.3990422492303482,0.044764751272086664
6.115,-0.490738852139464,0.11861647487433882
6.1160000000000005,-0.5426372416910693,-0.10420404618642337
6.117,-0.477080952985413,0.032829863105065665
6.118,-0.365553096679983,-0.10705738375843749
6.119,-0.5176796795439582,-0.2696580945383595
6.12,0.3349283092167871,0.3088335098290085
6.121,0.0387981204378974,-0.0427170257508768
6.122,0.3878635731669083,0.08217631054179309
6.123,0.4564356147311742,0.0987331331788308
6.1240000000000006,0.3538429412326703,-0.11965239956178833
6.125,0.584980373011615,0.10574886068687636
6.126,0.380769463335289,-0.08513309225658171
6.127,0.6388963249725359,0.23539561289437813
6.128,0.3361704180598344,0.05038406123009617
6.129,0.1453044361980358,-0.017895759593795916
6.13,0.0342994326518139,0.03308047346069167
6.131,-0.385317708783905,-0.23882366293484106
6.132000000000001,-0.1849720172893869,0.09485033614344865
6.133,-0.4292161212341248,-0.023975742635235227
6.134,-0.4366118426495801,0.013412339548704098
6.135,-0.283982471543077,0.22995646549975102
6.136,-0.2802599397248652,0.1634573714228347
6.1370000000000005,-0.1462589422340094,0.28554859128474747
6.138,-0.2237688763690455,0.0390815682338755
6.139,-0.281498028650161,-0.0909763860591972
6.140000000000001,0.0258172513681009,0.0030801608949290286
6.141,-0.0535619239790381,-0.1725794380684632
6.142,0.2749328766779066,-0.026262676176654252
6.143,0.4891373878999248,0.10747282921581078
6.144,0.2161356505662838,-0.24504711744900437
6.1450000000000005,0.3516678701291224,-0.15020747949856814
6.146,0.4693619497093264,0.0344407691642275
6.147,0.4272892949445799,-0.01225712276572853
6.148,0.2264715631696179,0.0013873678456722029
6.149,0.1001127459172777,-0.12377667043515952
6.15,-0.1830601173535704,-0.08859758954831137
6.151,-0.2552811895277216,-0.19609581311633376
6.152,-0.1068964377684993,0.2983390157977433
6.1530000000000005,-0.1147808731075435,0.1862715828330872
6.154,-0.8618788855789328,-0.2730632735719638
6.155,-0.5166795468067448,-0.10509368157468583
6.156,-0.8234984880243681,-0.2510329188416594
6.157,-0.1801560162428179,0.17192192893221594
6.158,-0.50143778758924,-0.14279696925071997
6.159,-0.0066795503236452,0.14209583451731012
6.16,0.142485367103391,0.1677028596215615
6.1610000000000005,-0.2276914003020979,-0.34553708416516526
6.162,0.665103185010987,0.36076703792798426
6.163,0.3569017149331449,0.013640587422830145
6.164,0.3103574933163286,-0.198263771366322
6.165,0.4047992227677258,-0.033254953605750974
6.166,0.6162991770017074,0.10155172208162579
6.167,0.3779296793628613,0.015612077153547312
6.168,0.334980201270776,0.009871025919235693
6.1690000000000005,0.4746577976041457,0.33289795630375996
6.17,0.0543980587033105,0.03900617255123913
6.171,-0.1724266503589164,-0.031222491179612993
6.172,-0.265204555934491,0.029593964422842317
6.173,-0.3085793639164865,0.07018236711274219
6.174,-0.2916045018454267,0.19563899038964871
6.175,-0.3990132024568568,0.0806430052291501
6.176,-0.4574740885440451,0.031996891707049294
6.1770000000000005,-0.2251323967244912,0.17955715627386984
6.178,-0.4741651903057114,-0.17254137424690102
6.179,-0.4956576945052676,-0.3136025922381475
6.18,-0.1889867453735133,-0.1928595462194419
6.181,-0.0122383674462097,-0.11551583114398245
6.182,0.1670814872736793,-0.1428866455489105
6.183,0.2807025720833506,-0.060858704026497526
6.184,0.6019014511627145,0.10198974400169677
6.1850000000000005,0.1836400531612251,-0.2562455708558222
6.186,0.7236118725909291,0.22135041954825221
6.187,0.4571068952472452,0.09959161964059494
6.188,0.2431456085045383,-0.07487262699482182
6.189,0.2394563853211078,0.11746566217339996
6.19,-0.2048093759558859,-0.22410655514702918
6.191,-0.0384809123153483,0.14140337649943213
6.192,-0.3666442711142427,-0.08691550106197748
6.1930000000000005,-0.4909598841174808,-0.057080946138111974
6.194,-0.0546850706259081,0.41270944711829394
6.195,-0.0840324670185741,0.45752648486035524
6.196,-0.3551846606481735,0.12175231233005077
6.197,-0.5901743023357531,-0.13162426837519875
6.198,-0.383337948851116,-0.07278041486986585
6.199,-0.4431498528294049,-0.23067711927279216
6.2,-0.2769674624493163,-0.23957512138268916
6.2010000000000005,-0.175486469146357,-0.2815519401277894
6.202,0.2904692929437141,0.05679493531837035
6.203,0.2247814741514808,-0.15243362379342704
6.204,0.2013223614260342,-0.19467447580215502
6.205,0.7244195625391365,0.22689341757381348
6.206,0.4216813194928395,0.035865716758434085
6.207,0.4344194868574559,0.014566798923874087
6.208,0.1743284735322583,-0.03174547681750188
6.2090000000000005,0.2215861198206692,0.04964736710593452
6.21,0.0575105265183023,0.1324582811106421
6.211,-0.0382790164314625,0.11580511474441489
6.212,-0.2944726992303674,0.0553315301778843
6.213,-0.1720813676664559,0.2648967194607215
6.214,-0.4624864031662119,0.05017914481228232
6.215,-0.8643551606425075,-0.29157147803875166
6.216,-0.3647295368982056,0.13485780646756446
6.2170000000000005,-0.5083298140690323,0.00614074097440684
6.218,-0.4108711033457909,-0.09770062108430447
6.219,-0.2176830638427515,0.0720444161444561
6.22,-0.1275544580800788,-0.10541627256372989
6.221,-0.1952505932952942,-0.20576307172551095
6.222,0.2743041628432021,0.01018262665009406
6.223,0.5109002464921186,0.243265214923712
6.224,0.5346311121705348,0.09804594905615606
6.2250000000000005,0.1346747285535574,-0.24638131590070994
6.226,0.3474440028896493,-0.0807402653943863
6.227,0.3358590192123814,0.028871047530841187
6.228,-0.0195342384193988,-0.2591525652318834
6.229,0.0500085238881693,-0.024867844909005652
6.23,-0.0212054531453586,0.03957645872401111
6.231,-0.2439807719856936,-0.020025573265747786
6.232,-0.2839971931694409,0.07876871628788491
6.2330000000000005,-0.4582535793633556,0.013208222992754997
6.234,-0.2325100969608616,0.3232075386007055
6.235,-0.1553016612588041,0.4129433710695447
6.236,-0.5463147149832125,0.024295382451469894
6.237,-0.5210035371366447,-0.04942325630814125
6.238,-0.6101107610956166,-0.20403328236295598
6.239,-0.2837256487317295,-0.07214489412513507
6.24,-0.0305394320515249,0.09831752502600256
6.2410000000000005,0.0930762858163485,-0.02647047447171795
6.242,0.2964851492119891,0.14424864105280472
6.243,0.3473140979585319,-0.05448292240258176
6.244,0.3122288813817965,-0.016890269875390364
6.245,0.3617774708743633,-0.17059111335449076
6.246,0.3006716828137368,-0.0357384357330227
6.247,0.6834789582014573,0.21882862797348893
6.248,-0.0406430069126461,-0.21664220999541794
6.2490000000000006,0.0718541414222616,-0.15479870892917194
6.25,-0.3509450440119669,-0.2663401696205746
6.251,-0.2128481377910963,-0.12437972187864973
6.252,-0.2681146650341037,0.07105318052003627
6.253,-0.2089923920495759,0.1485730069231544
6.254,-0.5544970715284345,-0.07053821341998824
6.255,-0.5803643806387887,-0.10584222854064847
6.256,-0.5068657906172177,-0.049830423606901764
6.257000000000001,-0.6599359708114199,-0.2686590175143711
6.258,-0.0237661008443937,0.2378281227770813
6.259,-0.4254209420166265,-0.2883345761697936
6.26,-0.1014632485093212,-0.1366973587279368
6.261,0.523831647584081,0.33125648726692225
6.2620000000000005,0.2489160877133527,-0.07837618869195927
6.263,0.7997669587370805,0.3265100185714699
6.264,0.7349404717176076,0.22650864538607762
6.265000000000001,0.6310655266412525,0.030810223322846858
6.266,0.7000083939270447,0.18782693245973459
6.267,0.7660541231819622,0.23714931604613804
6.268,0.6157059190267846,0.2784359811971616
6.269,0.3909074819002188,0.10013855836322218
6.2700000000000005,-0.2322241504801596,-0.2812455458890504
6.271,-0.1758814120167275,-0.15653265931283472
6.272,-0.0647641141922994,0.17970016458194946
6.273,-0.1323218863388133,0.1483319540026985
6.274,-0.6060096331982305,-0.1728955714030236
6.275,-0.7126662178249346,-0.3194621336872923
6.276,-0.2420458862706186,0.203992027440706
6.277,-0.4408902798197439,-0.12472257060061673
6.2780000000000005,-0.4700189084463468,-0.19140637084662207
6.279,0.1074956697922587,0.19075363943526819
6.28,-0.3437266465624757,-0.34902652388890854
6.281,0.1349158045316282,-0.07640282315782786
6.282,0.6303004751102452,0.3335258458202488
6.283,0.2353140111427097,-0.21462862836102042
6.284,0.2725218615969435,-0.21013555416448781
6.285,0.836310967065103,0.29908130331606564
6.2860000000000005,0.4430375048436708,-0.04575810813469663
6.287,0.358449345780012,-0.07811571557905875
6.288,0.3023312942962978,-0.006225940010899848
6.289,0.0977092159269976,-0.08615442327056619
6.29,0.089371640492553,0.08309714365306406
6.291,-0.4522385199192341,-0.32520617686685693
6.292,-0.1797652970306607,0.12653546337398006
6.293,-0.1432843695034563,0.2376948309051125
6.2940000000000005,-0.6113302614120071,-0.09925269289132804
6.295,-0.4296401760929193,0.05590273755399698
6.296,-0.480862563561398,0.0528355047818761
6.297,-0.2512620652225988,0.15385280231525572
6.298,-0.4179814749507055,-0.05370980369693823
6.299,-0.1384498721861489,0.03488215554751393
6.3,-0.2166775245955883,-0.1456551027181969
6.301,-0.0756390689551887,-0.19626574175582656
6.3020000000000005,0.4051950347153206,0.17516462214670517
6.303,0.5791019943465129,0.21310917503107363
6.304,0.4768274354909657,0.058287356701181355
6.305,0.5827931810701799,0.11065526841773038
6.306,0.6410284282133561,0.2243992923424194
6.307,0.395796167949644,-0.006816447323923336
6.308,0.1726809251608794,-0.04673523546093597
6.309,-0.2152971646742408,-0.403509309840157
6.3100000000000005,-0.1967272047532735,-0.09435425215159948
6.311,0.0259457770944893,0.1113977654573899
6.312,-0.5933362292304398,-0.16407429338855758
6.313,-0.3030669141720993,0.008023576446846557
6.314,-0.7816713804302178,-0.14301286063878463
6.315,-0.4317152437858638,-0.03128151079867676
6.316,-0.6783318341521162,-0.026644922007027637
6.317,-0.3370440893865375,-0.01889636953599243
6.3180000000000005,-0.4091252911677105,0.05403746812166762
6.319,-0.2287386990995479,-0.13297237229724002
6.32,-0.1728280101626231,-0.029661484407708598
6.321,0.103259753197782,-0.07683282898576735
6.322,-0.1082825140513754,-0.2979675902850071
6.323,0.9266666263374176,0.5256684421310855
6.324,1.0089237917825873,0.5960752971662396
6.325,0.2154205232125604,-0.2631091652353723
6.3260000000000005,0.4406049617415039,-0.005468737698702462
6.327,0.5090075855814193,0.13015532524867102
6.328,0.5037432706341276,0.2217762910134635
6.329,0.2080540144034667,0.07244679585652698
6.33,-0.1878297554859548,-0.17582987037569592
6.331,-0.3126863415017683,-0.15036613470702706
6.332,-0.4673339762204372,-0.14767054431001683
6.333,-0.3019976137609952,0.10200389234043919
6.3340000000000005,-0.4989952789798284,0.022358521461255464
6.335,-0.5402147291416708,-0.04161657404400623
6.336,-0.4947000667425067,0.0448479121307283
6.337,-0.3785951268863277,0.031429231991719
6.338,-0.3490630959643209,0.018745074257103603
6.339,-0.0812500505959462,0.09003589520016511
6.34,-0.0684727153672512,0.004076530822239304
6.341,-0.019782866764725,-0.14743918806161818
6.3420000000000005,0.0860633580521181,-0.14684215204156414
6.343,0.3760350175241297,0.002007209381283733
6.344,0.4510697738700381,0.019256736440035616
6.345,0.4968666582952427,0.02179691671281054
6.346,0.3740730734483956,-0.07455898585285532
6.347,0.142062503426496,-0.25139922501045964
6.348,0.5191849800469986,0.2410935449672004
6.349,0.1547214438122389,-0.006826259764870359
6.3500000000000005,-0.258114345138052,-0.2450666917685926
6.351,0.0566501291821451,0.18743747693612312
6.352,-0.3104516463824613,0.0014555030146128564
6.353,-0.4438979924506794,-0.07416475971238941
6.354,-0.5265461952371476,-0.02317039802166962
6.355,-0.2276313706947029,0.23288393577481656
6.356,-0.2238635121564693,0.2903597371842371
6.357,-0.4523727874782141,-0.08847582498826867
6.3580000000000005,-0.6275209442531373,-0.2870600998352345
6.359,-0.2421706362775788,-0.1302640410572613
6.36,-0.1592294933519094,-0.1116534600277689
6.361,0.0528365974095682,-0.1501053542334829
6.362,0.341255130791312,0.08592398774249761
6.363,0.2565773052522422,-0.2051374110431083
6.364,0.4729931070798916,0.014864868937862909
6.365,0.7574596086964536,0.19343066890353772
6.3660000000000005,0.7500825618225211,0.25840907523728296
6.367,0.9955646459137052,0.5287956405860752
6.368,0.3816422165911006,0.028600137029139053
6.369,0.2013393230066847,-0.0007562584344033441
6.37,0.0451208140719309,-0.060060710112232206
6.371,-0.1946604189443126,-0.06151773875080901
6.372,-0.1691954415096552,-0.020450716104583832
6.373,-0.5393996552649551,-0.12574834487883169
6.3740000000000006,-0.2115954951816663,0.09411585513834445
6.375,-0.5898651369223596,-0.0568707350634132
6.376,-0.4117991165267115,-0.10922893367544476
6.377,-0.3133570921531944,0.13041856549796763
6.378,-0.173584361854444,-0.033067041647778
6.379,-0.4687565538306264,-0.29343718753822057
6.38,0.1593471273104212,0.04417220527449277
6.381,0.3665772845556259,0.1889498219891953
6.382000000000001,0.3201453986664313,-0.0402357205037762
6.383,0.3836206063197671,-0.10674129329024967
6.384,0.6212192739028818,0.12834252953905328
6.385,0.4190755515811958,-0.23585794885951683
6.386,-0.0324670640482852,-0.48514143665575293
6.3870000000000005,0.5583568630866684,-0.06166533542072411
6.388,0.0467663391506222,-0.19937025558000326
6.389,0.5417175762330194,0.1325669216474386
6.390000000000001,0.3191486245943025,0.37469105182148343
6.391,0.3325537506829781,0.22213529193088258
6.392,-0.0006593444220073,0.3415844592440773
6.393,-0.2121341175191309,-0.05416237379188731
6.394,-0.6103226237591856,-0.10437005487041687
6.3950000000000005,-0.1789587661946616,0.11412093684773977
6.396,-0.4684870938814414,0.013845253949542388
6.397,0.0995587376503915,0.3455395072400962
6.398000000000001,-0.3209611005897175,-0.04421570716338005
6.399,-0.3616717365212065,-0.32274635594980916
6.4,0.0195550260460897,-0.017140170084537533
6.401,0.1354182965405176,-0.10905129101481822
6.402,0.5415757770358876,0.19892848387231937
6.4030000000000005,0.5248429828182106,0.03355856312959554
6.404,0.3314914950886691,-0.19687309518881735
6.405,0.4476496767548615,-0.15517222373572048
6.406,0.5433874186585451,0.01657684547353542
6.407,0.5556115690173025,0.02291241484930337
6.408,0.1630037110119643,-0.17865183864209688
6.409,0.3549512429158916,0.05008111975050276
6.41,0.128829996065782,0.08316114575398023
6.4110000000000005,0.1764788857028352,0.17182163702633424
6.412,-0.2858777656693081,-0.03889036325437935
6.413,-0.4470784346346712,-0.19281355823247118
6.414,-0.2628166856457988,0.16079191950479377
6.415,-0.2013106896596806,0.1726915644919188
6.416,-0.5339088054573226,-0.11852448875509596
6.417,-0.4034580994545654,-0.09279687313482392
6.418,-0.2364860215438448,-0.013360946315946025
6.4190000000000005,-0.275630951965302,-0.1844213390728287
6.42,-0.2395851009611314,-0.3226217542576765
6.421,0.1814298830959117,-0.01537780304601236
6.422,0.8172282799353482,0.4270339214373576
6.423,0.460789622887746,0.021943652220891233
6.424,0.4956798363156386,-0.08970731304500267
6.425,0.8759504058941736,0.3382851635987682
6.426,1.0378482257412376,0.43930202725497186
6.4270000000000005,0.520860961595353,0.06976794192880004
6.428,0.3034832753119088,-0.124789917413558
6.429,0.1318173201957679,-0.07721657255301494
6.43,-0.1480137127419666,-0.28975241261308043
6.431,0.0631278610393304,0.16046638409149105
6.432,-0.2559436841427018,-0.1040413332984197
6.433,-0.9891974368848822,-0.6386934659724182
6.434,-0.4591957665917148,-0.11618145207265387
6.4350000000000005,-0.4087449589195565,0.04314640438314561
6.436,-0.4119742478865399,-0.049346291160642305
6.437,-0.3055379067971126,0.055248244924629444
6.438,0.0988957275388024,0.30687611446705243
6.439,0.1064815844254089,0.21681559419929972
6.44,-0.0391531548965881,-0.09627646969436816
6.441,0.2060568816050146,0.0011392302123497708
6.442,0.4981399149086353,0.17108857031054486
6.4430000000000005,0.3044727735006551,-0.16054833380890876
6.444,0.2140299177682432,-0.2807017557820554
6.445,0.6245573517942034,0.054347909268671855
6.446,0.5696302152422772,0.07685268280178481
6.447,0.5444207531581526,0.06562826368489297
6.448,0.5087269259019265,0.18953127775624237
6.449,0.4668964948308031,0.24389716442582504
6.45,0.047042264526365,0.008549170693174516
6.4510000000000005,0.0758963406047971,0.17931713883739736
6.452,-0.3602987833728947,-0.11773774513842628
6.453,-0.9924700569464,-0.6111389914145352
6.454,-0.1770278003627238,0.23813294776617594
6.455,-0.2699457671274636,0.24221397891519866
6.456,-0.4235535733141341,-0.013599176779818862
6.457,-0.2837563392653437,0.17183140161136484
6.458,-0.2543155220678786,-0.030551818079895796
6.4590000000000005,-0.1011437954692612,0.14230216693647021
6.46,0.078854728977522,0.0006508118967473186
6.461,0.0223620544898637,-0.011349783023542625
6.462,0.3542582970423509,-0.0320218614867367
6.463,0.0164222424394651,-0.24555558413922812
6.464,0.4719039379108903,-0.11624455516172397
6.465,0.1197539961173571,-0.22775511756549865
6.466,0.557590116356878,-0.05444596096766097
6.4670000000000005,0.2333578102908504,-0.018661933920233548
6.468,0.197443355472015,-0.25667706432202725
6.469,-0.1778615957233019,-0.18552942452735516
6.47,0.3772375441341492,0.1977706715964085
6.471,-0.1286908279920905,0.16571978891687666
6.472,-0.3044431524546044,-0.2003976903429594
6.473,-0.289047705504425,0.24893106163941311
6.474,-0.1848157121376095,0.10292633547221064
6.4750000000000005,-0.6354144269683746,-0.00996082042831612
6.476,-0.1874668019335982,0.11655201701854555
6.477,-0.6814416244855412,-0.16579373547644624
6.478,0.0271129859623536,0.17849073040485247
6.479,-0.2660398470910398,-0.02525219864573785
6.48,-0.1000420262501717,-0.20614137710370872
6.481,0.0853921907253691,-0.0190717171712186
6.482,0.406128918295635,0.04200882203373778
6.4830000000000005,0.4188262325322385,0.0204245211219871
6.484,0.4322686068496598,-0.08593251766305929
6.485,0.888428507936329,0.3501075283123383
6.486,0.7220517831231814,0.2181590328294701
6.487,0.2372717963295929,-0.24190128450863893
6.488,0.39574960400942,0.0737567504915137
6.489,0.2934100227331465,0.04332368047740425
6.49,0.0538337671814811,0.014952126324929026
6.4910000000000005,0.1581781728212103,0.21569516596207852
6.492,-0.4020166722201954,-0.1630389441146826
6.493,-0.5236550917471068,-0.19914841700328867
6.494,-0.5108853866706041,-0.10465442739392274
6.495,-0.3906717763986877,0.05804547158253699
6.496,-0.3554851519798448,0.04433877434444744
6.497,-0.4381030837981909,-0.05454925480105895
6.498,-0.0470964985355226,0.1763074640299604
6.4990000000000006,-0.0086674491508434,0.14684915534939175
6.5,0.0128253920776384,-0.041580428251866676
6.501,-0.1617746369340739,-0.30745676465504895
6.502,0.171849999602456,-0.15495657676453117
6.503,0.2926349971007997,-0.10853365618536259
6.504,0.8440620387657514,0.35417925939751416
6.505,0.9013385525775482,0.39336680250026856
6.506,0.371918666003162,-0.11019851873608447
6.507000000000001,0.4378064432519641,0.01881767747478917
6.508,0.179046547074316,-0.12876242049180206
6.509,0.2252503400835342,0.06333862904464484
6.51,0.0954863303587252,0.06081552460545588
6.511,-0.2592443711928595,-0.08804566781997514
6.5120000000000005,-0.4416354683381029,-0.20941778701182948
6.513,-0.5808706356762467,-0.12183531169649
6.514,-0.4771683219197695,-0.08714657782907412
6.515000000000001,-0.9423623755602764,-0.3444857904320779
6.516,-0.39852055021325,-0.02149642356275531
6.517,-0.368796353460485,0.17274882034763475
6.518,-0.0187968933040307,0.17722736292786445
6.519,-0.5320296104012233,-0.2131605391082057
6.5200000000000005,0.1468007124594973,0.06040413880652021
6.521,0.3165047056683395,0.3380190980785492
6.522,0.1929042116699959,-0.17142120497653326
6.523000000000001,0.2566506720455573,0.024500961234334352
6.524,0.4997182627036447,-0.032052382053026005
6.525,0.2022576116946553,-0.14111407963235803
6.526,0.7021469503281225,0.17954208050051396
6.527,0.3088343267720054,0.03822111929587283
6.5280000000000005,0.1985659945379692,-0.13753501456220543
6.529,0.1190732494762924,0.0743713936995239
6.53,0.2810278392885625,0.24287911863077563
6.531,-0.0056811995806017,0.23819277522894763
6.532,-0.2723652471932685,-0.00914373445675389
6.533,-0.3514751786868874,0.1288739220992944
6.534,-0.2341398525040049,0.22399963905371276
6.535,-0.6724845245614827,-0.1022546209941173
6.5360000000000005,-0.3215062722428063,0.15464691309209688
6.537,-0.5742414353308248,-0.09814367219881728
6.538,-0.3888080202234178,-0.07615810870343215
6.539,-0.2370100658413692,-0.005139649610713912
6.54,-0.6402149333045023,-0.6091498250700316
6.541,-0.1345855149808257,-0.20571254834264807
6.542,0.2298904232498063,-0.03032630008920618
6.543,0.3062618570031349,-0.013919929549542612
6.5440000000000005,0.5118589196501218,0.06376332547233773
6.545,0.4639980089257023,0.03929355426481271
6.546,0.3432732216316685,-0.1149150392068827
6.547,0.0443767886432608,-0.3062290487628737
6.548,0.425640574563482,0.14158745853056584
6.549,0.1129965294581262,-0.0193481270121715
6.55,0.3114741305137595,0.321397117130892
6.551,0.2969033396863891,0.4378244071572466
6.5520000000000005,-0.5878903137546911,-0.27470532081645505
6.553,-0.3678442214769077,-0.008949314287451092
6.554,-0.3440283981396598,0.16768527690757873
6.555,-0.4283778140380073,0.0033188976013979344
6.556,-0.6471926016756994,-0.11478719125666649
6.557,-0.3596580283755713,-0.03522414050401698
6.558,-0.4592020318470863,-0.08862984571362692
6.559,-0.1937376029535715,-0.12248272290761936
6.5600000000000005,0.1747304594342894,0.26551116949047293
6.561,0.3555728965624469,0.11915917622353156
6.562,0.1135175882402902,-0.08533700462643917
6.563,0.5431034718905067,0.059095846849804894
6.564,0.3617112046747749,-0.027048473284880574
6.565,0.5108916826341989,-0.06653189610214012
6.566,0.5695311866003145,0.15990321068640392
6.567,0.6309221404003822,0.15181678799309356
6.5680000000000005,0.3745741941445158,0.11623846428125077
6.569,0.1527200472074529,-0.07032086993524372
6.57,-0.2765532784096651,-0.27490228934831995
6.571,-0.1347877480963009,-0.03767820630913796
6.572,-0.3813331816903432,-0.11560341217022334
6.573,-0.4625987671449237,-0.09969863003984474
6.574,-0.5989125876917015,-0.16951308726459974
6.575,-0.4679762706739325,0.007656922002395587
6.5760000000000005,-0.2521809104128495,0.17633225088237003
6.577,-0.5265759187106923,-0.13250735614744757
6.578,0.0287829452212928,0.2922384854774923
6.579,0.02861961612658,0.1792289995290714
6.58,-0.0503651090643763,-0.05207559874942018
6.581,0.1896522263758427,0.028879497357198004
6.582,0.1047776522836233,-0.1592807428337985
6.583,0.3712182561834432,-0.04940412308648948
6.5840000000000005,0.2936785561325751,-0.1272817492265321
6.585,0.3504055025180819,-0.1792741348194229
6.586,0.4563354804464414,0.04702810730378379
6.587,0.5260346424223541,0.07946441667817311
6.588,0.0415759356648624,-0.18849176438389606
6.589,0.0420756853300809,-0.16101280442800822
6.59,0.2148679536781258,0.26627905437047295
6.591,0.2424632620097331,0.3508227209420088
6.5920000000000005,-0.3507788262484745,-0.02055536036919014
6.593,-0.3172585944993358,0.05302052833595327
6.594,-0.1339027348439283,0.367845632303211
6.595,-0.2478351460507125,0.2368346244415273
6.596,-0.9382064446483472,-0.4364418318430192
6.597,-0.7771677307713911,-0.3666889930657964
6.598,0.1362335096234777,0.46690697856007024
6.599,-0.1007525769189388,0.07863849571173262
6.6000000000000005,-0.1091596544617066,-0.05566032820907582
6.601,0.1097702302439332,-0.0063148235083367015
6.602,0.0694687365071507,-0.15582906239126854
6.603,0.4071437659890661,0.04832039334519616
6.604,0.0167805299591758,-0.3843445208889182
6.605,0.2956837815248611,-0.15671663477766618
6.606,0.4538233730104007,0.045063771662610656
6.607,0.2494709151382907,-0.10867421189415383
6.6080000000000005,0.3614329886289548,0.11390631044713975
6.609,0.1519305916747631,0.042742577903027316
6.61,0.0430582486936138,0.060453981352955995
6.611,-0.5384829007332719,-0.3355579282763118
6.612,-0.3782359246633888,-0.0989260126931079
6.613,-0.039698611156749,0.42348157161594946
6.614,-0.4765299926441803,-0.044916876609799816
6.615,-0.6524398499320213,-0.07628329269764554
6.6160000000000005,-0.3736831861647224,0.036381322381905876
6.617,-0.1018119489560002,0.3989091949567014
6.618,0.1522179988599158,0.37087602260576435
6.619,-0.3490900517371518,-0.08390973104173734
6.62,-0.1150368494746011,-0.18654065982365542
6.621,-0.0388570889799068,-0.082499712116226
6.622,0.5082365693260501,0.15815945719694052
6.623,-0.0553857938353753,-0.36792686877817743
6.6240000000000006,0.556475819256189,0.04646944741053001
6.625,0.6732245583827815,0.22864378104078797
6.626,0.2912793924814379,-0.19744339389134516
6.627,0.6382217776252961,0.24202970676698254
6.628,-0.0149087194563498,-0.3065913939190461
6.629,-0.0407201974015188,-0.23494306879435928
6.63,0.1670424046016548,0.1767703785641138
6.631,-0.3787708748910332,-0.30377723588128464
6.632000000000001,-0.4094541976151752,-0.10477805651890071
6.633,-0.3085108874012841,-0.008218857159778891
6.634,-0.55412439491517,-0.07048000025872729
6.635,-0.3302083917232011,0.05946382078424923
6.636,-0.577979598074297,-0.09854453757987224
6.6370000000000005,-0.2829842571111208,0.023056548024780712
6.638,-0.1245651197668092,0.16821892252332712
6.639,0.0126188169230856,0.09385395974020692
6.640000000000001,0.1066641737045146,0.09923483936314562
6.641,0.4068960910980118,0.2103511152197714
6.642,0.5646912004055393,0.2546053116960413
6.643,0.3769706027589435,-0.04003946780692818
6.644,0.4391205264349598,-0.06455660884351982
6.6450000000000005,0.4792206362819619,-0.011588572442474143
6.646,0.5552739573016833,0.03720527801323386
6.647,0.6725394320003224,0.287864418205937
6.648000000000001,0.4168346206161004,0.06680026029233527
6.649,0.1847160650975834,0.04944283214452433
6.65,0.2371496443565434,0.1733406190330127
6.651,-0.3049850172667121,-0.1410774504731315
6.652,-0.4180963767914513,-0.18450917507442718
6.6530000000000005,-0.3578384991068858,0.04048975680608071
6.654,-0.6793219617798174,-0.24658592503974144
6.655,-0.8286188353163816,-0.3517101170944821
6.656000000000001,-0.5120064265663014,-0.04943700768751657
6.657,-0.3210635757895785,0.04688932100012258
6.658,0.0712291692529957,0.3873443839340807
6.659,-0.1015413818472414,0.011159955801703255
6.66,-0.1581415082412379,-0.10633285933474049
6.6610000000000005,0.0393044493534957,-0.15071070590201543
6.662,-0.1555613862848149,-0.38505178432236886
6.663,0.4996509696378554,0.0777564002883629
6.664,0.274761889935783,-0.14723292078958186
6.665,0.4802040431932035,-0.011046942801041713
6.666,0.2062666786401127,-0.24799860804523996
6.667,0.2312052351124744,-0.13785171392919848
6.668,0.6385099020908256,0.32223728781232874
6.6690000000000005,0.1214283700398619,0.021578844362580424
6.67,0.2001334870761447,0.13656823083696268
6.671,-0.1775867538947996,0.03844747029842073
6.672,0.1119564437085535,0.31512971907932547
6.673,-0.4465038035486973,0.014533907237843629
6.674,-0.428395733620887,-0.05143419425485474
6.675,-0.1641881023555458,0.38046881023349155
6.676,-0.422811134350196,-0.0361373297501673
6.6770000000000005,-0.5784464521254262,-0.14174462086601256
6.678,-0.3144730846610779,-0.0887286893494469
6.679,-0.0775453473335939,0.10019321518876004
6.68,0.0324006332676999,-0.012284646647468186
6.681,0.0517181815090183,-0.08436289511424423
6.682,0.4316675068497806,0.11199076458582309
6.683,0.4421770317153768,0.053454863863118665
6.684,0.5698637227437902,0.07785834417747316
6.6850000000000005,0.225568028968056,-0.2616429552604508
6.686,0.1825641081548911,-0.31177612881705263
6.687,0.308057066981786,-0.08846645016341323
6.688,0.2910196121829648,-0.03427274823575979
6.689,0.4047477968617374,0.2518891423246575
6.69,0.0605568817165408,0.011231754886393223
6.691,-0.29564867308503,-0.14607750386517895
6.692,-0.2283768575646196,-0.0002774614618404024
6.6930000000000005,-0.2682502163736124,0.12574235564103098
6.694,-0.2415106127373494,0.15940731118736343
6.695,-0.4852612130457771,0.0008424087422282574
6.696,-0.0151081336502019,0.3876305595466271
6.697,-0.1557288735677875,0.23460521152310698
6.698,-0.382202095861702,-0.15025354995517917
6.699,-0.4873454278393124,-0.3440503662279467
6.7,-0.0846905061604245,-0.13211545335729918
6.7010000000000005,0.7442008500288048,0.5832677736918109
6.702,0.298484081235219,-0.03056135173900132
6.703,0.0653372324628915,-0.3418314315732793
6.704,0.4468089418390396,-0.05780236284933241
6.705,0.2915186710756479,-0.21224125394805227
6.706,0.3749917112751206,-0.13078019481337522
6.707,0.2742955790974414,-0.14227746428090113
6.708,0.4355078396366749,0.10455978928316023
6.7090000000000005,0.3480320906761635,0.16672882793723695
6.71,-0.1217621221050247,-0.16833502716763493
6.711,-0.5432891010883604,-0.43303812488773763
6.712,-0.2784682558418994,-0.04020916411164028
6.713,0.035786464584866,0.3805361853534231
6.714,-0.6118256211141069,-0.19746900917669583
6.715,-0.4812082529895823,-0.05074678218931565
6.716,-0.142957531331866,0.2715521558544643
6.7170000000000005,-0.2945154262594582,0.03757817487901953
6.718,-0.3345949175437884,-0.09571851947143938
6.719,-0.2001346239239141,-0.11480125880575016
6.72,0.353924892111809,0.30781700053739713
6.721,0.6518311868416955,0.4363232573008636
6.722,0.6959345283946271,0.36205052338228594
6.723,0.3186243776622687,-0.1339371444837939
6.724,0.2710817217135238,-0.247933476780629
6.7250000000000005,0.5241529032461567,-0.0058657031040035106
6.726,0.4049129961707712,-0.13186616997586173
6.727,0.3960716355468456,-0.015468050148379053
6.728,0.108378434933888,-0.2777515288305311
6.729,0.1794206090656223,0.04367935387472156
6.73,0.3993474907018497,0.2704693588490943
6.731,-0.2005255367261812,-0.003167372836733434
6.732,-0.1452335229325497,-0.01054678547604623
6.7330000000000005,-0.3108236288420447,0.1532523307737502
6.734,-0.297298144706178,0.006540382541243683
6.735,-0.853859862390286,-0.2892923417797626
6.736,-0.4114035211820138,-0.0959166569404097
6.737,-0.7596783727304723,-0.29816180880871135
6.738,0.0485219046514865,0.21633819873734703
6.739,-0.2498623483519406,-0.054939339918572395
6.74,-0.4583626302115159,-0.5372832150483198
6.7410000000000005,0.4377128352332341,0.30414411384602225
6.742,0.5982734391639737,0.27321946431499183
6.743,0.5755876075020493,0.17541631845727054
6.744,0.6924111869900585,0.22360473473890574
6.745,0.5778378486771081,0.0711706172296404
6.746,0.3237780877126525,-0.12206871977862677
6.747,0.4785234076417356,0.06103663903254768
6.748,0.4226033893523568,0.16766495687841226
6.7490000000000006,0.2932105373061953,0.12130684001597883
6.75,0.0523532242963405,0.09265776990518892
6.751,-0.2715852259842513,-0.139439155983983
6.752,-0.345736891494434,-0.011360896598223688
6.753,-0.9087288864329268,-0.5326297747119051
6.754,-0.946889248798873,-0.4271367975066136
6.755,-0.3637861529825946,0.10227970537617904
6.756,-0.6261826322147468,-0.09747862583747005
6.757000000000001,-0.3558325967956542,0.01219662623972433
6.758,-0.4024346114048573,-0.04203008875223727
6.759,0.1807041873761807,0.30027512909885956
6.76,0.0672958979981429,0.14903836088347547
6.761,-0.1202269933315232,-0.30484177119449485
6.7620000000000005,0.2970807506578478,0.0984170185034819
6.763,0.4882252267831474,0.06015442777636891
6.764,0.6244364227243417,0.25134953298880053
6.765000000000001,0.6626159860554223,0.14696265887721688
6.766,0.2039024370800154,-0.172614509218911
6.767,0.6367373025605754,0.22701417578079613
6.768,0.3080967261872198,0.0966282353006037
6.769,-0.0034788212777391,-0.14854759682544744
6.7700000000000005,-0.0174478510754012,0.03657539889902392
6.771,-0.3534728225726316,-0.1700463344121245
6.772,-0.6516397032358665,-0.3383145601481515
6.773000000000001,-0.3755284122270453,0.08056433472884751
6.774,-0.5400662195230495,-0.07702920045761981
6.775,-0.6639224439909904,-0.09055134309589714
6.776,-0.3870903774488013,0.05629940970491063
6.777,-0.458716217497211,0.034433080453641206
6.7780000000000005,-0.0339798317329812,0.2273046139602951
6.779,-0.240558091982379,0.006280130557562624
6.78,0.1843208118125755,0.17173495618872855
6.781000000000001,0.217536206619528,0.1451844021630727
6.782,0.216886563775744,-0.05429358326264558
6.783,0.2214687409298781,-0.12329080287059746
6.784,0.1857567891171916,-0.2264582508514423
6.785,0.6089209362850445,0.1390580162282566
6.7860000000000005,0.5843109979562295,0.20697333545785163
6.787,0.2995432610193183,-0.10460248749041326
6.788,0.3566651691414222,0.18178283844339505
6.789,0.5419198255967612,0.3646235061105885
6.79,-0.0738613156611793,0.048600669468168795
6.791,-0.1190951455076411,0.0006213304771826131
6.792,-0.6722918082204425,-0.26739646825852437
6.793,-0.5227511299703713,-0.15323007630088686
6.7940000000000005,-0.9394755625810394,-0.37239416682762355
6.795,-0.7340835680104155,-0.26037128206275423
6.796,-0.1517200455428278,0.39631140251150976
6.797,-0.7063164845983236,-0.31504005932585905
6.798,-0.6435671364346741,-0.289903314051193
6.799,0.0365299359527089,0.19124156814874826
6.8,-0.0763290259989985,-0.022389592414421854
6.801,0.1563728199583448,0.01399744341620084
6.8020000000000005,0.1621147785160282,-0.08110097913499376
6.803,0.309503009007241,-0.07215705044626289
6.804,0.9505521813309428,0.5179623916407461
6.805,0.7124936071575212,0.24676898684539672
6.806,0.1019004170611244,-0.34925529398498073
6.807,0.395957766107681,0.04031459818768758
6.808,0.2688014872548481,-0.033144294629683144
6.809,-0.2778414670839585,-0.36413185735467335
6.8100000000000005,0.0013163930545479,-0.050613475762469565
6.811,-0.0492959717294801,0.19742752226615318
6.812,-0.1173110109507327,0.07696697400074932
6.813,-0.3975348033699789,0.12557225283153625
6.814,-0.4030033047915622,-0.06801950700384923
6.815,-0.5147689485309758,0.12832053956685407
6.816,0.0049198448625072,0.31547864112202617
6.817,-0.600042509899569,-0.03467340966392692
6.8180000000000005,-0.0050581604390185,0.12128671736157609
6.819,-0.2758365297307383,0.047175488118252416
6.82,0.2306450846661091,0.08080391616570373
6.821,-0.0879308307608015,-0.0768797369146932
6.822,0.3710381904245021,-0.04258677018947381
6.823,0.2366764859226751,-0.013352376232779517
6.824,0.4531446752249962,-0.11035133073280336
6.825,0.5844485211761495,0.22348066411018794
6.8260000000000005,0.1757332799045245,-0.36306401790374726
6.827,-0.0662829701572721,-0.34862129399578834
6.828,0.4356858375659698,0.09299062754099052
6.829,0.0325825073938057,-0.017055316460198006
6.83,0.0665530410861164,0.025257962851015545
6.831,-0.203639035967097,0.037535841961244064
6.832,-0.1806463834626019,0.0798301923444268
6.833,-0.4818481016681446,-0.010936664347135588
6.8340000000000005,-0.4829379730841237,-0.024891337621897252
6.835,-0.2719611120205528,0.2711889383203693
6.836,-0.425584819792127,0.061095281624755284
6.837,-0.5148449865875127,-0.09341703628936678
6.838,-0.3842508825312437,-0.03867390160646776
6.839,-0.5731635384880468,-0.4294511750062876
6.84,-0.0118202114815455,0.08531018997962216
6.841,0.4634418786681248,0.2724778386211453
6.8420000000000005,0.2250343508427884,0.06744906814620921
6.843,0.5458578346297605,0.08632249138249928
6.844,0.2383396943949886,-0.07945985143129289
6.845,0.4574163112379992,-0.10496749577873297
6.846,0.0340815279946251,-0.2870548186816795
6.847,0.7100198624953313,0.2481582896373933
6.848,0.2292144318028388,0.06262992220147834
6.849,-0.1086518927907211,-0.305496059237803
6.8500000000000005,-0.0400117989352349,0.04523720890401966
6.851,-0.0701978452899842,0.06195681449727239
6.852,-0.4716033017375724,-0.1367884395786662
6.853,-0.5947545815481545,-0.19269642809778972
6.854,-0.4692369739076229,0.012056573245166843
6.855,-0.6618152328678744,-0.14739123933971698
6.856,-0.362293300044379,0.09886929932256885
6.857,-0.191795728738642,0.24108706797238214
6.8580000000000005,-0.0744147694140337,0.19876106908756005
6.859,-0.1053062892089778,0.09078541191880021
6.86,0.1080919018048042,0.0880596573064672
6.861,0.2343136531678889,0.1357303473433456
6.862,0.1088100281097378,-0.2054952882729336
6.863,0.3709913073883549,0.037239896959607596
6.864,0.6797574408334848,0.1776803816297237
6.865,0.6538323764885517,0.23579557578945864
6.8660000000000005,0.5757287092921175,0.06350784000655496
6.867,0.1109373933150815,-0.210737008317311
6.868,0.1638104251855754,-0.17325294475648378
6.869,0.1892376582831356,0.10112512583906026
6.87,0.2271145869425007,0.1915935761052108
6.871,-0.0065940916764837,0.17684179972030462
6.872,-0.3056906256004568,-0.017102894910481534
6.873,-0.7584900873368109,-0.38165865111466946
6.8740000000000006,-0.4691619453416493,0.05508294647607201
6.875,-0.5372421586758684,-0.1322663177023246
6.876,-0.7720732935866206,-0.17823190722706608
6.877,-0.4559532236982208,-0.21081944517259985
6.878,-0.703030264836056,-0.2219702721460099
6.879,0.1798762373890253,0.12868192304471956
6.88,-0.1997780901773887,0.036309698211565114
6.881,0.4010467632956776,0.02394062540349446
6.882000000000001,-0.2126176311400062,-0.2566904470937224
6.883,0.76308241324521,0.15219587362798892
6.884,0.5379551688833806,0.2848251330809744
6.885,0.5366127597532238,-0.125317781024523
6.886,0.149249673390362,-0.16695258565720655
6.8870000000000005,0.5680756691127961,0.06287743969339751
6.888,0.2685182962885767,0.050065748418491346
6.889,0.166011642684745,-0.02503124162531658
6.890000000000001,0.1856307192039156,0.1760230161756784
6.891,-0.1534285169016777,0.019408000278354064
6.892,-0.0671656205706989,0.149413158872609
6.893,-0.3859003444286952,0.0747018136704896
6.894,-0.5187778557174934,-0.15856119555519207
6.8950000000000005,-0.4092522808737694,0.16491792071792044
6.896,0.0378518087588927,0.3933427874771911
6.897,-0.5796177395517204,-0.10068499237799428
6.898000000000001,-0.4831399322958772,-0.28578334550355033
6.899,-0.4069689928965549,-0.19119883120348752
6.9,-0.1198529985531005,-0.1760384429911439
6.901,0.3216343242074857,0.2070227281926905
6.902,0.4994670762286231,0.19337099343874087
6.9030000000000005,0.5239692233017229,0.13469372155515708
6.904,0.3871867187792614,-0.06405679220233862
6.905,0.1438210737487464,-0.36516032800800147
6.906000000000001,0.3398243498579946,-0.08904820546498676
6.907,0.4970281666021245,0.06268666451109117
6.908,0.203288221237684,-0.036658697533248574
6.909,0.2567292630052031,0.057603370313054805
6.91,-0.0019417682202083,0.04813539528897789
6.9110000000000005,-0.1905481150701897,-0.08738342990281138
6.912,-0.3722959498751741,-0.036692696428146265
6.913,-0.1791448696095046,0.17599497128934383
6.914,-0.330865113884469,0.18030382746245208
6.915,-0.1399432630893321,0.3204388230452776
6.916,-0.3164641497720653,0.1952255518380941
6.917,-0.4547340284578119,-0.07457029071138567
6.918,-0.1323083988241649,0.20459996959384746
6.9190000000000005,-0.5031138589458479,-0.35486582842560177
6.92,-0.4723449882448455,-0.4209526811179992
6.921,0.1515623904707662,0.009484580273006766
6.922,0.0172015723253961,-0.2223506043011183
6.923,0.1339840414450008,-0.24029059879032055
6.924,0.1390961409247582,-0.2897513211956224
6.925,0.5442334482721934,0.08988108378255706
6.926,0.5135790960653147,0.06594888953259687
6.9270000000000005,0.4421172180047442,0.09473381805365787
6.928,0.5575364494463105,0.2663217389268705
6.929,-0.0292602611552841,-0.12009457658593972
6.93,0.1810729735636491,0.15956624197808142
6.931,-0.1604152441757171,0.05969927384924977
6.932,-0.3331017502135886,-0.07672842415182006
6.933,-0.3930929333337541,0.075874387512649
6.934,-0.5472411974981691,-0.11246318980335766
6.9350000000000005,-0.4634956723546671,0.09809685739455529
6.936,-0.3195150452447757,0.12617516573448728
6.937,-0.3900343141899994,0.07131609116089546
6.938,-0.1829743080527846,0.10436708129683663
6.939,-0.0633459604863242,0.13956106423320322
6.94,-0.0375738056899039,-0.013116028478409723
6.941,0.0754809116010115,-0.044751772636234734
6.942,0.6064814345536217,0.3689040215650646
6.9430000000000005,0.1115804534725382,-0.27857431731105325
6.944,0.0762654378439378,-0.3178715357660613
6.945,0.7187805030964134,0.21006253836399194
6.946,0.2700442708409265,-0.11192461182705275
6.947,0.3760126679087197,-0.058767243225444334
6.948,-0.0356355344693224,-0.23872066491672617
6.949,0.1348805553159788,-0.06541278604062112
6.95,0.0332513300090508,0.10908769033200973
6.9510000000000005,-0.0333051254002977,0.06888829776514518
6.952,-0.0811198364484284,0.26727974744677885
6.953,-0.4390684402169332,-0.0832861416657381
6.954,-0.519714358106234,-0.01180834698459048
6.955,-0.2193979081466087,0.24517405973503956
6.956,-0.5204710113708335,-0.0329120139487728
6.957,-0.8228036704807256,-0.4322730083162922
6.958,-0.4988105734454157,-0.2123845943869367
6.9590000000000005,-0.1846751798193839,-0.01751511625461668
6.96,-0.0363321414685463,-0.06527821355773664
6.961,0.1434631625192948,0.029166353488311494
6.962,0.1179802043458099,-0.23028685915776506
6.963,0.6274795678426415,0.28619402052706977
6.964,1.0257428576069598,0.4672914304672612
6.965,0.3887529041344331,-0.035046355560890335
6.966,0.6365309524448189,0.050452493555526216
6.9670000000000005,0.2693060743030019,-0.0598586617964952
6.968,0.4215073832789492,-0.0041362176969368504
6.969,0.2095799246252438,0.11526847007892782
6.97,0.0061257333347654,-0.13522418615212878
6.971,-0.4861200844402939,-0.297674719836813
6.972,-0.339304831305282,-0.18173648129324607
6.973,-0.3309571538219141,0.07551003246088629
6.974,-0.1782421522693179,0.18058736904027314
6.9750000000000005,-0.3670370738300957,0.10325347409508748
6.976,-0.4116007193945473,-0.021840011177104802
6.977,-0.4148175344982877,-0.06655006806981703
6.978,-0.2159554685619948,0.028130391148153116
6.979,0.0944750660604532,0.17410917923484098
6.98,0.3400282269093477,0.3236621282940804
6.981,0.1496543515130584,-0.08965969983960916
6.982,-0.1158261449296429,-0.4019112086591573
6.9830000000000005,0.5869057668821159,0.0953607677757401
6.984,0.4099209416775887,-0.046893616716673955
6.985,0.4400096449541226,-0.14330449594225514
6.986,0.4144767078821892,-0.04456824911737492
6.987,0.3328302256102174,-0.14662559949899553
6.988,0.3952321019832788,0.10579616217448531
6.989,0.2109494286593163,-0.005238544259055678
6.99,0.0692758757747708,0.0566043308343471
6.9910000000000005,0.0029521642878124,0.11593124153130686
6.992,-0.0446728172432723,0.21852163281152875
6.993,-0.1615827621828417,0.23063873391099704
6.994,-0.598913368348602,-0.16988752042832175
6.995,-0.4248258548002412,0.10118550904615567
6.996,-0.099331629109043,0.3184790083337218
6.997,-0.6232948134269116,-0.14948641031018586
6.998,-0.5307003111673219,-0.29869203492326796
6.9990000000000006,-0.2425572391618252,0.021413734740684098
7.0,0.008277595762243,-0.048096266269520446
7.001,0.1841178360109357,0.16613678646519542
7.002,0.2273499551236586,-0.10522041758783403
7.003,0.0966862490802669,-0.16545884431754934
7.004,0.6815287073820381,0.1977463015850817
7.005,0.1231942371553954,-0.2521125589055448
7.006,0.6172422372251397,0.1732866392053889
7.007000000000001,0.0149089732364379,-0.2997903480735256
7.008,0.0211530364214089,-0.19979002897971293
7.009,0.5608205035856579,0.45761827815025324
7.01,-0.3991596050275918,-0.2934260543454133
7.011,-0.2217975409311362,-0.04227142745697212
7.0120000000000005,-0.222089350666372,0.19335787014744102
7.013,-0.5271676245099274,-0.10032164258373352
7.014,-0.814537217994934,-0.22184306666832995
7.015000000000001,-0.570117184902518,-0.024042725969151642
7.016,-0.6096082511434825,-0.03885772610760006
7.017,-0.532725002904922,-0.03817548150844743
7.018,-0.3584524365396234,-0.0017333852968169135
7.019,-0.1238166712769257,0.17271883882368058
7.0200000000000005,0.3907170718118805,0.4192546663889133
7.021,-0.1272372100251708,-0.09319734545448469
7.022,0.2644337953404844,-0.030078679954977833
7.023000000000001,0.3273891408062767,0.14218132685802126
7.024,0.4548145763191198,-0.04174129002180099
7.025,0.1796853150785848,-0.09028894527561464
7.026,0.5928131747393287,0.08510374671253756
7.027,0.1909908948552486,0.009061151216282072
7.0280000000000005,0.1328599818205373,-0.1964063497812138
7.029,0.0805348467103933,0.12887556644276868
7.03,0.21185519201874,0.17970286152169393
7.031000000000001,-0.1671170302519589,0.16520887574058388
7.032,-0.2552558637709348,0.015270518968712501
7.033,-0.8668889929277112,-0.30945416940370596
7.034,-0.441669471323146,0.024350739652269797
7.035,-0.5089081874529411,0.12172369965348115
7.0360000000000005,-0.7500718139748338,-0.2656564954256303
7.037,-0.5078705394875199,0.007203578228635894
7.038,-0.2745995077359137,0.04995533877543694
7.039000000000001,-0.2615630315043937,-0.0166126527082598
7.04,-0.1459613383322008,-0.09235774575405077
7.041,-0.0584679594227411,-0.14482068374521162
7.042,0.8232311531506844,0.6033154127960798
7.043,0.3721416213811212,0.011620786738541299
7.0440000000000005,-0.1050482312941065,-0.49363908456590233
7.045,0.5501566069386012,0.07136806185566952
7.046,0.3821136114116506,-0.005603028729770713
7.047,0.3213463722126139,-0.0785012112042049
7.048,0.1337309261162285,-0.0852584057982029
7.049,0.2392132435444648,0.08295652359658424
7.05,0.0785908707136543,0.12928964025104528
7.051,0.013238256862732,0.17063932124727138
7.0520000000000005,-0.3180672965046819,-0.0028768071007623797
7.053,-0.7204591084714341,-0.29990577175887456
7.054,-0.6879552298943576,-0.21853615279395874
7.055,-0.6466914965391208,-0.11392350372608152
7.056,-0.4850610246131249,-0.03537765877125412
7.057,-0.6352368377742984,-0.1828159361387664
7.058,-0.1610912613488575,0.0973270738443919
7.059,0.0206651863091279,0.23281711343091963
7.0600000000000005,0.1310181907953198,0.09491481861620943
7.061,0.1455133876234725,0.051144212738293955
7.062,0.2227959612712607,-0.10220322884005721
7.063,0.6150644356257507,0.26588732614558863
7.064,0.6545765458726361,0.15481529182164155
7.065,0.4341926667168694,-0.020917989817038275
7.066,0.5804231027328824,0.08654152410878262
7.067,0.3009172845127316,-0.07141474136570325
7.0680000000000005,0.4423240876561365,0.13280536425880107
7.069,0.0883998827007777,-0.043907065873614676
7.07,0.3549059634262224,0.33718647615727765
7.071,0.158449152656949,0.3333271249574467
7.072,-0.528075805847799,-0.2595331335404947
7.073,-0.2849568539093162,0.14921959370593016
7.074,-0.5907188006539392,-0.152413829124798
7.075,-0.5977534252121901,-0.049710586994529266
7.0760000000000005,-0.3245955552282229,0.10175310970852058
7.077,-0.7454059356167462,-0.27247870198890756
7.078,-0.5766285025073379,-0.3382427239993738
7.079,-0.5778455806765785,-0.34191934357857234
7.08,0.0458371477167582,-0.006025642446490792
7.081,0.0999033908443067,0.025207620753830755
7.082,0.4531286053829043,0.12173381325832838
7.083,0.2717821213467766,-0.07077849275187599
7.0840000000000005,0.3058682226929988,-0.18585546907062717
7.085,0.5362117502309183,0.0684234016836041
7.086,0.6456304770505689,0.17527304714390105
7.087,0.2885492245944739,-0.11659775127102602
7.088,-0.0720453924424505,-0.3463280939116328
7.089,0.1647027138232514,-0.016883129302408664
7.09,-0.0173137981938432,0.005405640597412725
7.091,-0.0660059361873114,0.04822189590343078
7.0920000000000005,-0.2041982951258111,0.10428678249379919
7.093,-0.1155190945578197,0.25067188480611524
7.094,-0.3498484417588497,0.12496896382559392
7.095,-0.4177924677598661,0.05790660865187322
7.096,-0.4234721527448203,0.03464990954928876
7.097,-0.2926975480523833,0.10749760859911865
7.098,0.1364959851964794,0.39945915858877384
7.099,-0.5328320350268941,-0.3623745142795157
7.1000000000000005,-0.3236044162774942,-0.3637602407815907
7.101,0.2321140617621467,0.11112035982864128
7.102,0.4357365870634172,0.0941885092839023
7.103,0.3884492683641496,0.032820925539290995
7.104,0.4971478488621972,-0.035601268921711615
7.105,0.5044227996720765,0.06862221503551802
7.106,0.5266813322381864,-0.02001838621535794
7.107,0.5530856165062075,0.22940984027411343
7.1080000000000005,0.4977034838741896,0.11569902803506685
7.109,0.0259979552334222,-0.030620789363546834
7.11,0.1998311283156767,0.09681644931545598
7.111,-0.1598865798837369,0.10678589389033095
7.112,-0.0731023716947269,0.11150829928984798
7.113,-0.727445925710477,-0.20331397056713651
7.114,-0.6307154103288383,-0.2568145062535727
7.115,-0.7478688867199087,-0.130787131129766
7.1160000000000005,-0.3741239989265877,0.02299557807145382
7.117,-0.386550464491684,0.12170073535873277
7.118,-0.5403628887852205,-0.28879031631423835
7.119,-0.5321575018549819,-0.29595083112070936
7.12,0.2862598116606876,0.2860335750430721
7.121,0.3104423314386411,0.211645990678493
7.122,0.2907359191301343,0.035494271711420576
7.123,0.0501850276287765,-0.3218549601321488
7.1240000000000006,0.1305640480630309,-0.280003684034101
7.125,0.7067870251143855,0.22502872684129582
7.126,0.4894461258684411,0.0864679044919018
7.127,0.4409193989042473,0.05319786784577968
7.128,0.1185305827695942,-0.11407765128795867
7.129,0.1481938527482099,0.020811193128109216
7.13,-0.0935643966848772,-0.05629335452546552
7.131,-0.4719355666576993,-0.2737594595906265
7.132000000000001,-0.5338455681813461,-0.22913973450808717
7.133,-0.2640086076944488,0.19906282056895697
7.134,0.0945330665780659,0.5624104151549013
7.135,-0.561682524084207,0.003628967250216904
7.136,-0.1788769397899313,0.2850166810754115
7.1370000000000005,-0.2324054755573482,0.23317596654489736
7.138,-0.2640856337204246,0.028771049131467948
7.139,-0.2544506261077594,-0.05285491499536179
7.140000000000001,-0.4423254205583619,-0.42312915438127396
7.141,0.0485413143463516,-0.07912620029114298
7.142,0.2046139643077632,-0.04672253078317121
7.143,0.4299390203564218,0.029195786011287674
7.144,0.250922207183405,-0.1601418981507433
7.1450000000000005,0.3902232100672733,-0.12986479754872313
7.146,0.360597420519578,-0.031901196433099514
7.147,0.5372876498583199,0.08933510494830656
7.148000000000001,0.6376727131279019,0.4416161895946653
7.149,0.0880235712638763,-0.13026385985880884
7.15,-0.0308081508333718,0.07696718798910503
7.151,-0.0874421807912957,-0.009477828845005046
7.152,-0.5422435648152768,-0.138296555675099
7.1530000000000005,-0.1481780489680101,0.17997939786863357
7.154,-0.741587934172314,-0.16404464263272364
7.155,-0.5954996570221903,-0.15558687090044768
7.156000000000001,-0.9237508085478348,-0.3643555766469392
7.157,-0.3180275812590991,0.05654392390407126
7.158,-0.2042271626153045,0.14996406989871258
7.159,-0.1525278535450744,0.008533405147379831
7.16,0.3450734643631509,0.3845416676555254
7.1610000000000005,0.1168539650341393,0.0014209727932887606
7.162,0.1250614738772218,-0.13938575062429936
7.163,0.4646815949850267,0.11873668555978864
7.164000000000001,0.5541945179779421,0.11346508124416348
7.165,0.3506486082443834,-0.08859594037389772
7.166,0.4961064950688613,0.07560512151429592
7.167,0.4294263112199117,0.07246750955572501
7.168,0.207008047393589,-0.0021400660372299356
7.1690000000000005,0.0791977566999839,-0.04926941719030127
7.17,-0.0965993249268295,0.019154484225002537
7.171,-0.1567170584971271,0.0034824710647078302
7.172,-0.7199290544841401,-0.28594411325837465
7.173,-0.4725914892087999,-0.07331726629932295
7.174,-0.7623911913297305,-0.13401394378154818
7.175,-0.4376289047943926,0.05984913554193031
7.176,-0.4846082606799433,0.1445504599321707
7.1770000000000005,-0.3791358076520189,0.038508321915270524
7.178,-0.0913044151795939,0.348324085164858
7.179,-0.0602953690743077,0.1313989670015509
7.18,-0.3229990684695918,-0.1891485208830695
7.181,-0.1058322424664154,-0.19686862286905504
7.182,-0.0187017327735958,-0.19089541907313068
7.183,0.3080673517019241,-0.009845213746378253
7.184,0.3548687861131351,-0.009638007229373295
7.1850000000000005,0.1261741247268384,-0.2700600321798769
7.186,0.6423861054647769,0.2681723909840186
7.187,0.4387945128967333,0.14937715429990978
7.188,-0.0751951913595924,-0.27849721867292615
7.189,0.2968171440769837,0.2649944447521766
7.19,-0.0343549010022479,0.04261474781662716
7.191,-0.6172333011403119,-0.33397477610665377
7.192,-0.3910180443597656,-0.03668948072653767
7.1930000000000005,-0.4179026602412623,0.12061598911701
7.194,-0.51557369973827,0.003315011336587719
7.195,-0.3567319183646156,0.2807846403610989
7.196,-0.3445939250299026,0.16058074981720802
7.197,-0.8836892775544816,-0.3419441377847001
7.198,-0.408116030655513,-0.09159948046641236
7.199,-0.2544513227788397,0.03137851272083941
7.2,-0.0266638378286466,-0.0033813268301285376
7.2010000000000005,0.1964809950229027,0.16176113141901233
7.202,0.327839397088797,0.06341069047021147
7.203,0.4100586872187494,0.11057013669699185
7.204,0.6174596097858723,0.17782396848380053
7.205,0.0875364164258629,-0.3210673639689696
7.206,0.3991422757884404,-0.04088784277365936
7.207,0.647695005041786,0.3273244428242719
7.208,0.3692355731544257,0.09723905315935195
7.209,-0.002356385719199,-0.06938560275548651
7.21,-0.0571147574732643,-0.06477691321378988
7.211,-0.1304973354161513,0.12590993596830666
7.212,-0.378252685510913,-0.13448799145802184
7.213,-0.3549618608385521,0.17236667217929427
7.214,-0.5863797184096659,-0.2071939859986751
7.215,-1.058200614360209,-0.4167919628073253
7.216,-0.2506758043597196,0.09084529926490229
7.217,-0.6021039040038519,-0.04966716236420396
7.218,-0.0029843216627968,0.13848678079221663
7.219,-0.5085968473948376,-0.21782047085392592
7.22,-0.0040133682359228,-0.15112140905948818
7.221,-0.0291838407994489,-0.077326792534913
7.222,0.2507978102764193,-0.16458375234185452
7.223,0.5331535885136072,0.19264830709460506
7.224,0.7025117810042891,0.14229549005654968
7.225,0.5275791172160895,0.045576176311850486
7.226,0.4754036867473918,-0.04772053347270233
7.227,0.4259166309451129,-0.0020429556133693388
7.228,0.2888138321820896,-0.024174143626277497
7.229,0.347416525321025,0.1378860202885987
7.23,0.1988824460825234,0.1953503566179081
7.231,0.0244181617714892,0.10415671409734482
7.232,-0.328397816181245,-0.034999014862184874
7.233,-0.3374008705539786,-0.016284607396889587
7.234,-0.2997986729877083,0.16927802899736832
7.235,-0.3606405744204288,0.05681235022554002
7.236,-0.4813658346807255,-0.022779367694949756
7.237,-0.5506108030793183,-0.21949471958183725
7.238,-0.3725728732522793,-0.10738622550606484
7.239,-0.3107798880582242,-0.21262628471494638
7.24,0.1195609866351731,0.07928820805774678
7.241,0.8291213025328508,0.642705055067176
7.242,0.5857728471675643,0.24091674396283608
7.243,0.4413036334839086,0.03459053965055484
7.244,0.0986324585949235,-0.4367326865989015
7.245,0.1228983219019635,-0.3494966003127547
7.246,0.7071990787785245,0.1664342781669505
7.247,0.3141926401811873,-0.03926727090605983
7.248,0.314057340672011,-0.044763607411707776
7.249,0.0171499599273148,-0.07421588620963776
7.25,0.0442631034557452,-0.013595899176817472
7.251,-0.0835153634604219,0.13341372860863654
7.252,-0.165634660717478,0.08335547074708131
7.253,-0.7885170739807372,-0.3323220758546643
7.254,-0.6519173783722267,-0.2049346995530062
7.255,-0.5697557225183909,-0.03325716348970036
7.256,-0.6963288994102182,-0.2324254110255313
7.257000000000001,-0.0660950735026373,0.3612671444125539
7.258,-0.1382351148640285,0.15987821818061965
7.259,-0.4044160220579977,-0.2352015938331113
7.26,0.1601417045020364,0.17885297889967508
7.261,0.5564629138216189,0.41469204457830994
7.262,0.4327682942229124,0.17089372628769173
7.263,0.1720326552841894,-0.2171082015813145
7.264,0.4800565544354068,0.0480002009690248
7.265000000000001,0.5669892170950641,0.08697814173712097
7.266,0.3871225152853627,-0.037287799518555875
7.267,0.3002255747535484,-0.07984891263674258
7.268,0.1387660328768781,-0.10235136377021171
7.269,0.1706875204009385,0.04334029473600771
7.27,-0.21009598603943,-0.16253171924931362
7.271,-0.1997235991280405,-0.01802269966359579
7.272,-0.551152120867308,-0.22032391565598106
7.273000000000001,-0.5664827076377219,-0.1377839217270492
7.274,-0.1437848966858591,0.3558105763489282
7.275,-0.665951441515098,-0.14675547191742594
7.276,-0.4331087547145811,0.05452699423701549
7.277,-0.2487225569292755,0.17070830237742673
7.278,-0.347343386862939,-0.05106232476990021
7.279,-0.1162874305168127,0.05299452937203718
7.28,-0.2180863655970225,-0.2236308942534504
7.281000000000001,0.1126165450002708,-0.02109456798569832
7.282,0.4396349573548175,0.13294654694547445
7.283,0.5605112154105529,0.1882510599533545
7.284,0.490664628459824,-0.004832714476668953
7.285,0.1414643019218026,-0.31277771526303627
7.286,0.4487436379663305,-0.054099227082923564
7.287,0.1846292360059807,-0.1629532356376092
7.288,0.237452892246568,-0.0913632353668106
7.289000000000001,0.3609911969772565,0.26913252803091947
7.29,0.1553171337841333,0.11271413138300919
7.291,-0.3209609683314802,-0.10432183882336231
7.292,-0.1618542898295555,0.08237254000181031
7.293,-0.2130866437931808,0.2478870442166552
7.294,-0.3157626174866737,0.10514377168918343
7.295,-0.5905925651403446,-0.04274715774269691
7.296,-0.3287839266996413,0.09152321312047833
7.297,-0.1944150318952695,0.24830088281929688
7.298,-0.4350046037855735,-0.19020592413742998
7.299,-0.2489757995435937,-0.06599850119652342
7.3,0.3345755613436212,0.29978815634391043
7.301,-0.0710635879662911,-0.20714338634983387
7.302,0.2599598009176228,-0.046756544256276254
7.303,0.55930338553493,0.16230750931673035
7.304,0.1969244481739678,-0.2649622718931558
7.305,0.5260760316223977,0.02165333135602332
7.306,0.4565765266393302,0.02042860762096739
7.307,0.1936976830426293,-0.22727338429853142
7.308,0.3351230535625065,0.09951793644643789
7.309,-0.0828823444928128,-0.26356971104458987
7.31,-0.3192933070103321,-0.2545693520863947
7.311,-0.11272778290628,0.011908983087546754
7.312,-0.4608968139789414,-0.11178087253209325
7.313,-0.2392343773938244,0.14133612229707818
7.314,-0.4292857503710553,0.07664859690368708
7.315,-0.4455827603864991,0.04727235019517752
7.316,-0.3252101815236929,0.14600547431317135
7.317,-0.3079302945412909,0.1143204804924773
7.318,-0.5076984943026551,-0.2536139217247342
7.319,-0.256582019411564,-0.05782447224245571
7.32,0.2865368506680965,0.22043961049071958
7.321,0.0383084398536815,-0.051786529951313026
7.322,0.5183257816368027,0.1487259192211911
7.323,0.1863756772578959,-0.14625894458639596
7.324,0.2130358781471842,-0.32916771189159855
7.325,0.6293307983712493,0.1934934776971018
7.326,0.7986190117981191,0.27995553697116093
7.327,0.129003108438292,-0.23175776870417353
7.328,0.4346224573425964,0.12730772216857897
7.329,0.597861501908563,0.4600845229181317
7.33,0.0376686758986722,0.050724917010380156
7.331,-0.0243190938689866,0.12067927694816044
7.332,-0.3132685070045376,0.010137022668786662
7.333,-0.4355951016398726,-0.06043153020881516
7.334,-0.6195866831799173,-0.10989749293808208
7.335,-0.6569067978956744,-0.19749837646673005
7.336,-0.7008696733609182,-0.1947998182943201
7.337,-0.4513422652475529,-0.09145996710566409
7.338,-0.5059067815920814,-0.18652235791285904
7.339,-0.3014100478552755,-0.19191641327018108
7.34,0.0836138557914744,0.10939810975334456
7.341,0.3077752373368336,0.1077870480074144
7.342,0.4388667942531983,0.1798974123622703
7.343,0.6627640244127997,0.21027635168293832
7.344,0.8202461299433521,0.396049386970514
7.345,0.4172305566448414,-0.13479970671264285
7.346,0.0803902397880445,-0.326148543165665
7.347,0.7029496594928448,0.24290987261765792
7.348,0.1455965634811536,-0.06782022370267685
7.349,-0.0987927986490088,-0.3095601252009231
7.35,-0.2597777842172467,-0.17878871902166743
7.351,0.0757742795869154,0.1766654893211616
7.352,-0.4242569431928777,-0.05974995712972553
7.353,-0.5808061928407804,-0.22514333402899012
7.354,-0.3422412494434244,0.18745930666848282
7.355,-0.2854297727677447,0.17037773032731274
7.356,-0.5925637255788315,-0.0783360248568289
7.357,-0.5626248910908901,-0.19938050602048119
7.358,-0.3143246271610331,0.009693652284214928
7.359,-0.0613127935493694,0.0530690632725691
7.36,0.1475152910021887,0.1784812347448252
7.361,0.2438517664929183,0.05026709730008169
7.362,0.1265619797115626,-0.12765285303109464
7.363,0.4772268569803076,0.036820502977023384
7.364,0.4548416091086728,0.030964525313321733
7.365,0.6988825952821586,0.16972648053494718
7.366,0.4206618306439796,0.00671531015018103
7.367,0.2631213642000692,-0.16027585809071235
7.368,0.0757324752267699,-0.1528321648124436
7.369,-0.082968946301973,-0.24388543523813894
7.37,-0.0426251625231014,0.018370723630633193
7.371,0.0508994960687549,0.21241059832133383
7.372,-0.281550747566533,0.06157341347735129
7.373,-0.1600415733188207,0.2655650559646281
7.374,-0.1640912347690711,0.3438798692756654
7.375,-0.6875499554357354,-0.15081860742503966
7.376,-0.528418510871517,-0.039233216429741
7.377,-0.3025512162719852,0.15726050262705069
7.378,-0.3060650665193661,-0.016570369026754316
7.379,-0.1936537132938786,0.038747247726247006
7.38,-0.1062714077385279,-0.12581183452586464
7.381,-0.257086573435962,-0.30774670982506236
7.382000000000001,0.1774188520988145,-0.14669961319710995
7.383,0.2227421877504114,-0.05175915239555957
7.384,0.6580504344863425,0.14741939278654057
7.385,0.5208347763619374,0.17194394173910058
7.386,0.2761401734021853,-0.23210611710432522
7.387,0.3275848211600696,0.08383976558180596
7.388,0.2494112702874605,-0.06629836785499717
7.389,-0.1618487030458456,-0.16286908111233642
7.390000000000001,0.4750503620732331,0.4731648010625457
7.391,-0.5956348243362726,-0.3136434663387245
7.392,-0.7338467137582478,-0.41428762436842537
7.393,-0.1482107712357344,0.3425323877389548
7.394,-0.415814290728203,0.11656399333779802
7.395,-0.5439207325270391,-0.005638230364162623
7.396,-0.6127529332490566,-0.05110612841920926
7.397,-0.6242667583857662,-0.22524396677172814
7.398000000000001,-0.4282457788857111,-0.02696094570576433
7.399,-0.2450229507326889,-0.12554461449465026
7.4,-0.1331036545183951,-0.01742338471864601
7.401,0.518087506907142,0.3196839321904723
7.402,0.1560175001712604,-0.029512080844746734
7.403,0.694245607261164,0.2584544756549924
7.404,0.8077445568888209,0.41817532575016136
7.405,0.7079005154432935,0.20549363681079252
7.406000000000001,0.3785043503716206,-0.045067540526592925
7.407,-0.0661488837087488,-0.43721372184240265
7.408,0.2434689450895702,-0.03901927068061958
7.409,-0.130724325827283,-0.21900565377382136
7.41,-0.2378699146314329,-0.2679336940980885
7.411,0.0952635563002002,0.3381038606128751
7.412,-0.1016895775518198,0.12542701897395145
7.413,-0.5214422946636792,-0.021216178940843166
7.414000000000001,-0.4822471112127632,-0.10019306161278484
7.415,-0.695697777044749,-0.10797659242916478
7.416,-0.3007281273202908,0.06838504072673549
7.417,-0.4029693080554772,0.0686300788689871
7.418,-0.1951426353294025,-0.0059364243041501955
7.419,-0.4054203966361016,-0.2111714206613542
7.42,0.1652970422784664,0.07369346898132298
7.421,-0.1350341218075999,-0.27609408974259225
7.422000000000001,0.0529386828108491,-0.315178628268211
7.423,0.5686385330385251,0.15970715311411607
7.424,0.4726722320973643,-0.06352685981754408
7.425,0.6632133330109593,0.1533423576765456
7.426,0.7791971128037457,0.24731744583789095
7.427,0.6553305518314436,0.24630588299259715
7.428,0.3716288084208182,0.01626597716427107
7.429,0.0345743368589898,-0.11534817507345765
7.43,-0.0248389306256422,-0.09590637522797003
7.431,0.0627998378991751,0.22523634898143355
7.432,0.1270482887121254,0.3435679688953324
7.433,-0.4929898143022115,-0.09016063439322564
7.434,-0.5128266850991887,-0.11113064213576819
7.435,-0.7050810995000714,-0.23061397349939175
7.436,-0.1225825210627545,0.29394301971075554
7.437,-0.4409483747869411,-0.09398124822965977
7.438,-0.5783531554592692,-0.32187273141638995
7.439,0.2647970015776609,0.3328277964175448
7.44,0.0243287243514961,0.006557611069852981
7.441,0.1791638806539097,-0.0763912321312313
7.442,0.2489316843427122,-0.053832507088570014
7.443,0.688956056102901,0.18941316113241116
7.444,0.666679562333215,0.1750530578992614
7.445,0.5277482194510398,-0.0419148529026562
7.446,0.4950764117487818,-0.020128717055315506
7.447,0.1459018673984874,-0.2915477707397802
7.448,0.0894523952408681,-0.27957757853365794
7.449,0.2107623451391793,0.059680905943180707
7.45,0.2005182344020775,0.08599547070509016
7.451,-0.1794923209263378,0.003042511015345437
7.452,-0.3285590923298366,-0.18308432251712597
7.453,-0.488522745917856,-0.051189659064003724
7.454,-0.1630911190792415,0.14366852204279099
7.455,-0.674168211666838,-0.15864560769486286
7.456,-0.1856151336707736,0.11869539693644246
7.457,-0.402688597808711,-0.01792628791753131
7.458,-0.1212873212991431,0.015969844106426184
7.459,0.0017836003529536,0.09220501350697868
7.46,-0.072027477564731,-0.2025105130166936
7.461,0.4715159810997375,0.2096357699434269
7.462,0.3103295881503614,-0.08405597846767303
7.463,0.4672354302908928,-0.0790430309764064
7.464,0.5089399575823352,-0.04082190744692148
7.465,0.4865824059031248,-0.17675809079288976
7.466,0.7321557586794255,0.19864583047760065
7.467,0.5711804836995142,-0.004359444364289381
7.468,0.6035279077654377,0.2532376505469546
7.469,0.3307204558754268,0.01125154685461199
7.47,-0.1329089090013134,-0.2049054205845586
7.471,0.1616965754676888,0.17017255970391099
7.472,-0.4559352297869045,-0.2655656495754751
7.473,-0.3633863422684706,-0.07564540999857904
7.474,-0.1212401345719199,0.2099633845003863
7.475,-0.124543844558529,0.29328407717511884
7.476,-0.1961489376864649,0.09645382816314102
7.477,-0.5037501651667432,-0.14848502009613007
7.478,-0.0761445725853928,0.011174169430887292
7.479,-0.1549684714426417,-0.02565426693278999
7.48,0.233493270624595,0.027849324158543142
7.481,-0.0567716078175093,-0.22604013960100566
7.482,0.4446618200095173,-0.026235606906292175
7.483,0.6629706092093341,0.23962187011970015
7.484,0.6440593922220118,0.04357246582871693
7.485,0.4726941736393704,-0.061838708503736496
7.486,0.692834524194885,0.1578410579930737
7.487,0.7012852020120723,0.2401040041939869
7.488,0.1666418469666855,-0.11994209884223225
7.489,0.3644053666071271,0.13054261744352963
7.49,-0.1901975971590279,-0.12567349171551143
7.491,-0.4055234752719819,-0.348130137677303
7.492,-0.2138696197333814,0.18494995629768987
7.493,-0.2604796011996163,0.038901380211863845
7.494,-0.5381171018855739,0.06304555271468411
7.495,-0.4786919558574933,-0.07809818872425739
7.496,-0.5076663463998995,0.09565355919780981
7.497,-0.2052292427911459,0.12096134004621655
7.498,-1.0095949622743483,-0.5993121011669036
7.499,0.1219810561210904,0.2320859785685016
7.5,-0.1410309462478571,-0.04139716912123917
7.501,-0.2561636916453643,-0.4154870746098621
7.502,0.345443672576874,0.13827296352565302
7.503,0.097269801715951,-0.2761562290503689
7.504,0.5182754824906952,0.12643226661762763
7.505,0.4197068564053016,-0.02416580368730748
7.506,0.0915741654380439,-0.2937181574308906
7.507000000000001,0.3501544850725686,0.01413633789392001
7.508,0.4539534438324568,0.259872532155661
7.509,0.1740333124151843,0.09132840312301513
7.51,-0.1198440267621941,-0.01650786273451098
7.511,0.2232912294577488,0.4503177429554181
7.512,-0.2358575113311658,0.15186319555594832
7.513,-0.3639756631530825,0.11693696567039247
7.514,-0.6177788751914498,-0.07233708286772947
7.515000000000001,-0.8342169298650712,-0.24815061449586515
7.516,-0.4875241564868996,0.02423792408236125
7.517,-0.6725526526304868,-0.16744840460814917
7.518,-0.3250726519001806,-0.0297173778343805
7.519,-0.2319803935089027,0.03914986283890455
7.52,-0.0007283434697741,-0.025840951604673715
7.521,0.1422891305099768,0.11715331788276774
7.522,0.3089836054810203,-0.02147553848789279
7.523000000000001,0.5475357405013843,0.2767495983455916
7.524,0.7269963551380723,0.22124004511610637
7.525,0.2776013533269981,-0.09669150648896704
7.526,0.7225688958816949,0.23840318386406267
7.527,-0.0304420078742393,-0.33063694589520326
7.528,-0.189815847785578,-0.4629846779886093
7.529,0.0433640143017696,-0.03844172834438507
7.53,0.0028785114284258,0.050679211414072126
7.531000000000001,-0.0460366300173714,0.14622950405377078
7.532,-0.3552116409475819,0.0026501519908254884
7.533,-0.3781411177038107,0.03380032271258636
7.534,-0.7995988105387508,-0.25897138505624845
7.535,-0.5820408279747562,-0.09442646481983734
7.536,-0.2007782475050195,0.3277492546558483
7.537,-0.3602718693091167,0.024762654424828057
7.538,-0.5518063557770609,-0.223457716671644
7.539000000000001,-0.1757466963352004,-0.036909666022489934
7.54,0.1570158793489446,0.17501520872860837
7.541,0.6109445469415629,0.45043105668238087
7.542,0.4262975671649232,0.1432636903597765
7.543,-0.0043357248749256,-0.4055482356579714
7.544,0.2565039520007943,-0.20311072439397332
7.545,0.4222327540680033,-0.07098118971107889
7.546,0.5976225219953701,0.15271957910599404
7.547000000000001,0.3184162094761717,-0.08373303483462274
7.548,0.117437686423261,-0.1280780182572003
7.549,0.21737238869994,0.05439888521838686
7.55,-0.1600111786340896,-0.0987893366902424
7.551,-0.028247363941336,0.10445068373109574
7.552,-0.4707177994707513,-0.11312098275985394
7.553,-0.2103427667451242,0.16081415895946624
7.554,-0.4638431307133869,0.0666714139540383
7.555,-0.6255909973937337,-0.1651949035386663
7.556,-0.2091128283547897,0.30468316302423293
7.557,-0.4528464716876436,-0.08642017062825455
7.558,-0.1572491300386466,0.15489482734475857
7.559,0.1588232971714938,0.28617514296563473
7.56,-0.1673528449237197,-0.16858709206452818
7.561,0.3078136574915564,0.14643235290722895
7.562,0.3158931222485646,0.003943985135053422
7.563,0.3018635584441087,-0.0827988485381182
7.564,0.4568070647718684,-0.050002258377409896
7.565,0.3389049443985531,-0.11390335253432371
7.566,0.7903553907649103,0.2741513737382529
7.567,0.30694828961459,-0.02943892304614359
7.568,0.0269589007453035,-0.3132532100163487
7.569,0.1551065367766088,0.0771481158624585
7.57,-0.1166827045833735,-0.16497203789902457
7.571,-0.5874956953022821,-0.36379180867968874
7.572,-0.3974267837056328,-0.14954687263713803
7.573,-0.6799153142649936,-0.22877265643659045
7.574,-0.5331244174142719,-0.09605911826671633
7.575,-0.3743152664620381,0.1392003186204471
7.576,-0.315237299652086,0.1353735414966195
7.577,-0.3583175395755051,0.023676497067847718
7.578,-0.3533958899206337,-0.06553044615086011
7.579,0.0091671806139614,0.11057376475441558
7.58,0.3183885559544599,0.3340653819961249
7.581,0.3076197213145124,0.0816342721377209
7.582,0.5119161958909898,0.25443286453381464
7.583,0.5691410522913449,0.09002835157064865
7.584,0.0878125142329011,-0.3353606643905696
7.585,0.9152333942912182,0.3507179286745039
7.586,0.3193289286597596,-0.09462030083747298
7.587,0.4593931959433935,0.007285507616253673
7.588,0.5584806448990374,0.3295786145974276
7.589,-0.1608832135117555,-0.34712010033307616
7.59,-0.0530429523624592,0.011888929398065996
7.591,-0.4127638995838053,-0.2803468595133297
7.592,-0.4604995179755686,-0.10362010442792016
7.593,-0.3201171850228316,0.06602491892023062
7.594,-0.4731316467290142,0.06183160855277227
7.595,0.0989193010724983,0.5833091760277731
7.596,-0.7057540394561885,-0.17571842545458422
7.597,-0.6098554623838398,-0.21355952150647223
7.598,-0.3873927153057069,-0.04387775190015463
7.599,-0.353716556185751,-0.1927662924615297
7.6,0.0778853124084686,0.12538864391484966
7.601,0.1520404174786132,0.02494592833912377
7.602,0.1889533389511334,-0.05435602956439772
7.603,0.2748808485724501,-0.07838210033994289
7.604,0.3061057002517915,-0.11039581512319281
7.605,0.2626206461930616,-0.1636910451433232
7.606,0.5964289786423611,0.1913399869852427
7.607,0.7971639964821332,0.48399530467736124
7.608,0.069442655594989,-0.14331929909606667
7.609,-0.2302473417640851,-0.28229218381930815
7.61,-0.108029926709852,-0.02057117670557396
7.611,-0.4866618712751903,-0.22507531972372108
7.612,-0.4084437229456071,-0.02722541199732488
7.613,-0.4407244179946422,0.07106234615537216
7.614,-0.4885710445389934,0.06792130361273563
7.615,-0.5667277862087099,0.039455541151150006
7.616,-0.6853794385728833,-0.1389622657054682
7.617,-0.1995088896220896,0.3110907604808233
7.618,-0.3408181451448093,0.014387945232339905
7.619,-0.2046412628958311,0.05714544812289476
7.62,0.3450754818061023,0.4016986597073096
7.621,-0.1751926301632511,-0.22150284530353453
7.622,0.3540530324720538,0.11906612189732017
7.623,0.446167389393269,0.14865359636442704
7.624,0.1452457195488827,-0.2639588568695087
7.625,0.3839061211072921,-0.01318385478923058
7.626,0.3970193133848642,-0.004756201863215702
7.627,0.1650986280716335,-0.1429861411919755
7.628,0.1920651529981148,-0.026533801421130418
7.629,0.1359849439936239,0.07013995398816873
7.63,-0.1793183623638707,-0.11235490550762152
7.631,-0.3781427109400366,-0.14297746262783012
7.632000000000001,-0.3931512321149962,-0.050890382086084665
7.633,-0.4911561649057952,-0.01383332933233751
7.634,-0.6170807874573992,-0.11864117002240761
7.635,-0.4931715107265669,0.07177050475418903
7.636,-0.4451126612143128,0.02682779939012725
7.637,-0.7303196783920867,-0.26927875121419353
7.638,-0.1491172452143341,0.11940332190951487
7.639,-0.0324407955540462,0.16942084307070668
7.640000000000001,0.0223560777809249,-0.016712477401505964
7.641,0.187400965314428,0.07090575063777918
7.642,0.3553549003278674,0.01651090164866065
7.643,0.4897899033377182,0.11505048109759192
7.644,0.6184240976460573,0.09628913503109696
7.645,0.3357404375264846,-0.13996999941990124
7.646,0.807345426804113,0.2824690310237604
7.647,0.4231899837731723,0.041816524461587457
7.648000000000001,0.040545080733559,-0.31124993293898734
7.649,0.2719101484786909,0.14435768539291344
7.65,-0.1137632645815615,-0.18779098000579214
7.651,-0.1902869321020536,-0.0011828853094878466
7.652,-0.2667727287483136,-0.06788657340942197
7.653,-0.5727660872395406,-0.12508125407959603
7.654,0.0316646450799065,0.3924248973797391
7.655,-0.6373350281491583,-0.08774041745160778
7.656000000000001,-0.2769679207831587,0.07163419545488667
7.657,-0.3730564520358616,0.08374392296327104
7.658,-0.3849238494877158,-0.2188612389251218
7.659,-0.1806595031016676,0.025550062334269662
7.66,0.219096706347166,0.10177926759452524
7.661,0.3140333381888558,0.2087885144786908
7.662,0.2776094071477621,-0.11389317351422826
7.663,0.2064550270323292,-0.1520623432642603
7.664000000000001,0.5469575616306337,-0.0006717406120935422
7.665,0.2362027721122186,-0.22193600522574364
7.666,0.7383513990968472,0.21860145570463277
7.667,0.6591447289773407,0.2911446033570707
7.668,0.1549481853447925,-0.15556639508319897
7.669,0.0505691882198426,-0.07434984822521179
7.67,-0.1707479399964059,-0.16145663443031183
7.671,-0.3516196800274914,-0.17654376604683902
7.672000000000001,-0.2881894746214126,0.03962180515922817
7.673,-0.4959240376330062,-0.08252568533359157
7.674,-0.7166315976739356,-0.18191844069629165
7.675,-0.4472473153436071,0.04684535303339349
7.676,-0.3683589489018852,0.19433508868457589
7.677,-0.062479324251373,0.3182641605823235
7.678,-0.3357979291838358,0.07671440867947452
7.679,-0.2208178959986868,-0.10984010816892545
7.68,0.0393151004296794,0.1906801171776341
7.681,0.1794208813905325,-0.03756708066469895
7.682,0.132487232279748,0.01854932177980837
7.683,0.5131003252308243,0.032569686891101894
7.684,0.2874863192640863,0.008859562260184098
7.685,0.6900732172042371,0.11110080018244578
7.686,0.2159276127322295,-0.0641081712553806
7.687,0.6104074363808352,0.13804521448074833
7.688,0.1031980724868512,-0.017700376359076786
7.689,-0.1678202231749777,-0.3654543822793882
7.69,-0.4579573248217996,-0.32543944733336916
7.691,0.1613450893387292,0.3058600409598427
7.692,-0.0469048157184061,0.32966309964396534
7.693,-0.5307689670411071,-0.10313818237984657
7.694,-0.6313196962893179,-0.12090383413365122
7.695,-0.7770751232085404,-0.23020708523752595
7.696,-0.7466578675024291,-0.27212222491366345
7.697,-0.6248002137351194,-0.16598783630308592
7.698,-0.3008618075952324,-0.026746885094951087
7.699,-0.2911733627958148,-0.09301623705111481
7.7,0.3842800253178647,0.3617248949081084
7.701,0.318024488716608,0.18247096364294807
7.702,-0.0875029658147955,-0.3973950929044352
7.703,0.2798207546186081,-0.1361951708444253
7.704,0.6088452753574226,0.1236878316703939
7.705,0.5696436248398354,0.03143201484863968
7.706,0.4463455475864846,-0.04064581136588542
7.707,0.6783814345144282,0.22038835416142097
7.708,0.3467712255521549,0.027820548329843924
7.709,0.1497797523569164,-0.05886509029093685
7.71,0.0303819496321388,-0.018011550573594513
7.711,0.0273878632663386,0.1397087022541222
7.712,0.2957458855248879,0.5147378599729296
7.713,-0.2835854749931922,0.09727539767541199
7.714,-0.6348420141056639,-0.2553277054954268
7.715,-0.1770976667593072,0.3163143755937152
7.716,-0.2874517217189192,0.083642495424171
7.717,-0.8429820028500972,-0.4369467673691494
7.718,0.0426263282629725,0.2402688997921109
7.719,-0.0358300253264949,0.11494933417997195
7.72,-0.206832154055323,-0.2790372617072245
7.721,0.2454893501209927,0.06879135216862187
7.722,0.4102213047133543,0.07907010075939964
7.723,0.1371037320844014,-0.3169311309539355
7.724,0.257013120047841,-0.21698822613783783
7.725,0.5324029601405358,-0.046687813911787425
7.726,0.5949506769094236,0.15709302746627984
7.727,1.0262885988889487,0.5174512479730115
7.728,-0.0756423086893397,-0.3019280781163548
7.729,0.1596903169559938,-0.11593279825178965
7.73,0.2750615180266873,0.3658012078631365
7.731,-0.1187798186780844,-0.09287396851468882
7.732,-0.170601794631419,0.23154771315407827
7.733,-0.2815694554297536,-0.0049346707814301545
7.734,-0.7511080159451182,-0.15481864431801878
7.735,-0.4047106161611467,-0.0254629835804177
7.736,-0.7270031774180956,-0.12424597180728061
7.737,-0.3603661071294566,-0.06511588099787359
7.738,-0.8062359589183817,-0.38632819734594087
7.739,-0.2395856860399173,-0.18090429780763126
7.74,-0.3426996856005976,-0.22642512515024993
7.741,0.1117476968787172,-0.12578271129678475
7.742,0.5992592341610048,0.40403500065297304
7.743,0.3378655952472786,-0.1388658719414741
7.744,0.3379766921119623,-0.06282000411367897
7.745,0.6717548865708071,0.10895258205988248
7.746,0.2961709822566312,-0.13340653198264174
7.747,0.6125019816212215,0.1555580889628549
7.748,0.3114734306455395,0.03165582901417918
7.749,0.3150890768894565,0.12193004056651499
7.75,0.2655251473420832,0.2469433913984755
7.751,-0.1375654680396185,-0.0035132171743124142
7.752,-0.2324572216563371,0.011902769752431389
7.753,-0.3286817876475334,0.076933874685269
7.754,-0.3628224217633867,0.035667701973065694
7.755,-0.4866444211229773,0.03691255270658314
7.756,-0.1529729039576992,0.22198524127673097
7.757000000000001,-0.3077579898467824,0.140601269917978
7.758,-0.1278681001785553,0.045433732451393004
7.759,-0.269769774264147,-0.056224316110432104
7.76,-0.0511453454302038,-0.1888420924913013
7.761,0.2414878377654845,0.1536134570069728
7.762,0.373086423138,-0.0722314213133979
7.763,-0.0010855019610445,-0.34038457540746814
7.764,0.62808359518709,-0.0073243979635852574
7.765000000000001,0.3907641711159355,-0.05443151018211252
7.766,0.4491221659755529,-0.18697499394119285
7.767,0.3513670874084378,-0.015600923333656333
7.768,0.3931414779549872,-0.052600925262451644
7.769,0.0290187175000883,-0.10810759955128436
7.77,0.2697590672971701,0.13555222668073363
7.771,-0.2717123579196632,-0.11797496173864588
7.772,-0.1948395090557105,-0.011555728994254997
7.773000000000001,-0.2000427970344866,0.19178145393128826
7.774,-0.3274676988820659,0.06251411268059895
7.775,-0.3245834876291399,0.1588465634262872
7.776,-0.6050886685261513,-0.19254830176865906
7.777,-0.4782568363423432,-0.08812419082352203
7.778,-0.2767540094189282,-0.027533362161147074
7.779,0.1185571190420663,0.26199412170803715
7.78,0.3435609046589779,0.31394892258255963
7.781000000000001,0.0150174198114111,-0.15130916774307385
7.782,0.6493739956999076,0.33975879360236017
7.783,0.2809026699814743,-0.14266003469040398
7.784,0.2894478536913851,-0.1879404309057944
7.785,0.9798847256042682,0.44903857814047227
7.786,0.4548107950530655,-0.00901537709701678
7.787,0.4738515249743421,0.027416105801531677
7.788,0.2254099650739265,-0.04447802531804264
7.789000000000001,-0.0681435703508407,-0.269344186398428
7.79,0.0164783909535986,0.050438748491023075
7.791,-0.2376031566675666,-0.1245254113947217
7.792,-0.7824678580541353,-0.44799531981721163
7.793,-0.7254371003030273,-0.34631010054029265
7.794,-0.7540208614732192,-0.2358070056723084
7.795,-0.4806273115006778,0.0185178236181536
7.796,-0.3200206372833671,0.19487856294224615
7.797000000000001,-0.3683963909252339,0.06381012996308358
7.798,-0.1513295139087861,0.17296980073730134
7.799,0.056428423579311,0.26570210354203727
7.8,-0.0423980125519705,-0.025901607371663513
7.801,0.0217653518720946,-0.05735441845262519
7.802,0.4185373143005354,0.12420574939881876
7.803,0.4887747146878489,0.17091846469711144
7.804,0.4285855248968758,-0.0642962492527752
7.805000000000001,0.3106890224702046,-0.10061225617044091
7.806,0.8432921287419494,0.33675904504368476
7.807,0.2860605701302728,-0.03391316251490862
7.808,0.1105473419428209,-0.2222323296900891
7.809,0.0671068259109551,-0.008736644113723612
7.81,-0.0854302532987548,-0.12522261133576063
7.811,-0.099258121047337,0.1298838886488686
7.812,-0.1579534544771417,0.10269119947628068
7.813,-0.5230898387891468,-0.04567992161632005
7.814,-0.518808265537243,-0.06243558787538385
7.815,-0.7160732263520327,-0.14604941766982793
7.816,-0.5287539743084237,-0.05115947328844765
7.817,0.0785173386985997,0.5433379247717779
7.818,-0.0194198759084254,0.30366062293998525
7.819,-0.5361838340528906,-0.34256174988503574
7.82,-0.1437121229751252,-0.08446611998424101
7.821,-0.107471500607889,-0.2562892877828645
7.822,0.1811080843076459,-0.025662585695891527
7.823,0.3292106631657185,-0.10988922269785105
7.824,-0.008900815884548,-0.37754504281759954
7.825,0.5999322104377609,0.028379268673981564
7.826,0.4078263147438967,0.046144258247630285
7.827,0.5229927765423215,0.02424766388183918
7.828,0.2709386690030884,0.08406928835531523
7.829,0.5574692249010283,0.30734344362618904
7.83,-0.0989045936310654,-0.009059751320673937
7.831,-0.227975941328877,-0.14918876545373
7.832,-0.2583401148984281,0.1044731358225059
7.833,-0.2255799567988002,0.13713346113521274
7.834,-0.5639514994387174,-0.03686351679420309
7.835,-0.6299514644278263,-0.13537323325795286
7.836,-0.3916379373884608,0.1268373767330933
7.837,-0.4794306899462713,-0.05333594307828933
7.838,-0.392208113580362,-0.053898550561857106
7.839,0.0231063843468831,0.20904752281711048
7.84,0.0736805937193579,0.12708456233718596
7.841,0.1547408898840228,0.023127568587136948
7.842,0.2576192016059277,0.028519570577725552
7.843,0.2517831950730985,-0.15116058365107815
7.844,0.3939682682686596,-0.00875949324166446
7.845,0.7092651880916332,0.18726893311596304
7.846,0.5167007402271379,0.11423683001234373
7.847,0.4250693727106623,-0.01528574388424412
7.848,-0.0064901722657691,-0.23635096418362805
7.849,-0.0485879492649733,-0.23453360319497352
7.85,-0.1637155429807577,-0.11621133257848651
7.851,-0.1560648382080735,-0.008750807279944369
7.852,-0.3848708705250251,-0.06236873254469766
7.853,-0.2206010382984884,0.21416708607390314
7.854,-0.4614450063892086,0.02841311312661852
7.855,-0.6903752092369366,-0.12260283060303744
7.856,-0.5273628522233145,-0.04085257787970181
7.857,-0.415331859501339,0.07960203922413933
7.858,-0.2787318228070086,0.03661773572820157
7.859,-0.6421259312489306,-0.39953476780339653
7.86,0.0881505170791301,0.1312698908986772
7.861,-0.0339069419139665,-0.12802056804363374
7.862,0.2538057717056335,0.027670765761507368
7.863,0.6787246476814695,0.29224564913514595
7.864,0.1422351258237342,-0.24886337828794292
7.865,0.5133751971869845,-0.008090287525680516
7.866,0.6941070205488249,0.3025579337487673
7.867,0.8417216733414131,0.396281584232549
7.868,0.1279020813755444,-0.10264963961696537
7.869,0.0337418365201747,-0.15131078636797393
7.87,0.2076490834299762,0.23435214613841132
7.871,0.146341000524011,0.30893319816695547
7.872,-0.5115017535492534,-0.23350677073204476
7.873,-0.6586396952397173,-0.1914725423402621
7.874,-0.3419912139675247,0.08095082984032347
7.875,-0.5562289620454034,0.058293353862959564
7.876,-0.4100968416845716,-0.008565097799285555
7.877,-1.1135204698945698,-0.5631345437129611
7.878,-0.1774629712566512,0.03953068932589812
7.879,-0.0605167192640612,0.24014360468367146
7.88,0.0496134344241525,-0.015276750154883688
7.881,0.074502225783477,0.035714489120916536
7.882000000000001,0.4998851499169427,0.15990469477827937
7.883,0.3298491015503317,-0.010181538510711307
7.884,0.0148705317326784,-0.48970959625976146
7.885,0.5241807182742253,0.031582992741479674
7.886,0.5395894093373264,0.04506211800559601
7.887,0.3524224091380425,-0.09284775230865933
7.888,0.4226011441839129,0.1124846064339072
7.889,0.299464968371496,0.0751889852097194
7.890000000000001,-0.1025437458830438,-0.12034063691919132
7.891,-0.352264728990125,-0.27381486029129143
7.892,-0.0746631051239097,0.19881245642680942
7.893,-0.0430076520553757,0.298760672276082
7.894,-0.2877810055102978,0.16546481677756966
7.895,-0.3432788193481237,0.11865944704479855
7.896,-0.4748491825490035,-0.02282273845283944
7.897,-0.29801229994343,0.09302007095173512
7.898000000000001,-0.4719669639730455,-0.20297839303716325
7.899,-0.3338066853810159,-0.17957687140024037
7.9,-0.0902636155829751,-0.11680609930181249
7.901,0.2133486069736575,0.05317417935698259
7.902,0.6603565198222395,0.33900379644680534
7.903,0.1866879014274325,-0.2470020817163
7.904,0.2728359660819261,-0.22960840972916163
7.905,0.2302833533406523,-0.3317124017190135
7.906000000000001,0.6035929715919075,0.10234903481477542
7.907,0.8514092913926599,0.35740548356736573
7.908,0.0385917461926062,-0.2807648123318541
7.909,0.2717274242764073,0.019916727660296257
7.91,0.2514842515358835,0.22411921423665823
7.911,0.3847797926847782,0.46113767629648017
7.912,-0.2348224197534374,0.028326085192476702
7.913,-0.6711858173184215,-0.3018540688455281
7.914000000000001,-0.4633337002278329,-0.021302440812618516
7.915,-0.4898671154380051,0.029277133838587873
7.916,-0.4458876571543806,-0.00378948798655368
7.917,-0.6048506551427586,-0.13161781460153582
7.918,-0.1824414773523196,0.08177462005975364
7.919,-0.2220580836145269,0.032567665572836225
7.92,0.123855129809796,0.10059701949321609
7.921,0.1683895734586555,0.12123827852162974
7.922000000000001,0.6465137457964252,0.3364873711914237
7.923,0.5914175626987443,0.28018091366919523
7.924,0.1168434128866822,-0.3682007858690956
7.925,0.2552979235148382,-0.17756614363040657
7.926,0.5322814638785983,0.054070510584141
7.927,0.2909849889299027,-0.07318447782033669
7.928,0.3348589798636472,0.048405223629636396
7.929,-0.0544949406743412,-0.1869148645507958
7.930000000000001,-0.4848424835425404,-0.46021431702812493
7.931,0.0928552434618503,0.2633274161133804
7.932,-0.2358288456371781,0.10924607132532674
7.933,-0.705078667970076,-0.28110529372162685
7.934,-0.6548710442299501,-0.09331748995112005
7.935,-0.7480989880764986,-0.22216101722564166
7.936,-0.4192791513940933,0.17958940101891013
7.937,-0.4702009693071152,-0.03695624191397769
7.938,-0.4024174996468493,0.04524674371229143
7.939,-0.0140647773821283,0.16503886885257277
7.94,-0.2966418672542259,-0.12887694141658326
7.941,0.0378670300714529,-0.10232307430713392
7.942,0.0706264070588218,-0.06282756766205067
7.943,0.8425370158950651,0.4392644531271907
7.944,0.2058351456267045,-0.1345047527653807
7.945,0.3516862752605875,-0.1591883004400601
7.946,0.5350315938952112,0.16251125600505592
7.947,0.3954727725319539,-0.028236727145896354
7.948,0.3359487210246636,0.11976649084366375
7.949,-0.2439222554141665,-0.4198928419853242
7.95,-0.0159372632375314,0.05338797472572393
7.951,0.2790027673163568,0.4178068359608593
7.952,-0.3478089999671449,0.02571758313643934
7.953,-0.2636510777502855,0.14013128205662853
7.954,-0.5627547674517945,0.01458164898542302
7.955,-0.5305247964747255,-0.008252969823518069
7.956,-0.4976665712667671,0.10160313023419211
7.957,-0.6633522762831516,-0.20950126690172255
7.958,-0.423662805741531,0.0036798613095319413
7.959,-0.1571371405259648,0.0720407507391453
7.96,-0.5943603871595504,-0.47023149067984876
7.961,0.4543468796910342,0.3920653396839168
7.962,0.5648349033941158,0.36816112752335917
7.963,0.0417642944656062,-0.26496877693868015
7.964,0.4791150428107376,0.06538569950101951
7.965,0.316250759331497,-0.09316557367763152
7.966,0.4022266947481973,-0.04333685010325394
7.967,0.3178669940209812,-0.011995299069700201
7.968,0.3099493112290366,0.027492575575597852
7.969,0.0707180421655613,-0.02621554961116802
7.97,0.0509274296520174,0.06035315829155416
7.971,-0.1236734248762879,0.07792750776485027
7.972,-0.2133897093175736,0.10031377566081227
7.973,-0.2922158121781211,0.1591956264453404
7.974,-0.743442958424136,-0.2343965743887039
7.975,-0.6126973267266853,-0.058802824927339244
7.976,-0.5476792117740655,-0.03146519726035261
7.977,-0.2897052239891534,0.17329538381753817
7.978,-0.1323307685460407,0.19644480652510476
7.979,-0.2085759133150843,-0.005603935445164326
7.98,0.2414711846047925,0.2565086429700195
7.981,0.2349159143963793,0.09463172821365284
7.982,0.1007406585382147,-0.208210009674988
7.983,0.2431113535330751,-0.20776066911067134
7.984,0.5064832398282112,-0.01791842389221796
7.985,0.4823893983679905,-0.14373825615014202
7.986,0.3871182967810309,-0.16817236310191883
7.987,0.4085359274432139,-0.20633855598374934
7.988,0.2519974854543625,-0.14555404710265887
7.989,0.4909562329338492,0.05456556771234631
7.99,0.1525927219330131,0.032132200514296924
7.991,-0.1198844396092606,-0.2923714770138505
7.992,-0.5507443233778784,-0.3906012427669018
7.993,-0.2990923437961185,-0.2353518147965116
7.994,-0.9774816934801462,-0.6507534334208737
7.995,-0.6023460350045016,-0.4311225562706463
7.996,-0.366613593986031,-0.060530999412169856
7.997,0.0389116103898738,0.138555907510438
7.998,-0.1069874886615318,-0.008778532342060878
7.999,-0.2386299143094732,-0.36967718785361536
8.0,0.1077621086908997,-0.11582355125204319
8.001,0.6368109781935125,0.1987899312377109
8.002,0.8524550919756395,0.3119787531606944
8.003,1.3546371188873991,0.648431783694252
8.004,1.8968283169490257,1.1636175125275012
8.005,1.3907575096239102,0.5587724334142014
8.006,1.559364561185102,0.8315702374725592
8.007,1.5564179994942036,0.7931458699195163
8.008000000000001,0.4285327634084542,-0.09495660253234123
8.009,0.9007831955837924,0.38036563486059116
8.01,0.612274056315639,0.4202128832268883
8.011000000000001,0.4638254041336478,0.2741586497203562
8.012,0.1598048452539899,0.3102944678401744
8.013,0.672618508860723,0.7817013481005094
8.014,0.2635216767321183,0.6508326769961177
8.015,-0.043361382038496,0.2249391500494789
8.016,-0.548182021377217,-0.10509950757132985
8.017,-1.2154221453867442,-0.9806817853849809
8.018,-1.3117322603948107,-1.0019202372054636
8.019,-1.455712261959248,-1.424690196378063
8.02,-1.5864448258006552,-1.5381368983373578
8.021,-1.129236567515666,-1.3814490232711927
8.022,-1.192648834551012,-1.4278946174664942
8.023,-0.2472666885391219,-0.7390404439294624
8.024000000000001,0.3592510085825462,-0.0697131554121316
8.025,0.6249423639809802,0.04430517028410642
8.026,0.30019116720255,-0.15659170533136094
8.027000000000001,0.5561744059402716,0.08534463485694123
8.028,0.2354830785236197,-0.07157126506312962
8.029,0.1327600916895313,-0.0602479799798778
8.03,0.0007950143538184,-0.035411917681394775
8.031,-0.3352587326635505,-0.179889086942652
8.032,0.0208421466963692,0.2740111874816533
8.033,0.3543169456502152,0.8022231690936582
8.034,0.7868681439284236,1.2385668531306067
8.035,0.6840266402472102,1.2624381216439267
8.036,0.953793096523033,1.4387595063352692
8.037,1.022051293248663,1.5234489713296555
8.038,1.0473530833156568,1.3891205783259244
8.039,0.50086077250145,0.7500801108029455
8.040000000000001,0.0761469032243947,0.15487682857262938
8.041,0.1109753609474968,0.03025033691075936
8.042,-0.219477044794827,-0.420443334722575
8.043000000000001,0.0094078683103583,-0.35369894264521173
8.044,0.1056520025673265,-0.280833529633958
8.045,-0.0658889714499746,-0.557948345661625
8.046,-0.0494424392759213,-0.4516779499402662
8.047,0.3428449247122948,-0.07829550633217076
8.048,-0.2373670325718012,-0.4753983818877702
8.049,-0.6494458766637512,-0.829804524942536
8.05,-0.820299593768175,-0.7746353331181924
8.051,-1.630177694882266,-1.4944917177187222
8.052,-1.6838219469830582,-1.343863110383167
8.053,-1.49113974672298,-1.086763232237914
8.054,-1.6875575797459097,-1.157954493827254
8.055,-0.980739889009786,-0.4589522430033239
8.056000000000001,-1.0753428181879925,-0.5370298761246299
8.057,-0.1868782280571774,0.2546015150941644
8.058,0.931022882122414,1.289948041173682
8.059000000000001,0.4135189217243046,0.6053698182585625
8.06,0.8592926470720031,0.9157267374806032
8.061,1.1079562337797584,0.9731620273481781
8.062,0.7472391424014597,0.4900266189786939
8.063,1.142212366179511,0.7246586957142285
8.064,0.852477685468866,0.3876675653068153
8.065,1.150260084261283,0.5968589734393587
8.066,1.152018648508822,0.6644846372191161
8.067,1.4528102577863593,0.9563383903718088
8.068,1.457232451524615,1.1420495548550667
8.069,0.937804365940202,0.6634787899329471
8.07,0.9230793802707696,0.9109085210956924
8.071,0.4027441125201084,0.42715301914645687
8.072000000000001,-0.18000961673325,0.12444754791549648
8.073,-1.1934929319232437,-0.9080842144759478
8.074,-2.015884647426161,-1.5073149643283466
8.075,-1.4759232423564643,-1.0639594801957128
8.076,-1.81677494284764,-1.3024419470011026
8.077,-1.022471747246809,-0.6619373339127963
8.078,-1.1756610442441378,-0.863791974267147
8.079,-0.8545069179669026,-0.699453412107692
8.08,-0.5262598523776487,-0.5539088591908885
8.081,-0.4383634583632149,-0.5621867782682395
8.082,0.4466214144547005,0.06748171014556201
8.083,-0.0355147167881182,-0.4046410207647041
8.084,0.0619763611818855,-0.5500530460173645
8.085,-0.0468472493834075,-0.5346034074441786
8.086,0.3209986933067911,-0.3196419510231691
8.087,0.2562440064857259,-0.17956437084520788
8.088000000000001,0.6581932196359025,0.20239326115366219
8.089,0.9125553323951568,0.6769699250608283
8.09,0.909766038735532,0.7827176655543238
8.091,1.4596440222469145,1.491845197723908
8.092,1.329766394398316,1.5542838438405369
8.093,0.912805504532618,1.1719621065599493
8.094,0.7704759375256949,1.242351898685425
8.095,0.44051745929902,0.7918224035217566
8.096,-0.428496593712729,0.10061781105683773
8.097,-0.3897031780405711,-0.12324629345601064
8.098,-0.4316754499491901,-0.0485712963823876
8.099,0.0589063326453844,0.09057015146984024
8.1,-0.4020619339849779,-0.30392592679560976
8.101,0.455623053974293,0.18935152166515754
8.102,0.567522350210079,0.35811055829894956
8.103,0.2852757171209973,-0.2284424788472994
8.104000000000001,0.1329960195024529,-0.28378423680357184
8.105,-0.4454371990343353,-1.0586702078829118
8.106,-0.4788903550714988,-0.9221696286695951
8.107,-0.5085268336945072,-1.0290319325416146
8.108,-1.2631167730962187,-1.5441431578222378
8.109,-0.8624880698632069,-1.1242171154642553
8.11,-1.1046713112008328,-1.101279857271058
8.111,-0.9766533794318446,-0.9020848740057867
8.112,-0.473280312753664,-0.1768888146378305
8.113,0.2170702570235154,0.586637618893803
8.114,0.0338015270970049,0.5162367211185851
8.115,-0.312650968119309,0.20551019253442634
8.116,-0.059742102855987,0.42898543183509735
8.117,0.1094482164727139,0.5772468465233057
8.118,-0.069802173892433,0.24376337138387344
8.119,0.1073619046132087,0.3459227864897373
8.120000000000001,0.5910180684321298,0.6188086776854134
8.121,0.6670263683435674,0.5826339432785784
8.122,0.8636472327935196,0.6115179571719399
8.123,1.0646260585020757,0.6819453728375606
8.124,1.8247757019872548,1.4154932069889266
8.125,1.8058908111619187,1.2569110127043435
8.126,1.149289489033949,0.7772514726092693
8.127,1.5351264352066685,1.008032115831448
8.128,0.591900887266575,0.44876059644980354
8.129,-0.0441091495763256,-0.37683691940236097
8.13,-1.0386055461778487,-0.8387319126598346
8.131,-1.3334337953891198,-1.3797303311250138
8.132,-1.504016600258374,-0.9712049601217654
8.133000000000001,-0.7934273083974727,-0.5740974952800234
8.134,-1.531919566763946,-0.8000575490848155
8.135,-0.6796002861885206,-0.3169801899235513
8.136000000000001,-1.6553110255345862,-0.9347309196122725
8.137,-1.2777078091926084,-0.9467438325090975
8.138,-0.8183283922051143,-0.319127675822669
8.139,-1.0993403282418177,-0.9594253812027446
8.14,-1.149673977361102,-1.0042563299758556
8.141,-0.5202396114912623,-0.6534811307774477
8.142,-0.2954678437049728,-0.5099008027847619
8.143,0.1394968009825766,-0.24037156688603978
8.144,0.7045735748005372,0.2528473688486041
8.145,1.2683302695987426,0.7657343414025679
8.146,1.4177639377011444,0.9347736552863081
8.147,1.4960121290012145,1.0424440735870626
8.148,1.713844237381525,1.4128487770743556
8.149000000000001,1.432259387792837,1.1792856257441144
8.15,0.9557940764695844,0.9781064522606783
8.151,0.7358426810945795,0.7553102152781851
8.152000000000001,-0.0196881216542604,0.3428910272705396
8.153,0.0020915972296486,0.25816608506960337
8.154,-0.2970109602537941,0.2929348410552999
8.155,0.0477314993833613,0.41134596166648285
8.156,-0.39206550591905,0.2261366065107518
8.157,0.1445186038672166,0.4443185941012868
8.158,-0.1476724728756145,0.2890890617544805
8.159,0.0658497305476589,0.15569502996245876
8.16,-0.3620795146055139,-0.24858186438774907
8.161,-0.9788038665943726,-1.1615920046380932
8.162,-0.7298084887067503,-0.962228914509745
8.163,-0.7305677962885119,-1.1386173699627566
8.164,-1.2820424712518197,-1.7582172067666006
8.165000000000001,-1.0796379141856367,-1.5709731918785097
8.166,-0.4244216262736476,-0.9585504869825885
8.167,-0.2051897374119494,-0.5960198214791735
8.168000000000001,0.0502193732590371,-0.34389250882052935
8.169,0.1509135856846983,0.016060229531108108
8.17,0.5018034285769242,0.3829545153555598
8.171,0.1187375816875688,0.30589588264178247
8.172,-0.0263984957495716,0.15260527942628174
8.173,-0.163775756289234,0.293859302584518
8.174,-0.0485306139446811,0.33239013753115065
8.175,-0.2334366514390649,0.34167114426571854
8.176,-0.0593037641686598,0.3497525535074702
8.177,0.1154030732769632,0.6081520085936095
8.178,0.648587435180144,0.9052014992791648
8.179,1.405838576601708,1.6423200688829187
8.18,1.455807615167385,1.4460969293014239
8.181000000000001,0.9714366455048736,0.8675291701140172
8.182,1.1212797728786443,0.8441153817890847
8.183,0.6343937527153444,0.22676830213443216
8.184000000000001,0.3489152763637826,-0.08399959682010168
8.185,0.0502508635423666,-0.5159997626471591
8.186,0.1589702014003657,-0.2504614888822789
8.187,-0.1541981364852138,-0.6771942079974009
8.188,-0.5509076875381974,-0.7623082114862052
8.189,0.1722566782908072,-0.12189435180464939
8.19,-0.845726740554414,-0.7592423849884266
8.191,-0.5464341540792934,-0.5109279295305637
8.192,-0.8096531041609606,-0.44002546078935506
8.193,-0.6275096946512013,-0.28467822557437283
8.194,-1.1589548595978425,-0.6301880815601238
8.195,-1.4949902318341697,-0.9827985169227462
8.196,-1.6324140868064216,-1.1303009767468164
8.197000000000001,-1.913300612062313,-1.4338629078154488
8.198,-1.1680047925937846,-0.8691917912962931
8.199,-1.0244829566548268,-0.7670892392593052
8.2,0.1258121559915936,0.12164117162351387
8.201,0.8252722594934022,0.7568025409342336
8.202,1.1352122984964803,0.8443722098901688
8.203,1.4860972068177805,1.1126421922933618
8.204,1.5666650516628566,1.1167294616380115
8.205,1.7114741956250796,1.1689242069365122
8.206,1.4905084251453182,1.0735031040921985
8.207,1.2800593960272315,0.7657487210570565
8.208,0.5893157553050361,0.39003581172997115
8.209,0.5670625683411542,0.26377741775522456
8.21,0.5505330441833454,0.6765169865115218
8.211,0.7849254631422218,0.7921804841192563
8.212,-0.0132347325928149,0.4269665107761986
8.213000000000001,0.4430869806589086,0.7413814275621744
8.214,-0.2873971516874466,0.3402753341328487
8.215,-0.1357909828586868,0.32475375357472025
8.216,-0.7561741506115911,-0.13717699413106949
8.217,-1.662039468205604,-1.2256527403843966
8.218,-1.54024269477383,-1.1236543661733254
8.219,-1.823400109528109,-1.5813318653405062
8.22,-1.175491767127974,-1.0821203812557776
8.221,-0.911567713491534,-0.9499643601250871
8.222,-0.8902037745309149,-1.1240472051067099
8.223,-0.2275918584066812,-0.5149373089408585
8.224,-0.142152245328235,-0.5891608456396529
8.225,0.3243387273399029,-0.07737533874827714
8.226,0.1868006091497557,-0.28282449913034324
8.227,0.2729907186237101,-0.0614173922793006
8.228,0.587318767216614,0.29191162366593504
8.229000000000001,-0.459914278212916,-0.5717597113925339
8.23,-0.0904565814705699,-0.08257148982642917
8.231,-0.0019787499010283,0.1765981826005592
8.232,-0.0920312349741857,0.23030131187483407
8.233,0.0710537167494859,0.4956635383806354
8.234,0.2404624781589346,0.7646124073842788
8.235,0.9173909520012772,1.4502865017291628
8.236,0.9296455060517392,1.4609149659208531
8.237,1.0056413096574273,1.4698736623153863
8.238,0.9484862307790152,1.2840176222824005
8.239,0.6449053224846024,0.8922544656677733
8.24,0.4057242309664084,0.41199717424586574
8.241,0.0340730936221444,0.0012058338664466192
8.242,-0.0677274593340385,-0.4032390492919231
8.243,-0.3474424308918598,-0.6156355846995518
8.244,0.1939697320539514,-0.3686911310492907
8.245000000000001,0.1116289544277243,-0.2570303543642587
8.246,0.1697103258932835,-0.4201190842605336
8.247,-0.1368327685580473,-0.434140113466815
8.248,0.1400459269302258,-0.2663197587004377
8.249,-0.6237794866457032,-0.7084881545541047
8.25,-0.9718654175838516,-1.0528760352972397
8.251,-1.5376497646725331,-1.3545852400956209
8.252,-1.449780506567566,-1.1862022538513644
8.253,-1.7637744350796232,-1.3656880200598296
8.254,-1.743587076351432,-1.2459722060344818
8.255,-0.8197520146884609,-0.34713168951050993
8.256,-1.0256980081032654,-0.49169782562099884
8.257,-0.0317216313125832,0.3411844802814473
8.258000000000001,0.7647721396650853,1.126508609584333
8.259,0.7373376619306701,0.8696055425994359
8.26,0.7179950930075059,0.7675210324319822
8.261000000000001,1.2014492121241689,1.0403078401651473
8.262,1.2370455143631405,0.9553784890429627
8.263,0.7249218312976711,0.32768769450894414
8.264,1.0212416419223591,0.5162822727272114
8.265,1.2597709671757238,0.7740901423945792
8.266,1.2565512115222406,0.7210818514696892
8.267,1.324411816664788,0.9336943474264595
8.268,1.3537259694912658,0.9921929387303157
8.269,1.1186987334204808,0.9726840699717412
8.27,1.063860043784747,1.0153238908679199
8.271,0.0115603528836071,0.16858586341688517
8.272,-0.4572396498207716,-0.1710076732721682
8.273,-0.5712697875890319,-0.1680001681821163
8.274000000000001,-1.440057160991712,-0.9216595845909925
8.275,-1.839861572895661,-1.3423212015436656
8.276,-1.9835855226995465,-1.4192999490313118
8.277000000000001,-1.7115653158473862,-1.3108408198353227
8.278,-1.8260490379591148,-1.4134199825771765
8.279,-0.92014031416504,-0.7747660468834796
8.28,-0.6600700801655153,-0.5322186326945291
8.281,-0.40000235321618,-0.5754708078412533
8.282,0.0514912248609247,-0.12528876230725886
8.283,-0.2614236793166785,-0.7035672305603271
8.284,-0.262524272332677,-0.6474813299968054
8.285,0.0130201390317965,-0.539490440311864
8.286,0.1146508050822154,-0.3081070728572586
8.287,0.5438772868762418,0.08370059898523137
8.288,0.3728079946882127,0.08725872687511929
8.289,0.9401604839067514,0.7470265248876015
8.290000000000001,1.1836420365813536,1.146189372748176
8.291,1.312850268291306,1.467833186225841
8.292,1.0549195516848522,1.2705719961411963
8.293000000000001,0.8025079830273683,1.2614331499727875
8.294,0.9472259950382486,1.315175952023049
8.295,0.2602686355937271,0.8689094567495445
8.296,0.1965923270685227,0.551551946907618
8.297,-0.542829511082444,0.008355668412695402
8.298,-0.1109450918821215,0.06753228730400215
8.299,0.082601644247587,0.3933931790005206
8.3,0.5403726563556236,0.4468614133749994
8.301,0.2053399709261818,0.1848031303073001
8.302,0.4008901001718418,0.04833083276952249
8.303,0.1710736126034669,-0.1482073030574619
8.304,-0.0553586535459914,-0.5471150531228212
8.305,-0.3380089903781412,-0.8161035712038616
8.306000000000001,-0.7892928881607459,-1.236427457216484
8.307,-1.040467654201173,-1.4868944014716567
8.308,-1.4603311540942894,-1.6835095728608234
8.309000000000001,-1.352095506490191,-1.6007084626227952
8.31,-1.1938341768834089,-1.0862854949375527
8.311,-0.5402645363470179,-0.5129711887900503
8.312,-0.6129144916364557,-0.18217858457876596
8.313,-0.2425584956101758,0.022280576118572624
8.314,-0.3132741378430279,0.31907690009743134
8.315,0.037191193032595,0.4015783021116072
8.316,-0.3865309926559441,0.2545672328858032
8.317,0.1828616380057369,0.4646099402028285
8.318,0.0467972776099422,0.5023227599631696
8.319,0.1472635860267623,0.19269750622948445
8.32,0.2302622885733944,0.3752792165878501
8.321,0.9727050023805012,0.7185668162977344
8.322000000000001,1.3248770232497873,1.148877655353931
8.323,1.5882383984670494,1.0889204588923684
8.324,1.5332339255492982,1.1426121635665323
8.325,2.0467168221618914,1.4553959265496224
8.326,1.257911866163598,0.834716883952783
8.327,1.0772803152984445,0.5878232057136756
8.328,0.4969906178180661,0.2297849959877514
8.329,-0.0933929860572878,-0.3210278167083844
8.33,-0.5303370886099394,-0.5177679093101841
8.331,-1.176377877792509,-1.077471453127279
8.332,-1.4448420296438806,-1.140332067741308
8.333,-1.3585446430919177,-0.987778384868836
8.334,-1.0739800130611252,-0.5816320031180142
8.335,-0.6503364543984367,-0.15978700377997596
8.336,-0.9432334579083436,-0.4436317948277376
8.337,-1.2749466337876214,-0.8554510636715204
8.338000000000001,-1.016189209489032,-0.6976411583649198
8.339,-0.720002757689964,-0.528993159972999
8.34,-1.186517883136527,-1.1728877122045032
8.341,-0.8470304144759845,-0.9493572116507639
8.342,-0.0146851759829493,-0.31731972630980115
8.343,0.0703062711470817,-0.27381822952617796
8.344,0.5880553234958753,0.07561006668114069
8.345,1.036446951043483,0.598489299349904
8.346,1.4913891409715485,0.9531532195939146
8.347,1.538626356110447,1.1948532320983387
8.348,1.5508548264302078,1.1780554136843011
8.349,1.1212262980938037,1.0283272001277395
8.35,1.2938859523889503,1.2114218547008997
8.351,0.3791095683906275,0.6029814181572181
8.352,0.0976269917947738,0.31618310846737524
8.353,-0.312372313384672,0.17815700214276675
8.354000000000001,-0.4759293297213177,-0.06310384307049959
8.355,0.0589027048765477,0.6679229055644471
8.356,-0.066119541864461,0.3602746639092314
8.357,0.1074053625907521,0.6428279098997554
8.358,0.3379684619896922,0.5958048057747714
8.359,-0.3130403012171434,-0.017300183107625388
8.36,0.0760010593365213,0.05355257317729736
8.361,-0.98621760427396,-1.00968488053721
8.362,-0.7199625740590943,-1.0211820360786015
8.363,-0.898862053779862,-1.2056274128912048
8.364,-1.4603113021366587,-1.9272082347257387
8.365,-0.8307624603766953,-1.2838381564706058
8.366,-0.7038486856622184,-1.1559909300778932
8.367,-0.6503451290746394,-1.0645891987219267
8.368,-0.2184848385807425,-0.47774272726670325
8.369,0.1174162834724341,-0.09576937613134048
8.370000000000001,0.454233430839888,0.49424857559177354
8.371,0.1304203730587866,0.196125208330099
8.372,-0.348610852235954,-0.017596948434240298
8.373,0.0894908737957598,0.39872518075600705
8.374,-0.4055392996272119,0.09417248893361996
8.375,0.0305771985654879,0.4494197513078731
8.376,-0.0371626568112444,0.4403997155668611
8.377,0.0934833413509134,0.4418088096433133
8.378,0.5959441281113634,0.8643992884076351
8.379,1.0129405484200642,1.1347581054438785
8.38,1.7296038811374004,1.6768920771611042
8.381,1.5224484406897505,1.3478513429518844
8.382,1.529446381302403,1.1604456217671393
8.383000000000001,1.1125385486908883,0.6866297039469917
8.384,0.7166401879158533,0.1504312154266551
8.385,0.1784504298335697,-0.354703253565529
8.386000000000001,-0.1677309811530455,-0.7427620871986488
8.387,0.0649438481817257,-0.38761531375905484
8.388,-0.2721746470533883,-0.6676247812161241
8.389,-0.2461273793315973,-0.45950683985865765
8.39,-0.392742345501969,-0.4884278617724401
8.391,-0.718018910028856,-0.6253011748897719
8.392,-0.6879302847811845,-0.4750296427308172
8.393,-1.2752715239525152,-0.927806334503343
8.394,-1.0989094416903584,-0.6825189206584062
8.395,-1.3157047496895653,-0.8629635093224707
8.396,-1.501555952685173,-1.061383945833301
8.397,-1.153526506817787,-0.7843920860600735
8.398,-1.4158166067291056,-1.1388419816648607
8.399000000000001,-1.0657023498040004,-0.9347408214183958
8.4,0.0168505489566241,0.007066027089556767
8.401,0.7395682213279848,0.5722940091211753
8.402000000000001,1.456204049194912,1.1470723221537815
8.403,1.952722888461514,1.545263991862457
8.404,1.504703795082126,1.0001558512199096
8.405,1.3979229784622151,0.9035845546186885
8.406,1.2511397127639492,0.7325713315531289
8.407,0.926008503958946,0.5334740624313888
8.408,1.014646852909502,0.6726807834843169
8.409,0.47744482194585,0.3380965254643521
8.41,0.5651864780589716,0.5277622089768383
8.411,0.6256597196781172,0.7958309850262905
8.412,0.4972245204802871,0.7809569735377333
8.413,0.0699145713810681,0.48980039064569114
8.414,-0.1173807057237538,0.3861329964989397
8.415000000000001,-0.1189427043782153,0.39741466085863675
8.416,-0.5595203488158954,-0.01755521560342475
8.417,-1.1395016909861049,-0.7155709805348737
8.418000000000001,-1.6947353827064338,-1.307009434196206
8.419,-1.5758327350362495,-1.3982475595946935
8.42,-1.8056341867471084,-1.7033029760661298
8.421,-1.418224141565137,-1.5486104119688484
8.422,-0.9433587393898122,-1.1463671920506187
8.423,-0.3033194204580082,-0.6884570395550086
8.424,0.1592032205664686,-0.2511555837333855
8.425,0.4624941484222961,-0.029991707862846023
8.426,0.5526956733418611,0.11145298189956951
8.427,0.2118865178307952,-0.20246306648849027
8.428,0.1573075430363583,-0.13044566730056775
8.429,-0.0934454276708686,-0.2761273851985504
8.43,-0.2166110245088255,-0.23218985043364926
8.431000000000001,0.0885597886297597,0.20193564991415505
8.432,0.1802852720690853,0.4425642777313056
8.433,0.4690434822712678,0.8306674121848546
8.434000000000001,0.5823771950217381,1.0125656753532624
8.435,0.7757030605858684,1.2447106296797192
8.436,1.1879666868715026,1.6031719073456012
8.437,0.8539582570912837,1.2502729062640845
8.438,0.5630673519763162,0.7790244198621468
8.439,0.8884383700031793,1.0606366899795174
8.44,0.3826674524734399,0.28664774801842396
8.441,-0.0969707408878124,-0.21543194132687715
8.442,0.3368229733959635,-0.06598656385434908
8.443,-0.0827880595343687,-0.449907351621314
8.444,0.3202870719687514,-0.2648874504429012
8.445,0.167962393224479,-0.3143852777789775
8.446,0.2927922409756195,-0.2759437791237775
8.447000000000001,0.2502909555578185,-0.17407613502428995
8.448,-0.2226426256535165,-0.5759410640440811
8.449,-0.6751199774088573,-0.8954004387641811
8.45,-0.7264597470918135,-0.7401274952911141
8.451,-1.3156382850365012,-1.2694326139721444
8.452,-1.942680102023008,-1.6140875879342518
8.453,-1.3004876835856227,-1.033387925066265
8.454,-1.474681243640103,-0.9232528318290805
8.455,-0.7643748673239414,-0.41247427441192924
8.456,-0.7114089165964852,-0.13248222748118452
8.457,0.2667103665147447,0.5294572046961298
8.458,0.6919769910322973,1.1012705827945508
8.459,0.5252114159318395,0.5549050779376611
8.46,0.6186911952044034,0.7327316168485887
8.461,0.9747114496621924,0.7147065704668703
8.462,0.3850375054337025,0.19442859301470092
8.463000000000001,0.8751778183905827,0.3805503068189567
8.464,1.0164957301837705,0.6286777920204049
8.465,1.1465874349941083,0.5659381611457467
8.466,1.032945014456499,0.629030077801757
8.467,1.3965614826981183,0.9176875866580814
8.468,1.482376013449933,1.246170119828272
8.469,1.0863883054225898,0.8664560801293145
8.47,0.6575466161493281,0.7036361040113269
8.471,0.599915676633207,0.7066518638774475
8.472,-0.5593007264077361,-0.23110619539018284
8.473,-1.4732198563815064,-1.0870496687377948
8.474,-1.5198324735308395,-1.0257314243827973
8.475,-1.2668997734435905,-0.7459641716287171
8.476,-1.6737397439083384,-1.201736410084583
8.477,-1.616281791672622,-1.1481402725270318
8.478,-0.9123912636567582,-0.6498003978608962
8.479000000000001,-0.9857604529185552,-0.7309301361634659
8.48,-0.6871459504452342,-0.7480529006919113
8.481,-0.4913548009595594,-0.5243062378693296
8.482,-0.0974795194743479,-0.477937582241856
8.483,0.0010011097039404,-0.28258498287261896
8.484,0.0888765417403699,-0.48908315881635467
8.485,-0.4399302088275595,-0.8424063171918532
8.486,0.2873528662666869,-0.2930258185294353
8.487,0.0556438577474732,-0.2920000390898363
8.488,0.6183263429829652,0.23075745341342227
8.489,1.2797501535500215,1.1352065122647002
8.49,1.2333125607555473,1.1612740262231744
8.491,1.1758193198060836,1.2999073275961741
8.492,1.3610341234538734,1.609869864943687
8.493,1.0583293704420802,1.4077871137656994
8.494,0.411307824167127,0.8690288831827577
8.495000000000001,0.5319780031721301,0.9703348876920361
8.496,-0.0663663567776821,0.41575621207378555
8.497,-0.2353381956432871,0.11401018612220526
8.498,-0.3167968060236519,0.004860226647893928
8.499,-0.3878420010524019,-0.2780475725576187
8.5,0.2312208266965952,0.2782609041011187
8.501,0.2213234996752003,0.028140963392261353
8.502,0.1676879249525863,-0.060554900470753896
8.503,0.5199733844481539,0.07450303604558847
8.504,-0.0300531032889374,-0.4224300550430977
8.505,-0.4439490627313834,-0.9944002336144124
8.506,-0.7268952236491922,-1.1047850150540763
8.507,-0.6858770441741744,-1.1531907853410155
8.508000000000001,-1.4111160511268153,-1.5976907374576128
8.509,-1.318228979417369,-1.5457225358910271
8.51,-1.5174927911177174,-1.405505214346526
8.511000000000001,-0.7040499447695259,-0.6271557180375882
8.512,-0.2989327559807893,0.10825044456906541
8.513,-0.3151533599637737,0.013750508718048102
8.514,-0.2406275937690704,0.34836601850341864
8.515,0.1647615152112811,0.596607797970293
8.516,0.0202018571661519,0.6088722011071043
8.517,0.2113370960704883,0.5581252018861539
8.518,-0.0243274125949581,0.3805083443446356
8.519,0.4649699535130212,0.5726772535013105
8.52,0.5401377246814051,0.6445401971403806
8.521,0.5611377722337425,0.3696913981227268
8.522,1.0571463476075686,0.8549976328399053
8.523,1.6337813626409483,1.2008516440374426
8.524000000000001,1.4353739763341966,1.0332026079850563
8.525,1.6045420404462245,1.0836788658166405
8.526,1.277956745049274,0.8548493315639357
8.527000000000001,1.2244318909067782,0.8051943333449824
8.528,0.2447532795878821,-0.014944755877449202
8.529,-0.443228851655106,-0.6095807578388319
8.53,-0.5766087104777718,-0.5527126495559777
8.531,-1.322785654444587,-1.1825706739111093
8.532,-1.4098261799050966,-1.0918942183771594
8.533,-1.2523285261907229,-0.8698988770541118
8.534,-1.3489851299591569,-0.8409628966659943
8.535,-0.8861983789107252,-0.4182030598673203
8.536,-0.7494774967854902,-0.23143117810197167
8.537,-1.005317367899608,-0.6394481427018843
8.538,-0.9208000880406096,-0.5820964069155695
8.539,-0.8775560211661081,-0.759904208391961
8.540000000000001,-1.1177175004182285,-1.0865048699974023
8.541,-0.4080052991204333,-0.5868153818778139
8.542,-0.1536279873685199,-0.44834385017476985
8.543000000000001,0.3929462439528643,-0.014484789274454693
8.544,0.5622692743990026,0.041143472401808844
8.545,1.0683439282377802,0.5893557543880077
8.546,1.761352198920489,1.1951223843912129
8.547,1.5807265520215603,1.2154328560129228
8.548,2.0086755115289234,1.5928645428934598
8.549,1.2141478049819052,1.104850146003846
8.55,1.0532737300371564,0.923642326289475
8.551,0.5793269444544394,0.7711223428333052
8.552,0.0904587553907922,0.2715087340478835
8.553,-0.6279422736708522,-0.20396330031389343
8.554,-0.4561500261997901,-0.05950325460125063
8.555,-0.2557388500649258,0.2439869031934448
8.556000000000001,-0.049357550536866,0.3866159748256933
8.557,0.0698488755046896,0.460919571468985
8.558,-0.2096576906570696,0.07816559133251746
8.559000000000001,0.1231325852871821,0.26240947949387106
8.56,-0.4349684711177866,-0.42034769412577155
8.561,-0.6170794996712006,-0.7782444386959441
8.562,-0.8266132085101667,-1.0992151475088505
8.563,-1.282190487960026,-1.6796600826461603
8.564,-0.7988539769916231,-1.2574490393244993
8.565,-1.011842983023034,-1.4912329198131058
8.566,-0.5106038094764127,-0.9802708269398035
8.567,-0.1054364552849473,-0.477414310173055
8.568,0.1586781624376981,-0.14383460277151539
8.569,0.5592071516181804,0.44996343462629895
8.57,0.3401523763767968,0.3155714298094221
8.571,0.3279932953891729,0.5448019921832961
8.572000000000001,0.0775540712185862,0.3308996272499899
8.573,-0.6818822995321738,-0.1926616911931464
8.574,-0.5656288854457108,-0.14454996243783133
8.575000000000001,-0.567174915081436,0.04271593436755762
8.576,-0.2466683949076021,0.16563879583797683
8.577,0.169700559451576,0.7071568763415024
8.578,0.9478447596858898,1.1784139060671803
8.579,0.9894621266896152,1.2928981568339601
8.58,1.4721609402004467,1.4196478561724188
8.581,1.374213906993912,1.374417040089819
8.582,1.602844654815058,1.2771668067322426
8.583,0.8435226164020545,0.589314006615289
8.584,0.4559926811221944,-0.02544288624237377
8.585,-0.031526386489091,-0.39267461438990575
8.586,-0.0039495037180379,-0.4615162880132304
8.587,-0.4038125786111594,-0.6828443143160312
8.588000000000001,-0.5783884880889356,-0.8386009409267993
8.589,-0.4122107776416421,-0.4519127855417949
8.59,-0.7208953923875773,-0.6818262942982765
8.591,-0.6852579990188934,-0.4225612267561326
8.592,-0.9363681519800346,-0.6054546531571516
8.593,-1.3322046378601171,-0.8250914388216657
8.594,-1.4346215575230414,-0.9254262725172218
8.595,-1.769345664076248,-1.176939692436138
8.596,-1.1430192923442668,-0.6328392166149446
8.597,-1.5175426835233548,-1.03987806686274
8.598,-1.1680152884513064,-0.8322348617054052
8.599,-0.6962050846361729,-0.4971760248185728
8.6,-0.3822455156722073,-0.3296925890544856
8.601,0.7071447566329047,0.5629004561534081
8.602,1.1211983302630988,0.888734851576809
8.603,1.7793310183446358,1.3507840131943747
8.604000000000001,1.7946120739717175,1.383188420298208
8.605,1.6171700697385205,1.0631613523571257
8.606,1.191278610747161,0.7743256360249314
8.607,1.1651406940707942,0.6828618661650827
8.608,0.7162103912253559,0.4675771279831333
8.609,0.2852364087676438,0.03603047452424539
8.61,0.5001124063516563,0.5261251655689047
8.611,0.8690156054096789,0.9198757103298213
8.612,0.4021329033781989,0.6987765559442293
8.613,0.1225965764028169,0.42480634179549454
8.614,0.2531269919907556,0.7050334510381437
8.615,-0.0509823936049595,0.36013989463940044
8.616,-0.8223459653284525,-0.39979323501490516
8.617,-1.0077457146685576,-0.6676027748022447
8.618,-1.5320263036663713,-1.3226050327505747
8.619,-1.290950852668222,-1.1707659162679602
8.620000000000001,-1.0404945502449066,-1.1553373882823306
8.621,-1.2832538234067548,-1.4458197117845444
8.622,-0.7625079466249941,-1.1946620209942918
8.623,-0.2990493268455346,-0.699341588908512
8.624,0.2944461774568599,-0.32977602944108847
8.625,0.3186011683938241,-0.18573184076291227
8.626,0.578309598676084,-0.04017564683610639
8.627,0.0663559948108862,-0.3720004994945486
8.628,0.3628277571095966,-0.05440481354644611
8.629,0.0701729823361593,-0.16115618218895975
8.63,-0.0744008126405892,-0.17167109016287166
8.631,0.1939082392286056,0.2285205894526377
8.632,0.1622225294685968,0.3819180780260729
8.633000000000001,0.8125917229866152,1.0684889798994661
8.634,0.6947620871464298,1.1089910827853746
8.635,0.8336619636553538,1.1807126298810473
8.636000000000001,0.9434001978698324,1.3582595065722143
8.637,1.012448554380471,1.2856267057454172
8.638,0.775779033757194,1.0005891999057654
8.639,0.7879789880005827,0.8516641338838811
8.64,0.504295716141723,0.42433238051643896
8.641,0.1113503220559841,-0.0873012021672392
8.642,0.1787601270636359,-0.20163881257012586
8.643,-0.2523328989294596,-0.6615446509353249
8.644,0.2065752580187859,-0.3533511601340799
8.645,0.2677729430011925,-0.21397557955738952
8.646,0.0465994603284991,-0.5019198661438069
8.647,0.08415418900755,-0.29822667057280644
8.648,0.072541549759291,-0.2763935540243304
8.649000000000001,-0.5887478118551197,-0.7329673460951378
8.65,-1.0649323076254615,-1.10007166941769
8.651,-1.3402569519898002,-1.1960888120794384
8.652000000000001,-1.609734467002092,-1.3336107830625494
8.653,-1.660450069671905,-1.2879493061416925
8.654,-1.4707066232807695,-1.0005308039139524
8.655,-1.1142781887178868,-0.6626919724027364
8.656,-0.9397042929765764,-0.4616856953976134
8.657,0.0709637846634249,0.41905008284123957
8.658,0.7790067651496397,1.081147072328915
8.659,0.8755179805383607,0.9735476811812283
8.66,0.9539204977762834,0.9687057268199791
8.661,0.9277295951382428,0.7211852742942362
8.662,0.8603917407209787,0.589699893727051
8.663,0.6938770519362736,0.24147540420087685
8.664,0.5950547194147409,0.15228792114444165
8.665000000000001,1.1597731099398103,0.6116993758601005
8.666,1.2138176373591478,0.7806470560814099
8.667,1.4782609991188274,1.0193100863573485
8.668000000000001,1.140807238887632,0.8988959778263573
8.669,1.3446655055606327,1.1236431832729394
8.67,1.1260562338811877,1.1884721427793155
8.671,0.0523026415050561,0.12534753178631913
8.672,-0.6867763558237077,-0.31905544939038954
8.673,-0.7805859312962408,-0.47047690361934014
8.674,-1.3692669044293655,-0.8095108635162594
8.675,-1.5015961731938448,-1.1004956937977914
8.676,-1.6547744514124636,-1.0893788078955624
8.677,-1.257707724886768,-0.9420737820953757
8.678,-1.2686755258774176,-0.8883611899520717
8.679,-0.7769804304387016,-0.6836349344341749
8.68,-0.8096187961646868,-0.7388395109627939
8.681000000000001,-0.2050455566362235,-0.37708090077884165
8.682,-0.0617870291031205,-0.31335686791421075
8.683,-0.219065178222971,-0.5882704265797443
8.684000000000001,0.0079058814922633,-0.46422190552334197
8.685,-0.1880558977640123,-0.6004931303651706
8.686,0.3075802759088106,-0.20903398988172928
8.687,0.4619089671623184,0.18707767727329414
8.688,0.3531830972071456,-0.02478684539059753
8.689,0.5982764318278926,0.598771630184624
8.69,1.102051719381891,0.9845001533991945
8.691,0.8341753149953852,1.149864067888518
8.692,1.5708938061728683,1.7303552793585433
8.693,0.7226013237145501,1.2777528607339075
8.694,0.6476950733735719,0.9919438591068596
8.695,0.1277315603622708,0.7572726018704496
8.696,-0.1277676968873555,0.23768438088013116
8.697000000000001,-0.5686990016694549,-0.05867139366364381
8.698,-0.4427418308559038,-0.2260361270942853
8.699,-0.424170049096387,-0.18470611088688776
8.700000000000001,-0.0610108554286268,-0.10166071915196843
8.701,0.5167439876856651,0.4329458937485883
8.702,0.3485544463937653,0.047119235888934644
8.703,0.2325537178826003,-0.11053582910589366
8.704,0.6755298258825679,0.21692032095780484
8.705,-0.0281936238287399,-0.47539507885791144
8.706,-0.4813725779528489,-0.9276554100321796
8.707,-1.2988881431056996,-1.6627074683969583
8.708,-1.534390699360726,-1.8008099314491388
8.709,-1.2798476744127916,-1.4110064214550135
8.71,-1.3694491666946202,-1.3569702281042497
8.711,-0.8280718804946869,-0.671259835615863
8.712,-0.7137974343052397,-0.43051791152825525
8.713000000000001,-0.5179680459406218,-0.13285393613518218
8.714,0.2253093946393183,0.667529506655807
8.715,0.5125547792429457,0.9733207537598249
8.716,0.1815399477845624,0.6105442566036221
8.717,0.1528580557899956,0.5011967666034627
8.718,0.4000180500154804,0.6493405053198158
8.719,0.3209191885405326,0.4049440314396525
8.72,0.464725766811387,0.43707104295853166
8.721,0.7085055719631338,0.47179775305455285
8.722,1.0743429663582864,0.7783662329245218
8.723,1.518729013454141,1.0241321412434368
8.724,1.6016811694230924,1.148194132333896
8.725,1.6891442183639267,1.0972922682489847
8.726,1.2344146108818868,0.7935847202118282
8.727,1.122792327227856,0.6325186873173146
8.728,0.3059121277306394,0.04202809112660141
8.729000000000001,-0.0705371839271662,-0.29724975099184026
8.73,-0.7579071580528759,-0.7488635783258453
8.731,-0.8657036264932891,-0.7651956093194805
8.732,-0.8930552979728723,-0.6193398993331698
8.733,-1.433023922824916,-1.0638145740587872
8.734,-1.2478359706858275,-0.8180672932954568
8.735,-0.8507192864882384,-0.37083607822017767
8.736,-0.8531256641152456,-0.4344792564803028
8.737,-0.9252289955091694,-0.5318411042086895
8.738,-0.8608240012973548,-0.6150000975468337
8.739,-1.1304189811792271,-0.9853261615714346
8.74,-0.9037284156689857,-0.9253186412766224
8.741,-0.5300792305520335,-0.6989568369855187
8.742,-0.1524287348709841,-0.43274799743025705
8.743,0.2299150171539332,-0.1979537453563533
8.744,0.3731473454972243,-0.05717977711496479
8.745000000000001,0.991813194903784,0.4593226292252211
8.746,1.4258607530468388,1.0124318523158427
8.747,1.6450949548076286,1.2029046537316648
8.748,1.34707728820803,1.1113044511404726
8.749,1.388739713166279,1.1983300324355903
8.75,0.7566674338637933,0.7905294907768318
8.751,0.394724358400203,0.5230953313833757
8.752,0.2948424567975476,0.5849693890250446
8.753,-0.1300348551104994,0.26521466644658576
8.754,-0.2745677918416346,0.15700331741650325
8.755,-0.2123379085488257,0.30027301650554156
8.756,0.1041329313889401,0.5039248435249247
8.757,0.08429929832706,0.5252420011226049
8.758000000000001,0.2307963372305003,0.4333306398996699
8.759,-0.1408202145982826,0.07182302676400584
8.76,-0.2923531380635072,-0.38097282887587425
8.761000000000001,-0.4816816358634196,-0.5637765136172611
8.762,-0.5750702959123559,-0.9398548192907868
8.763,-1.0358671371411976,-1.3665265775655024
8.764,-1.1838683276822095,-1.7044433795102085
8.765,-1.3560127759411296,-1.7972551681800037
8.766,-0.5563527063390583,-1.050584610232657
8.767,-0.3287330204151336,-0.7059686597743388
8.768,-0.4241569532193865,-0.7153243118026302
8.769,0.2568380231672739,0.08653900935462633
8.77,0.1702300163232235,0.18739892192378646
8.771,0.1073925099492095,0.19979355508111638
8.772,0.214142140312844,0.5334992774065149
8.773,-0.0979590297513129,0.20505098087819998
8.774000000000001,-0.2789793248712464,0.2259615446374298
8.775,-0.1438376683676122,0.23237981395868798
8.776,-0.1707547250768701,0.33460893146505755
8.777000000000001,0.4920896113112375,0.7756862527618194
8.778,1.0096179274271224,1.329656115928716
8.779,1.440908838607707,1.5059402475290489
8.78,1.31173686597532,1.3290262997776758
8.781,1.5519642215892662,1.3642666343412309
8.782,1.1258402169979984,0.8348494066031108
8.783,1.2196816460081013,0.8518464725182369
8.784,0.8046339618430667,0.3136282255834255
8.785,0.1574655259323817,-0.23801995496292833
8.786,0.3132733937223557,-0.19675669367662024
8.787,-0.7344738035348377,-0.982993569933769
8.788,-0.2605388948887458,-0.6049423352124773
8.789,-0.8623645310112549,-0.8335230363354605
8.790000000000001,-0.8647858353052122,-0.9255263692607809
8.791,-0.7138834924101374,-0.37213837051427734
8.792,-1.148322114343041,-0.9177151964980678
8.793000000000001,-0.9871676075282504,-0.40857798007318036
8.794,-1.2409892423303448,-0.8220035090967764
8.795,-2.172435344022789,-1.5205830964017932
8.796,-1.308784261379487,-0.8731268216767017
8.797,-1.64446388003926,-1.1126208723071418
8.798,-1.2708936192471854,-0.9920859159842517
8.799,-0.5625428038708425,-0.30226493432476975
8.8,0.3058534092182277,0.31864579844642416
8.801,0.6754443298259798,0.6113964919865137
8.802,0.9488509551612484,0.6917462585512089
8.803,1.400213388986849,1.0774825065762248
8.804,1.3030304777516886,0.8779770912264929
8.805,1.2166548329980291,0.7932858424813731
8.806000000000001,1.340678403731392,0.9160688129841695
8.807,1.1100346566048176,0.7753526172650687
8.808,0.533396595859384,0.2796252197681511
8.809000000000001,0.4399367783893461,0.3421788884724619
8.81,0.7089506239257759,0.7329404033129118
8.811,0.4355484851532956,0.6262266191668945
8.812,0.5101409769611542,0.8137549581870281
8.813,0.2881463676539699,0.7043947117302063
8.814,0.2313702234623794,0.7091377012199386
8.815,-0.1927157000954823,0.2978608918342174
8.816,-0.7393392860083782,-0.26172256245550235
8.817,-0.9522897707743356,-0.5680559840257678
8.818,-1.344409532782513,-1.044535678961614
8.819,-1.4422360991798042,-1.3055605701525526
8.82,-1.3982674797510115,-1.388550486528463
8.821,-0.6133943462873322,-0.7733159746795653
8.822000000000001,-0.7773644105817586,-1.0600122348197272
8.823,-0.5270212423523424,-0.9233559763192175
8.824,0.0805702876349132,-0.3834343798403354
8.825000000000001,0.1053566543112181,-0.38241017196251503
8.826,0.4043652703488212,-0.05824084244195611
8.827,-0.0052036915088767,-0.4099337235231623
8.828,0.2666959051102072,-0.010510376883742012
8.829,0.0294037906823338,-0.1537390058265245
8.83,-0.425538825896053,-0.40375181372841457
8.831,-0.0029149020487319,0.086797643406157
8.832,-0.0164726748257875,0.3036644269348607
8.833,0.6296028583448798,0.9374012274860084
8.834,0.4927344790301147,0.9978962208141298
8.835,0.8388596134389747,1.2248537265492065
8.836,0.7179182905170048,1.2272080341637257
8.837,0.9388755011968128,1.2311774172251995
8.838000000000001,1.0814986971703011,1.4165323487131565
8.839,0.6289258683509238,0.690126047179669
8.84,0.0426766103706676,0.09526854653028462
8.841,-0.0204588085371542,-0.23877680315318234
8.842,-0.0031438898800302,-0.231434194819829
8.843,0.2636053346785955,-0.1723874383472822
8.844,0.500171761470397,0.10037284076690027
8.845,0.4968421860633,-0.005827020078536721
8.846,0.0662825560016704,-0.3300556226507537
8.847,0.0130667450998897,-0.3733859270766209
8.848,-0.757098636868083,-0.97580812507132
8.849,-0.4212054523116315,-0.5482414843595418
8.85,-0.9358643653748078,-0.8686786102491844
8.851,-1.7823368276288996,-1.6035458515689018
8.852,-1.318245066553167,-0.9629265106508357
8.853,-1.584915191789217,-1.1702374020951523
8.854000000000001,-1.639418212644742,-1.100775263874569
8.855,-1.1464810134106478,-0.6556332207795201
8.856,-0.7859677450396996,-0.23717700004294295
8.857,0.1513536347169305,0.5307281025452901
8.858,0.3631921480511317,0.7449743005780696
8.859,0.3294569460709854,0.4545517275822499
8.86,0.4816023160638454,0.5809786913182537
8.861,0.9903699758674316,0.8183048888327634
8.862,0.9505486701502152,0.7562023018782307
8.863,1.2686915526095834,0.8735745195930339
8.864,1.005480045608688,0.6137172405907688
8.865,0.9561098268088988,0.5011265890845538
8.866,1.1711847377519522,0.7490856640005277
8.867,1.3507512318934107,1.025725021103326
8.868,1.1329012472672038,0.8553864337926097
8.869,0.9857268403593812,0.9342102097017322
8.870000000000001,0.7588469017625715,0.742999761202172
8.871,-0.1340992204983906,0.12933141258845826
8.872,0.0163982631192345,0.27745771630889116
8.873,-1.0866946764717167,-0.5860177922267555
8.874,-1.4408577895654604,-0.9948857588662376
8.875,-1.58593908782993,-1.0165555535226036
8.876,-1.8313583077596989,-1.3638554871098392
8.877,-1.50489388815904,-1.063750839177175
8.878,-1.5014893274308363,-1.183110081246278
8.879,-0.9177591269344136,-0.7575652690256358
8.88,-0.2200409111356274,-0.16150974145960176
8.881,-0.2251749374843271,-0.39859339438065444
8.882,-0.3473733020641407,-0.5560075920541442
8.883000000000001,-0.0845992035741786,-0.5257684702297878
8.884,-0.2095367056856655,-0.5870622464738852
8.885,0.073549074832917,-0.47624959909040976
8.886000000000001,-0.2161164257135349,-0.5977328493119088
8.887,0.2414619782792165,-0.22362279367402058
8.888,0.8474379904785979,0.6279516845642452
8.889,1.0205567611925686,0.7971172517741296
8.89,1.1345415538821384,1.1789023025160568
8.891,1.1800301007295275,1.2628340563612277
8.892,0.9386611016128752,1.2424005674208238
8.893,1.0881359531910313,1.4283287199053578
8.894,0.5174159683581163,0.9693568007418789
8.895,0.3042782247969259,0.7609068904483206
8.896,0.1387356803169645,0.5624506412265138
8.897,-0.1532420961290152,0.24223462585099853
8.898,-0.1068998667775004,0.11440781688345364
8.899000000000001,-0.3542033583997741,-0.16521256439138376
8.9,-0.004650543315553,-0.09031418181007439
8.901,0.2512043056642627,0.1766426277461366
8.902000000000001,0.3588197906252549,-0.02738965309669414
8.903,-0.2249309828701569,-0.5103956870446464
8.904,-0.0494453639976165,-0.6193545405275596
8.905,-0.4442455271942672,-0.8002722234249248
8.906,-0.7255804623334206,-1.2941806142632273
8.907,-0.7716465046369836,-1.0266774613089544
8.908,-0.6981319228861749,-1.0798853888383444
8.909,-1.3747233601186322,-1.394708303828758
8.91,-0.919060583986859,-0.9958710973621172
8.911,-0.8823256576197887,-0.6247191762733841
8.912,-0.2565976533255059,-0.020969029300577133
8.913,-0.1829797510386645,0.2853900882090713
8.914,-0.0306370433729954,0.4124241128832835
8.915000000000001,-0.1806878366870576,0.34677236320321025
8.916,0.0287798220900182,0.5018169020117663
8.917,0.1703968599693788,0.5773126843556993
8.918000000000001,-0.2403313216755455,0.08067405801796959
8.919,0.3990041475402217,0.5453663334960085
8.92,0.4883118279851626,0.5409588215716091
8.921,0.8161608819511492,0.6542456024741019
8.922,1.3090187064784975,1.0880021230597772
8.923,1.415575325876788,1.0082665447793298
8.924,1.626672038329606,1.2396683076416504
8.925,1.5217314017402408,1.0196601908860963
8.926,1.1621086350991985,0.7871951832851769
8.927,0.7804778674739268,0.3661738815289214
8.928,0.2510311077689562,0.06655695881059298
8.929,-0.204910954802436,-0.3854303351181762
8.93,-1.1274400979966197,-1.0125047259097566
8.931000000000001,-1.0094407445834264,-0.9021144774416311
8.932,-1.508896660000472,-1.0970242678237092
8.933,-1.184470620239282,-0.848294365935903
8.934000000000001,-1.1125211591962902,-0.5164423646883733
8.935,-0.8271276814153556,-0.41195789226944113
8.936,-1.0622788148139195,-0.46254094475319907
8.937,-1.0481260864548412,-0.736929865049884
8.938,-0.8922334717658157,-0.47085977259901113
8.939,-1.092769372505715,-1.0299331058612602
8.94,-0.9622329774053554,-0.8370559945746073
8.941,-0.322468255026442,-0.5558304521907427
8.942,-0.7783586816012922,-0.961381630838729
8.943,0.1837588699788679,-0.276435557457372
8.944,0.4770350305925974,0.08287026283614433
8.945,1.073857297203215,0.5477377643725977
8.946,1.4521298476636546,1.0168876450168143
8.947000000000001,2.025217643888661,1.6236790173253295
8.948,1.893610039778927,1.5975107319541908
8.949,1.3282194346598395,1.1975908045753434
8.950000000000001,1.143950468879689,1.110183960200331
8.951,0.3022430619601378,0.4881466410010443
8.952,0.3476750833117887,0.5959755619055487
8.953,-0.177199004461288,0.2533821031692687
8.954,-0.3311466545737208,0.10828144045950439
8.955,-0.1851065539378895,0.3296735339919127
8.956,-0.0954116995693718,0.3687635027859279
8.957,-0.0773522998584673,0.33470909128166854
8.958,-0.0302538225817128,0.28152734797267864
8.959,0.2207539405778743,0.38771088334731774
8.96,-0.4413868015916433,-0.4008183790240212
8.961,-0.6065106335361735,-0.7296815209679561
8.962,-1.1490348682676343,-1.393765762548043
8.963000000000001,-1.3376589637506546,-1.6830961328090717
8.964,-0.8733500974368217,-1.3073867945697677
8.965,-0.9967898862313412,-1.409751392301778
8.966,-0.5110434726639715,-0.9663128778720874
8.967,-0.4339917186651147,-0.7302804668380138
8.968,-0.0217641172551355,-0.32518626581858345
8.969,-0.0263302426375794,-0.060571268552867735
8.97,0.2570303905358519,0.21422994911400686
8.971,0.1465215360836844,0.42647809955416915
8.972,-0.0160201725739697,0.20269391766205427
8.973,-0.3464176378106399,0.1859740042585732
8.974,-0.2828940787996631,0.08992937122756378
8.975,-0.3120086605081502,0.31824003356892505
8.976,-0.1929419719739504,0.1612756148216445
8.977,-0.0770293037021355,0.4597240392759352
8.978,0.9225730629368823,1.0891542281742208
8.979000000000001,0.8773769245815601,1.1630933258388036
8.98,1.6061851765739228,1.4871643011772373
8.981,1.1017452006003512,1.0714143688133382
8.982,1.0670720571866144,0.674527030506054
8.983,0.9999193098778676,0.7049796575645476
8.984,0.8650677572733697,0.3171470455596874
8.985,0.1546755888831153,-0.25693397003129415
8.986,-0.0515075224392312,-0.575133649580018
8.987,-0.0112155019189674,-0.3515614360673281
8.988,-0.1139736690743323,-0.44045139421472657
8.989,-0.7556311995874557,-0.8679584844913841
8.99,-0.445811915788035,-0.4752373153643379
8.991,-0.3606171724871662,-0.1783081110944101
8.992,-0.7462027567669942,-0.4905837111890894
8.993,-0.8651712747866074,-0.4361617488545303
8.994,-1.2048407716253673,-0.7844875592593842
8.995000000000001,-1.8648199794576528,-1.332956538173875
8.996,-1.5895559349467825,-1.18793740976808
8.997,-1.1696178046028145,-0.7198017620105179
8.998,-1.0182422752122973,-0.8117431981005411
8.999,-0.8605805378270672,-0.648099270023223
9.0,0.4414480692302026,0.3518305552584811
9.001,0.7821470461603091,0.690653144715334
9.002,1.0315038645136685,0.660013386001772
9.003,1.3057003101930411,0.9572533347559924
9.004,1.5848459937882595,1.0566611316914991
9.005,1.369732812865454,0.9061971780920913
9.006,1.274969432996206,0.7793525527489993
9.007,0.8694563196461553,0.47288837694985514
9.008,0.7479455551460553,0.4665035055840123
9.009,0.6606058301070434,0.48394129439977546
9.01,0.5459230721508529,0.583387096411291
9.011,0.5312007701494362,0.64093144038403
9.012,0.0530717845618039,0.3970925252274008
9.013,0.4339348512631309,0.7859401170036824
9.014,0.0560529476906949,0.5812418517387772
9.015,-0.5640958899502326,-0.10664434001749222
9.016,-0.831111573899828,-0.3164080413709406
9.017,-0.9631400611951598,-0.5767842640917553
9.018,-1.3279423038421418,-1.0100645745938381
9.019,-1.3332786001003174,-1.1660240831605002
9.02,-1.263199961411994,-1.2534646793446067
9.021,-1.0348650111565303,-1.1489417590634723
9.022,-0.5641598410435936,-0.8575766200163789
9.023,-0.3041263636035954,-0.6516961841875365
9.024,0.195022237899474,-0.2831835986741288
9.025,0.166697833337693,-0.2745235176904619
9.026,0.3424385654749208,-0.13510410454718455
9.027,-0.1774554369055835,-0.5342869479095483
9.028,-0.0886513115336085,-0.3845455986552882
9.029,0.0794577548126071,-0.04601400122270709
9.03,-0.481976624095235,-0.48804251311091196
9.031,-0.0576710029134293,0.10584625747209342
9.032,-0.138365166813727,0.14212381118961492
9.033,0.3302179086188203,0.7261454060990644
9.034,0.8965385424018391,1.3536413569385384
9.035,0.9634038001646966,1.4405060439387949
9.036,1.4114602149266453,1.8730756141349578
9.037,0.9827129773147112,1.3526176229452147
9.038,0.9206161842697124,1.2181877356269353
9.039,0.5540581578631971,0.664796670497972
9.04,0.1242652721612745,0.15528348315361287
9.041,0.2006824227103499,-0.0025761716568203225
9.042,0.0029922630662277,-0.23170797147699268
9.043,0.4667254382270488,0.015352988634858858
9.044,0.0366607100950635,-0.3606414669552804
9.045,0.0567980577485796,-0.47956099555802306
9.046,0.1385271423510799,-0.2555407689267178
9.047,0.0336303887818646,-0.38911304323669177
9.048,-0.36137643129549,-0.5871730485730757
9.049,-0.5251805754257148,-0.6760809245748104
9.05,-1.0630671371620348,-1.0198725952851548
9.051,-1.4600090841674944,-1.2823086921523421
9.052,-1.5535452615953065,-1.2438986571714663
9.053,-1.889001716759364,-1.4502535424138079
9.054,-1.8548389184967469,-1.3834341772171415
9.055,-1.0283608578118133,-0.49611621833996866
9.056,-0.4113327961271927,0.05582739843760577
9.057,-0.3308709701653594,0.08991807740663688
9.058,0.162673693849225,0.4627346837953079
9.059,0.6255675154694422,0.7695360101201743
9.06,1.014112581367176,1.0496059001683316
9.061,1.0243069473281603,0.8284674816002584
9.062,0.9210980966914606,0.696411062072415
9.063,0.9824929342833544,0.5110687898426461
9.064,0.8162102342591958,0.43436888065644597
9.065,1.4202154403398053,0.8417662460811215
9.066,1.3653335009831582,0.9873697658797163
9.067,1.4876001123355551,1.0128195450413027
9.068,1.0669993450468327,0.84964104327292
9.069,1.488221352779742,1.2910419090740877
9.07,0.8635500597794445,0.8986464059084425
9.071,0.1278108380119005,0.2798532530486334
9.072,-0.1895200968344253,0.08928334842295163
9.073,-1.1953788702096275,-0.7519588963208567
9.074,-1.5331129176019025,-1.1173737915407504
9.075,-1.7685782150719425,-1.1991148046535598
9.076,-1.813106794468809,-1.424569244071047
9.077,-1.7893691522746402,-1.3040967586006462
9.078,-1.106180352535726,-0.9027111430415307
9.079,-1.16999087661421,-0.9452398724664469
9.08,-0.2989536422628734,-0.3701132248146698
9.081,0.0813998100916534,-0.0319289480663532
9.082,-0.1462970388657241,-0.4770649230528623
9.083,0.00792136927467,-0.3957717957619175
9.084,-0.0100956148960856,-0.484792869463201
9.085,0.0315223583804908,-0.510793434721572
9.086,-0.0147658873873186,-0.4598902585988086
9.087,0.2072265542488937,-0.2771988955910522
9.088,0.4677340765748694,0.2175572248833203
9.089,0.778580788822853,0.5192566726778496
9.09,1.1855382322202304,1.2233796957336436
9.091,1.3817910262346451,1.424442006669368
9.092,0.9141923538065686,1.223354648334783
9.093,1.3407182055930904,1.6456049650709565
9.094,0.5715629700963962,1.029990108534999
9.095,-0.0194388420518289,0.408758569255614
9.096,0.0199582838012798,0.4457760286451231
9.097,-0.24592744823759,0.12188852723074231
9.098,-0.302559683562816,-0.0815961102242714
9.099,-0.078343917976484,0.07194122678032645
9.1,0.142815836753336,0.06278951519046498
9.101,0.3213128771672297,0.1842908803758264
9.102,0.7443625765379693,0.38072113800196283
9.103,0.1700041947268269,-0.20960765400797915
9.104,0.2566066168665509,-0.2663169967929453
9.105,-0.1360181097942936,-0.6161133676476547
9.106,-0.5039406146920737,-1.0028191128672919
9.107,-1.0502687497703949,-1.4460837019702384
9.108,-1.5919255501408758,-1.8945009672761985
9.109,-0.9092358653516016,-1.065190053203798
9.11,-1.0646203807895036,-1.0744574336058854
9.111,-1.02867135870842,-0.8795050756698491
9.112,-0.5325517085605469,-0.2640388390812171
9.113,-0.4441032375619196,-0.0417400024922418
9.114,-0.2338685296479631,0.1942539826212661
9.115,0.161019877970546,0.6660984409607736
9.116,0.3629441976232326,0.7725837280000193
9.117,0.0085255872469915,0.42472259123822514
9.118,0.5377497517218723,0.757875480112478
9.119,0.3401947668208381,0.5088459760163948
9.12,0.6205264362697281,0.5504573169509385
9.121,0.6886791303195576,0.5459901110265912
9.122,0.9810902384229316,0.6277615670775547
9.123,1.5399168631382814,1.1420668076281948
9.124,1.2150243219155112,0.6907707745863985
9.125,1.4766169029809473,0.977835084491808
9.126,1.542073436711485,1.02336881069062
9.127,0.9061820875219492,0.498375999993569
9.128,0.466984569437975,0.1287511912129772
9.129,-0.4438460751568672,-0.6057201332688584
9.13,-0.5289561559429883,-0.5794304846829821
9.131,-0.8950805023851904,-0.7528668381191084
9.132,-1.2350762510321045,-0.9986748644805372
9.133,-0.9124386543322488,-0.5272253782499139
9.134,-0.9942913838850916,-0.5788747560827813
9.135,-0.8888604231556825,-0.4186639523857317
9.136,-0.8637435777645234,-0.44158325889692207
9.137,-1.0636941369663946,-0.7049745331425948
9.138,-0.8567413601491304,-0.5975715072440377
9.139,-1.074084818136887,-0.9884962817218956
9.14,-0.9689234295481236,-0.9745817897187707
9.141,-0.635477815392238,-0.8888111022621452
9.142,-0.6741177743529903,-0.9396551914324991
9.143,0.1447807882135293,-0.39167348711846683
9.144,0.5309259660641376,0.11513767781264395
9.145,1.24758086234453,0.5858214307455796
9.146,1.6824793298911174,1.2883680601334715
9.147,2.1134776708276712,1.5285972512830093
9.148,1.7118902594277885,1.5066855277876061
9.149,1.6673789746094352,1.3317449257540428
9.15,0.7908816585121128,0.8710659716895267
9.151,0.7853379732974461,0.7787058991658191
9.152,0.0479647968551847,0.4003087614402754
9.153,-0.096912352493931,0.1852524824882724
9.154,-0.2444996425582112,0.2607714829146134
9.155,-0.2576826593391976,0.171383322145467
9.156,-0.1374951493879206,0.34031883730782225
9.157,-0.0200477216085693,0.36884236730021946
9.158,-0.2351164744007135,0.04239347643495284
9.159,-0.2833968118094667,-0.09445283735852841
9.16,-0.0732201342352995,-0.09515949667435852
9.161,-0.4973074525385569,-0.5802506995870242
9.162,-0.6374082405204847,-0.9455904517749398
9.163,-0.968908250090366,-1.2821165568795294
9.164,-1.3361100458095845,-1.8087720764241217
9.165,-1.2491121410144368,-1.6560041846715994
9.166,-0.3026953487169497,-0.75418850632306
9.167,-0.2585172084956986,-0.5825800431356579
9.168,-0.2924936452451874,-0.5417172869689646
9.169,0.302980730885296,0.20766394052934378
9.17,0.1484369041450928,0.21083423354745717
9.171,-0.0284980420334566,0.16094485341990716
9.172,-0.1132407264452603,0.2580772667151172
9.173,-0.2387716740158111,0.1770780121266379
9.174,-0.4056909457591329,0.16132486082761388
9.175,-0.1422243086505549,0.34807998545854213
9.176,-0.2260350312718555,0.3555110817564723
9.177,0.0740201100516986,0.45194065439004083
9.178,0.7279348222119539,1.1419569573640647
9.179,1.09169674367117,1.2096008001462568
9.18,1.246587106513256,1.3762870674792533
9.181,1.3454480928362869,1.1552092512106042
9.182,1.2046395397442438,1.0389196767829032
9.183,1.2993575113799394,0.8741317844009382
9.184,0.2309904721195287,-0.13480266420490547
9.185,0.1942354457536448,-0.29758782331811656
9.186,-0.14916943137165,-0.5513600615029586
9.187,-0.2962865154033089,-0.6553349135560042
9.188,-0.6505569374906138,-0.9192875122382868
9.189,-0.5295539646141576,-0.6025175817244797
9.19,-0.2513225166602303,-0.2742521036190998
9.191,-1.073432647297483,-0.8128712317020211
9.192,-0.6148485082743398,-0.3791682719350435
9.193,-1.1484199741390757,-0.6321791988288543
9.194,-1.152243915378432,-0.7492346311596889
9.195,-1.189956364859886,-0.5929587574877447
9.196,-1.5813114081818036,-1.1705876299148215
9.197,-1.5720118448491558,-1.1016625124783028
9.198,-1.1193584662389016,-0.8659722132750627
9.199,-0.8729898182707051,-0.6925488640467802
9.2,0.0590223727674564,0.0503905004526156
9.201,0.8264977898016094,0.6585306446518153
9.202,1.2430613438521203,0.9705863734696467
9.203,1.509032974819962,1.060636084910547
9.204,1.5136765222630604,1.0803165564089718
9.205,1.692479940134981,1.1322105810325191
9.206,0.9595814990428284,0.5338873647376672
9.207,1.0973198391070556,0.6308869927747655
9.208,0.9384275885950432,0.689736568006117
9.209,0.7092447930689145,0.5030330830105832
9.21,0.7201112402812526,0.7528816933469078
9.211,0.3369139640741948,0.45777559776718213
9.212,0.3958028513692779,0.7077247987937496
9.213,0.4841249610413821,0.8776188120066082
9.214,0.1403002588005791,0.6207317764229304
9.215,-0.2270808024013595,0.2872658234003959
9.216,-0.6973369057226901,-0.22714556983052148
9.217,-1.1312520579069707,-0.6859763146592298
9.218,-1.6676053098521346,-1.3873141814268828
9.219,-1.650288704450828,-1.4300970605963002
9.22,-1.2133901833902605,-1.2347634406464267
9.221,-1.285663193638111,-1.354276939874113
9.222,-0.8990534727311442,-1.2223675851807472
9.223,-0.4216341132277844,-0.7275584881393169
9.224,0.3460180173780138,-0.16743776270524266
9.225,0.2308232096532678,-0.16681593506827153
9.226,0.2154881057128864,-0.3069031195398795
9.227,-0.0474586370922625,-0.354384403067531
9.228,0.0938676155859622,-0.25658107828317234
9.229,-0.1648577520208616,-0.23340732306116396
9.23,-0.1219841382026138,-0.18894647033628367
9.231,-0.0863353117533378,0.13830885225208484
9.232,-0.0181000269579644,0.1988978700118611
9.233,0.3403364277381239,0.7977260247841935
9.234,0.6652051421110335,1.0566689001024623
9.235,0.4882328808912359,1.0249429901601792
9.236,1.261229289753845,1.6504201575697055
9.237,0.938157482096402,1.366510291478281
9.238,1.1042245998718707,1.3147130336128225
9.239,0.8319081796224639,1.0025136400186105
9.24,0.1648074953929573,0.08755879814199781
9.241,0.2412389389902537,0.10063435513735039
9.242,-0.0929239490703801,-0.4575739404890487
9.243,-0.1966984085702097,-0.5855513688821232
9.244,0.4826192941199295,-0.05841296450272407
9.245,0.1942860300859918,-0.2874798007827126
9.246,0.3923770327998533,-0.14413070822340435
9.247,0.3347644386634357,-0.05155806995433373
9.248,-0.2436814328754344,-0.5931918839753934
9.249,-0.5085777704354149,-0.650475309460194
9.25,-0.6488644469593257,-0.696837456409458
9.251,-1.465515760423018,-1.3110842231051705
9.252,-1.4985889187690045,-1.241958049659212
9.253,-1.2858208597098602,-0.9008399974901984
9.254,-1.514152774244007,-1.0622309315368095
9.255,-1.0325416590751604,-0.57566377825267
9.256,-0.6688587145896341,-0.20141416445510515
9.257,-0.5264552693706701,-0.1883260776335731
9.258,0.2521526367229662,0.5529814232306536
9.259,0.7736000660577759,0.8443232994595581
9.26,1.0146323487710178,1.0324535157822934
9.261,1.0343727676250252,0.7896842303635441
9.262,0.4462882818650806,0.17299410762651007
9.263,0.8927312244899615,0.40502668490303784
9.264,1.050443739435098,0.5879139240660514
9.265,1.2906548592136111,0.7259604760688936
9.266,0.9638136880850898,0.4853772544086111
9.267,1.1192808621647687,0.6740839479780456
9.268,1.387911184315208,1.0730956147199846
9.269,1.181178908103974,1.006961571516521
9.27,0.9075356692058412,0.8745072386565654
9.271,0.3854195366632102,0.5304269123359798
9.272,-0.1717087526863317,0.08894995010525432
9.273,-1.0130809409145736,-0.6227091855888717
9.274,-1.3343728682978602,-0.8793787063748343
9.275,-1.7032492357951798,-1.2353583210280428
9.276,-1.8301721839813532,-1.353921905615386
9.277,-1.6332670271185057,-1.2852749879502159
9.278,-1.241411632609546,-0.9246039933364633
9.279,-0.3563673261030045,-0.27964918224093216
9.28,-0.4467418002937366,-0.4082496473852136
9.281,-0.0206974416457948,-0.2629695452105658
9.282,-0.2871764157606228,-0.5385115003508255
9.283,-0.1565048564115392,-0.6442283462329234
9.284,-0.0885665862869339,-0.5301902924663432
9.285,-0.2151429442243689,-0.781302414365513
9.286,0.2691335983544382,-0.19152833924009677
9.287,0.5090987681168566,0.06290995662358738
9.288,0.684956634666698,0.38131412376186824
9.289,1.1745030551772655,1.0044644014176853
9.29,0.8179063821259176,0.7840710921163513
9.291,0.9459345369613869,1.1074868834018785
9.292,1.3362991818883667,1.5790071730907418
9.293,1.1091981015518455,1.5357863971267975
9.294,0.7706104607860431,1.1893656490428182
9.295,0.1342245796760973,0.6621919205207976
9.296,0.1167909308901753,0.543563682418344
9.297,-0.4627068519547172,-0.03225948557035879
9.298,-0.2652603714124141,-0.0005620295905738731
9.299,-0.3924483407109027,-0.2180079122877917
9.3,-0.4933275861284801,-0.49604190172443346
9.301,0.3747861888351421,0.234672348649838
9.302,0.1448026888121922,-0.12306713103403155
9.303,0.3975165607195332,0.004394621477828625
9.304,0.2310279836665274,-0.19023553211359376
9.305,-0.3096146188968279,-0.80059461140352
9.306,-0.2715764163329974,-0.6663947946530319
9.307,-1.0241492386140667,-1.4256162026226682
9.308,-1.594930889011878,-1.784934121390802
9.309,-1.3510588671191726,-1.5152072075469454
9.31,-1.470719871923148,-1.3496813154728118
9.311,-0.9699573475233596,-0.8435294341276078
9.312,-0.5620288842140121,-0.13939603953845278
9.313,-0.0907786486980739,0.2668926292364231
9.314,0.0184672819932753,0.6179937292576356
9.315,0.1496918271561117,0.5914582072320456
9.316,-0.0553531763231477,0.5254760658437299
9.317,0.1622606671288407,0.5107833516697794
9.318,0.0873950892847394,0.4553309090634468
9.319,0.5635877986712209,0.6798035410530099
9.32,0.1513084097035746,0.18718063140792346
9.321,0.9337552905011394,0.769901470249347
9.322,1.5528610703325894,1.2590541127409811
9.323,1.314701882095355,0.9320052629240407
9.324,1.618880248356256,1.120068636319426
9.325,1.4213312325371543,0.9661324548408647
9.326,1.5047784323725144,1.0011098091750084
9.327,0.8791517230315794,0.5267522260161758
9.328,0.4455383388163438,0.1365101014986729
9.329,-0.2226542297793389,-0.33528442414104653
9.33,-0.890154017331475,-0.8815566303554122
9.331,-0.9903678076437072,-0.8178823137550818
9.332,-1.2214395308053896,-0.8946097770713735
9.333,-1.2781518838901726,-0.8854252444035716
9.334,-1.378115890154047,-0.853403077966342
9.335,-1.184679558438881,-0.7233004480405876
9.336,-1.241245159215259,-0.7129982255357591
9.337,-0.8875396843772173,-0.5386286042726341
9.338,-0.7584243681629484,-0.4209696500561934
9.339,-0.8629894357232437,-0.767651358648947
9.34,-1.0232943157125969,-0.9982055954334939
9.341,-0.6081064513633633,-0.8122436761075288
9.342,-0.2576548788488331,-0.5496184054722281
9.343,0.0241029110962219,-0.4105067905158109
9.344,0.7586506538898729,0.2617061397181242
9.345,1.4248814015481732,0.9197894579445459
9.346,1.4649105453539488,0.9477159094174719
9.347,1.424675118859049,1.0407500992824978
9.348,1.642126155724015,1.2908515513470469
9.349,1.4956331015723363,1.3835761754288447
9.35,0.9998893152953175,0.9311559111587413
9.351,0.0717844616744814,0.28383054083029363
9.352,0.1919158337023016,0.40902684567088504
9.353,-0.0750275019112157,0.3944821390462279
9.354,-0.0778376829871482,0.3154833076213655
9.355,-0.1480720617088446,0.4184189146697529
9.356,-0.2268757670819735,0.16458841005483624
9.357,-0.1444175906446561,0.32467289239599983
9.358,0.2822677919117954,0.4964258381761776
9.359,0.2193465778841746,0.4347978348336749
9.36,0.0110484742330511,-0.05478801941333501
9.361,-0.5939432795489114,-0.6931212588410837
9.362,-0.8602960453562072,-1.194797441140559
9.363,-1.264827481222977,-1.6235047625279748
9.364,-0.9342302607257552,-1.4155302263844574
9.365,-0.8041314968366416,-1.2731220213955496
9.366,-0.745381952141787,-1.1875182235028172
9.367,-0.4651374789937096,-0.8578781141709028
9.368,-0.1595717351065783,-0.384488504519436
9.369,0.0889752708318461,-0.0740516086795787
9.37,0.0755245006901827,0.16821293593444564
9.371,0.0288986489377614,0.15837885813506947
9.372,-0.3797178957311433,0.012777814296718558
9.373,-0.2863911796390044,0.08459507449489456
9.374,-0.6691185437339028,-0.10798640212221344
9.375,-0.2096903062353868,0.25836140535698215
9.376,0.019226445551824,0.5534944058510368
9.377,0.2653309843956147,0.6488560816296864
9.378,0.7654693442383205,1.0874724849605841
9.379,1.2484241052181493,1.3991987174917868
9.38,1.4520636580770383,1.457312902445533
9.381,1.512202146373687,1.3729499256578162
9.382,1.4292665690381448,1.1341815696748014
9.383,0.8639712324480476,0.49059357543924265
9.384,0.7889929836039709,0.32480813253457563
9.385,0.5818387878704041,0.12183291628463072
9.386,0.0064058336003256,-0.43023486185921833
9.387,-0.3475842567823747,-0.7119551318252344
9.388,-0.8192024601283308,-1.0402837551640576
9.389,-0.7086737955048872,-0.8308265472368568
9.39,-0.5052464669340769,-0.402320523663712
9.391,-0.7444215770471395,-0.5698286049647123
9.392,-0.798599606994932,-0.3839491432216647
9.393,-1.0337396150083882,-0.620898265988615
9.394,-1.5133361950970687,-0.9162281026033876
9.395,-1.2896007802889755,-0.788172559419433
9.396,-1.8179583261525525,-1.2362775396922705
9.397,-1.2394950490098524,-0.8340637599551856
9.398,-1.1160544056533883,-0.7408390721754861
9.399,-0.7918075703431774,-0.6325069692581352
9.4,-0.0474247781416989,0.01049475069920975
9.401,0.5650711816258182,0.41929429109517513
9.402,1.1041152660052462,0.8562867144744217
9.403,1.2932665604974811,0.8977724165257132
9.404,1.6478082409907329,1.2224040133426441
9.405,1.4192157969887698,0.9240087682629914
9.406,1.207144364339612,0.7977871135816579
9.407,0.9533922938305116,0.5476361448922088
9.408,0.5129907374446804,0.3028744491963527
9.409,0.8655629367683904,0.7067985544018316
9.41,0.3463191077354757,0.43761189619067975
9.411,0.3213757831924443,0.4762532439248295
9.412,0.1468465661858558,0.5220633262936639
9.413,0.4773381848792355,0.8964754823814111
9.414,0.1771043464485234,0.7060259051746816
9.415,-0.4835774274780924,0.05395400384437596
9.416,-0.3395444320424873,0.14896096633270484
9.417,-1.1121320288005432,-0.6416760411535695
9.418,-1.5478393787651294,-1.2857381404194739
9.419,-1.5253043697369295,-1.2745773283723192
9.42,-1.2483314576987747,-1.3212862084123531
9.421,-1.0629903501890976,-1.0924069141535173
9.422,-0.6005332806865774,-0.9984531151276774
9.423,-0.6785755419178732,-0.933443129312456
9.424,0.0824692168877679,-0.5139976550350178
9.425,0.1077514816919075,-0.22565857981409637
9.426,0.3316039665556164,-0.26635640465021915
9.427,0.2246017236702952,-0.007382804086870379
9.428,0.4785007937337691,0.07466380685429308
9.429,-0.2308668013821533,-0.22068769666672994
9.43,-0.0705859809834101,-0.15750140214213798
9.431,-0.4871692542901146,-0.19034980679563518
9.432,-0.0921703989050957,0.14416475410956822
9.433,0.334876168305197,0.8471582275061629
9.434,0.5933628178875519,1.0437684012869743
9.435,0.7433445055399479,1.3099560381868862
9.436,1.042254019874247,1.5266516437484714
9.437,1.0383733106641668,1.4686284310825624
9.438,0.9893833698245362,1.327356958767389
9.439,0.7601611840219793,0.9062497947692355
9.44,0.4136249295100158,0.4938826314113757
9.441,0.231377431721943,0.045327255286750856
9.442,-0.3232378438246628,-0.5008967700962942
9.443,-0.0411331603149098,-0.48771998813209483
9.444,0.1668989915870797,-0.15890258686141134
9.445,0.3600305367491382,-0.18105540096992864
9.446,-0.1168848303546924,-0.41470000812659463
9.447,0.1062536591281265,-0.32991948115497893
9.448,-0.2881358628697122,-0.3856626926160494
9.449,-0.7135071420689625,-0.8862252949577807
9.45,-1.2091508854887112,-1.0073909804721686
9.451,-1.4323434235932315,-1.2829372028177195
9.452,-1.9121670331942051,-1.4270221288601437
9.453,-1.7610315047473464,-1.3522025975086707
9.454,-1.9471741861777612,-1.3061612497792647
9.455,-1.1469069358171635,-0.6388307325025672
9.456,-0.9017967030003982,-0.2965985303637105
9.457,-0.1047547353667257,0.30507187484073384
9.458,0.4017403582187581,0.7883717953736139
9.459,0.7510896995648297,0.9017536674413406
9.46,0.8789647107190351,0.9427823066496878
9.461,0.867328113725823,0.6948184873209656
9.462,1.1783099930667005,0.9322979111591363
9.463,0.7865900584917037,0.3483116162983718
9.464,0.696070930225297,0.2640301739950053
9.465,1.2550409986773725,0.709042863270215
9.466,1.2428628039169636,0.811183600942128
9.467,1.6715466186266887,1.2175300443757955
9.468,1.292568947545324,1.0394330327260646
9.469,1.1814409032208428,0.9849727616828707
9.47,0.9091592208648862,0.9374330498576983
9.471,0.3865851655898522,0.5152993366900621
9.472,-0.6029490697535004,-0.3039432714811067
9.473,-1.033486181060767,-0.6364445428693256
9.474,-1.2651571025944508,-0.8149218537623493
9.475,-1.982961391548523,-1.4774841189219041
9.476,-1.9924150635631623,-1.5731665894709583
9.477,-1.6443728778752311,-1.231851205697345
9.478,-0.9203209831259476,-0.7070711447217606
9.479,-0.915153544713162,-0.7607702395750469
9.48,-0.4406408130499045,-0.5336751202623905
9.481,0.1196980267054251,-0.04983154343937439
9.482,0.0588726300812496,-0.32686108027950567
9.483,0.0943075866843768,-0.3412846521047389
9.484,0.1884448178838803,-0.36632486847835827
9.485,-0.1786253044475504,-0.7222884082530118
9.486,-0.1010921167900519,-0.6368103285497237
9.487,0.4004147420860715,-0.05432974818849379
9.488,0.9205147747377528,0.58608973854783
9.489,1.1365841617603845,0.9320349958090021
9.49,1.2324012070093175,1.207352271229224
9.491,1.3303500460260584,1.44109927021693
9.492,0.994959908239984,1.2721902496656554
9.493,0.9581009139476072,1.3293639344174646
9.494,0.6359865931581951,1.0955566088013924
9.495,-0.0539109261907016,0.4255310020069671
9.496,-0.2420258494038589,0.21208039049535038
9.497,-0.2880155123171959,0.10956078491812399
9.498,-0.0937217467818915,0.1699218044949624
9.499,-0.0904410384635048,0.07203747005467408
9.5,-0.0188325557095483,-0.0578324048592567
9.501,-0.0911042699380891,-0.2204611538671832
9.502,0.1718250721120729,-0.16654229053881317
9.503,0.455237145062828,0.09493637415942395
9.504,-0.1564979706438922,-0.6759038783135151
9.505,-0.5704214221388154,-1.008573347309361
9.506,-0.3325340476758024,-0.8433026975087625
9.507,-0.9659650129157082,-1.2985758650334585
9.508,-1.295422892453948,-1.6072287228331799
9.509,-1.1721620137633195,-1.2587058043398385
9.51,-1.1633736950738764,-1.1566207780468085
9.511,-1.308699977892857,-1.1073834439338233
9.512,-0.4212853792762155,-0.09224701723315124
9.513,-0.1142496950051461,0.30113179362635073
9.514,0.0894467398370896,0.6268101781894043
9.515,0.1354653664848602,0.6036953134455346
9.516,-0.1459352500911704,0.41049875751537646
9.517,0.4099224976726254,0.743655832724363
9.518,-0.0077460368473336,0.3745727323507807
9.519,0.4259407706719256,0.4829622341175095
9.52,0.4271547067790167,0.512098282117478
9.521,1.058467367724694,0.796135696281005
9.522,1.1231078756161794,0.9046009004659967
9.523,1.4312435386783355,0.9242404214920111
9.524,1.8936248384322607,1.4842390465633166
9.525,1.5067704103696051,0.9215722507317043
9.526,1.3706230570401838,0.9562327634899893
9.527,1.1832059127267511,0.7182435321085666
9.528,0.2001397609337893,-0.03404820691235912
9.529,0.1722249847144074,-0.014873669432373553
9.53,-0.6474950850215117,-0.5896441325864046
9.531,-1.0584289467249843,-0.9096311016369489
9.532,-1.3920736669064446,-1.0467797220952249
9.533,-1.642876883861231,-1.2219843447598229
9.534,-1.2322802726796276,-0.7182301168651906
9.535,-1.210857940506609,-0.6798766108962943
9.536,-1.2588644306935224,-0.7626338735001912
9.537,-0.7696108328373579,-0.32808947008924105
9.538,-0.987889992852814,-0.6920924832165896
9.539,-1.1117122538332616,-0.9224093780500097
9.54,-0.7219889594180359,-0.7350796330054263
9.541,-0.8986509619150325,-1.0273211743325703
9.542,-0.4750872625952207,-0.7896079716204788
9.543,0.0530175873295238,-0.33835627320509654
9.544,0.6794306343620018,0.18427045836219427
9.545,1.1345106541515628,0.6355164014210148
9.546,1.247205973009332,0.7596254284646028
9.547,1.6605090321257607,1.249843824878017
9.548,1.784770100236366,1.4883541673490943
9.549,1.5006236455875743,1.34080216566485
9.55,1.0710519954776303,1.0740675480053647
9.551,0.4261488972577702,0.5852982732636539
9.552,0.230268930667532,0.52303454669644
9.553,-0.2244123790008944,0.20318897768021954
9.554,-0.5341067387943211,-0.07671965117069006
9.555,-0.225291018119666,0.32307337804002045
9.556,-0.1716198472585129,0.25712380169408816
9.557,0.0184774918715552,0.5007820578062102
9.558,0.4836513492805095,0.6965568746823955
9.559,0.0378323604781807,0.2999787008878979
9.56,-0.1088208164732169,-0.22079408393185224
9.561,-0.7597184688329416,-0.780954542318104
9.562,-0.4218094516464483,-0.8475141574989254
9.563,-0.9907392513205038,-1.2448878072943415
9.564,-1.0805413677522058,-1.6919238419932887
9.565,-1.0078995988632171,-1.351607673247315
9.566,-0.5661722918905343,-1.1655647778026739
9.567,-0.7174762557981628,-0.9711863405520329
9.568,0.2095039431738499,-0.1839560818721576
9.569,-0.0657083417054388,-0.08428035800529128
9.57,0.0714741172018246,0.0020079634556093087
9.571,0.1624928847490199,0.43212883755790926
9.572,-0.0776365841460915,0.17530088193582843
9.573,-0.270840543839508,0.22548819399520062
9.574,-0.1424428863149044,0.31335964148684997
9.575,-0.5831141953171003,-0.01454769308088135
9.576,-0.3081491877592734,0.1596192852003132
9.577,0.262540275252472,0.7138591704066887
9.578,0.8226051242476521,1.1138206225630196
9.579,1.1832512751823965,1.3650008259348017
9.58,1.1976837984155946,1.1989735966391204
9.581,1.3233296822620326,1.178408815195597
9.582,1.2566042155284134,0.9730663967016301
9.583,0.9087918339148896,0.4969271148160411
9.584,0.8283655216576105,0.38115411242664643
9.585,0.3802735143267581,-0.1444473752546639
9.586,-0.101557666596583,-0.5224702385227777
9.587,-0.2638799114419291,-0.711019414316337
9.588,-0.4429062330037864,-0.6524904642511394
9.589,-0.3698293960272772,-0.5844305628179389
9.59,-0.5665925203570105,-0.4562241894440533
9.591,-0.3725802964270112,-0.293996616001617
9.592,-1.129810663753479,-0.7091201970581934
9.593,-0.8356680596676138,-0.5215196379187542
9.594,-1.2512182495943434,-0.6446734700935232
9.595,-1.3703011756977084,-0.9757668709995599
9.596,-1.7885424500801583,-1.1883517389737495
9.597,-1.5988325801457874,-1.3179839446586046
9.598,-1.331531339878471,-0.9255578772055515
9.599,-0.7150946267114889,-0.7057214442195962
9.6,-0.0629707641737583,0.03501855144947424
9.601,0.9040401763378866,0.5835195681198188
9.602,0.958550856862925,0.7498503432049861
9.603,1.6242721370529734,1.0404687862517754
9.604,1.489091831476829,1.086909854594203
9.605,1.4936667844872753,0.8156273349875683
9.606,1.3915304133655546,0.9757298238302323
9.607,1.4927585529713272,0.9296468321782152
9.608,0.3664936723282053,0.11420795197132448
9.609,0.8473978115591825,0.5701259705724375
9.61,0.9484757489528156,0.96712717131634
9.611,0.4450156131473373,0.5217575473796349
9.612,0.4608064340208438,0.7490203785115201
9.613,0.7181564037741635,1.0884634118821939
9.614,0.235925432353097,0.6861065274321173
9.615,-0.149580843444962,0.34773211920440433
9.616,-0.6086058702078273,-0.16730983422535742
9.617,-1.1563778952264665,-0.7422863598409053
9.618,-1.185286347953022,-0.9205850300205267
9.619,-1.7685334897377762,-1.6120851007804253
9.62,-1.6622132610169154,-1.6741700560337371
9.621,-1.3249097076369494,-1.4979592911784794
9.622,-0.8412490354240123,-1.1244829793143265
9.623,-0.3013488943300925,-0.7447943474670973
9.624,0.0345669145852142,-0.4119794934025653
9.625,0.2994169172919317,-0.24620195681622348
9.626,0.168625060063345,-0.2730369358365988
9.627,0.7113617357158688,0.27632118717609144
9.628,-0.0319639547264802,-0.30546501018118916
9.629,-0.0827347665366647,-0.23216642624343498
9.63,-0.0513743570233129,-0.06135156723479579
9.631,-0.2454584083988112,-0.039639517968025006
9.632,0.4196957726715483,0.6635504920339419
9.633,0.0330419348461887,0.5322350279059301
9.634,0.7170099012232066,1.1026554920814287
9.635,0.7757811998993609,1.3995960501360163
9.636,0.969030882907426,1.3240893275280035
9.637,0.8664751813853959,1.4037713721536549
9.638,1.004418139981472,1.1627579399652421
9.639,0.6222694170597675,0.8979914133817284
9.64,0.1024428778684909,-0.02969145175566385
9.641,-0.0306693318747838,-0.09256100961644098
9.642,0.0944855083612704,-0.3100805511048472
9.643,-0.5873714547204099,-0.9386484184266535
9.644,0.4656519436990093,-0.08538024045391453
9.645,0.4947157066657553,0.006278032887434615
9.646,0.3088897381003453,-0.20185495474565113
9.647,0.0005997450247069,-0.4268236631910326
9.648,-0.3319832143834233,-0.6275681528543132
9.649,-0.1616361614453848,-0.35918119109056446
9.65,-0.9271505139191988,-0.9135731322607191
9.651,-1.3936440022277652,-1.2857259742071843
9.652,-1.741504998973976,-1.443368791349659
9.653,-1.531414457877945,-1.1644568644082347
9.654,-1.3530015997664218,-0.9054903899654789
9.655,-1.095934863071684,-0.619944797817771
9.656,-0.5110549275560096,-0.10910779861890987
9.657,-0.1205084808647232,0.26933440973176026
9.658,0.5223136239860043,0.6976247298157284
9.659,0.6250887243512595,0.7641271603483653
9.66,1.2878111353349742,1.1378892476323306
9.661,1.199814374737806,1.01745007173644
9.662,1.031467469696704,0.5781393850083829
9.663,0.8444393823259384,0.3907769504984157
9.664,1.1294492063633388,0.5082470348784179
9.665,1.2600058431919456,0.6854153994055777
9.666,1.0206641585759726,0.43239874265720424
9.667,1.1176214959797086,0.6137069694368543
9.668,1.0153561455386877,0.6532819701328403
9.669,1.1425811553877294,0.8674458546385595
9.67,1.0913684288658931,1.0703328422545537
9.671,0.3525971284340846,0.3702217642012994
9.672,-0.5285512465481669,-0.2151461693727596
9.673,-0.7632288252072712,-0.5061743602687608
9.674,-1.364745627555179,-0.8442261194993539
9.675,-1.4956532437702494,-1.1463791573789601
9.676,-1.5012953550463173,-0.9760845653832042
9.677,-1.3058638744853714,-1.044864160789034
9.678,-1.285883535785449,-0.959675342253281
9.679,-0.4657541935419972,-0.4336049952074895
9.68,-0.7099390985079423,-0.7131227616458075
9.681,-0.2179266754405241,-0.458480020530356
9.682,0.2186101576369113,-0.12374038014176894
9.683,-0.1550445363667649,-0.5970916247474276
9.684,-0.0196363914813724,-0.5881783569163289
9.685,0.1999470918656726,-0.28417530532733276
9.686,0.2535041071274859,-0.3493078148000923
9.687,0.3197838746433211,-0.020202624812365004
9.688,0.8581058820231509,0.41932226329949207
9.689,0.6876610630496907,0.6323408366453038
9.69,1.4053670682667998,1.2613187964807746
9.691,0.8748615155619055,1.143238442254256
9.692,1.100910078798404,1.2671992910184995
9.693,1.0522987847749508,1.5639693045478615
9.694,0.3818503241771359,0.7558877309482861
9.695,-0.1106029262439323,0.4714708460350479
9.696,0.222619020361828,0.626108853111796
9.697,-0.2414429995335102,0.20772428560901357
9.698,-0.4998845704506836,-0.2494448215345034
9.699,-0.429200591116808,-0.2720392966272822
9.7,-0.1986113296038143,-0.2158199857816958
9.701,0.2032673602598788,0.012501970876034996
9.702,0.1716408806436895,-0.11517722812084098
9.703,0.0576458691668116,-0.4125967649035947
9.704,0.0360932361401597,-0.41009295443615607
9.705,-0.0323258045669665,-0.6144194313835827
9.706,-0.3982439067112732,-0.8266902778309645
9.707,-0.8966902960958603,-1.3856606973959387
9.708,-1.0931983268109025,-1.33184020722002
9.709,-1.228013728944961,-1.4572867839008268
9.71,-1.5777363046012034,-1.5291581606164766
9.711,-0.3699262116620471,-0.2728276509237667
9.712,-0.5777563468618211,-0.2584888880899814
9.713,-0.1048000052852668,0.26114587680450796
9.714,0.6315475541362631,1.0968085545471613
9.715,0.0798770558305838,0.5550898878477817
9.716,0.3262854240697791,0.7520067933738023
9.717,0.3880404495792258,0.7718863360693896
9.718,0.189974667330294,0.4003373681866969
9.719,0.1201435831577601,0.24793792587134517
9.72,0.3881475519926443,0.28479552698567545
9.721,0.9064633976095884,0.7126606837058573
9.722,1.251248083456714,0.8527594942404118
9.723,1.4711166113158816,1.0145351216468093
9.724,1.673026284749093,1.1103028689484684
9.725,1.4112086808387163,0.8525754189988164
9.726,1.444993292216611,0.9128053615690526
9.727,1.1085713189071402,0.6494624561764369
9.728,0.5453302853913891,0.22826571843320975
9.729,-0.25582888045986,-0.44918741143254093
9.73,-0.924956987975073,-0.9234976147864813
9.731,-0.9265794465336156,-0.7862800905950954
9.732,-1.2777093612489514,-0.9753155481738655
9.733,-1.1777013666766227,-0.7599325927900388
9.734,-1.439304432733943,-0.9672658427999566
9.735,-1.2414808588994262,-0.7056755438518919
9.736,-0.6607357202234682,-0.2133611318084703
9.737,-1.019192129127908,-0.5680475347383886
9.738,-0.933593114046997,-0.6939651708133764
9.739,-1.2682644228161568,-1.071014152991337
9.74,-0.8570187294456517,-0.9280015046959356
9.741,-0.4802601411290245,-0.6084916833706872
9.742,-0.1857678288126411,-0.5513603798004143
9.743,-0.0805005331586721,-0.480967100106395
9.744,0.4516595365068015,-0.07971528892739868
9.745,1.3543134730729407,0.8386414616770023
9.746,1.655218261640506,1.1511068179395316
9.747,1.4363672905187954,1.0056025617843543
9.748,1.4959659795585494,1.2032036863186601
9.749,1.4949589644047474,1.3150198357908554
9.75,0.8463845390055088,0.869489289138795
9.751,0.4687644511619797,0.6078080067768981
9.752,0.4806694559690197,0.8040839256303087
9.753,0.0900984251442739,0.4929170427135263
9.754,-0.4886086727831107,0.005001998095589816
9.755,-0.1189185652328743,0.3909361584082784
9.756,-0.0816997485757831,0.38711445577885123
9.757,-0.1427111127363581,0.27631978884137487
9.758,-0.0096840963478883,0.24941405887436724
9.759,-0.1220798872833217,0.043002795108461264
9.76,0.1304111420934315,0.0756397727363553
9.761,-0.4733230389774905,-0.6281761450097779
9.762,-0.8670530623299639,-1.2197958395761057
9.763,-1.047163414000532,-1.465671831842243
9.764,-0.844023325014901,-1.3656648992740248
9.765,-0.802638081397099,-1.328076515429432
9.766,-0.5843202765954526,-1.0818024212319297
9.767,-0.1491401716442302,-0.5850553942705988
9.768,-0.3304111048374205,-0.6195368233867078
9.769,0.1957098825480977,0.008527266567319565
9.77,0.1081138968977373,0.1335156662790702
9.771,0.1212219357666005,0.24163450864630676
9.772,-0.0088895883555272,0.3193599855660294
9.773,-0.3875034785086717,-0.024844143539426003
9.774,-0.1381132825200673,0.36732003942891644
9.775,-0.4027446110265751,0.03803021011356367
9.776,-0.3535868637654019,0.1358160994372724
9.777,0.3467893393325716,0.6676076978189175
9.778,0.4963091405068605,0.7812425968932301
9.779,1.3186345434551368,1.3656677311631695
9.78,1.456912177300001,1.425279278596462
9.781,1.409997303392334,1.1341076693313052
9.782,1.4648101544677572,1.1239097129565383
9.783,1.3589584580961267,0.835006782189232
9.784,0.661786981548538,0.13591016772011336
9.785,0.3221281745048778,-0.27941977698877607
9.786,-0.0190031703196827,-0.5357577688518497
9.787,-0.1234820987588224,-0.6014017060306576
9.788,0.0238965256754328,-0.2937830824102227
9.789,-0.1374390336752051,-0.3357765703429039
9.79,-0.588486705557442,-0.5939711127089626
9.791,-0.7705908853777681,-0.6373748389981337
9.792,-0.8029967414074592,-0.504245379378116
9.793,-1.0721471505379954,-0.6785736335872018
9.794,-1.3547084758973067,-0.8789743879850728
9.795,-1.4957754643787475,-1.0083101478193592
9.796,-1.5889725970460384,-1.1353627550845677
9.797,-1.3875284588539256,-1.0038843671778424
9.798,-1.0507899962827734,-0.8147104282299685
9.799,-0.7617196955879142,-0.6350294637815503
9.8,-0.1048010124797415,-0.20281449897354914
9.801,0.5799160292646942,0.3994536154885658
9.802,0.9918113329344146,0.5678640834901078
9.803,1.5525448283335348,1.1361134311040941
9.804,1.8525586923877528,1.234249524491154
9.805,1.41001064445348,0.9217341034841589
9.806,1.6695491376051474,1.063158915982196
9.807,1.0067410262639596,0.6397513030016247
9.808,1.0093854745247484,0.6181420809874516
9.809,0.632354538209265,0.5344079780387601
9.81,0.7202362023898546,0.6676620514729914
9.811,0.8209763131908846,1.0377965696505327
9.812,0.246240652034455,0.5302885637442042
9.813,0.1482639262831328,0.6056565280545122
9.814,0.146993917208744,0.6419791327764348
9.815,-0.5041905548441463,0.027351006036382117
9.816,-0.6406978340838689,-0.13570819986238303
9.817,-0.9523334843900638,-0.5416612805292216
9.818,-1.557726181484178,-1.2430992038207107
9.819,-1.7426743340846833,-1.6010836037192817
9.82,-1.5455378101086534,-1.5464287770253122
9.821,-1.001337748607171,-1.17220243900325
9.822,-0.6387716748670004,-0.9591490352210899
9.823,-0.2549093119126028,-0.6587171382908735
9.824,0.0776681981530844,-0.44507348424426224
9.825,0.209170593111394,-0.2551259090226907
9.826,0.4840378431596588,-0.04923374655954056
9.827,0.2316249178910903,-0.09420489598070719
9.828,0.2181562618936969,-0.13360093727293448
9.829,-0.349872957984067,-0.3890304789863383
9.83,-0.4023305241011318,-0.4542313759057144
9.831,-0.1104642874992713,0.17630345450637858
9.832,0.239325515670845,0.48726788528911247
9.833,0.1041992133262418,0.6310599058446067
9.834,0.756940185853967,1.1877815409300285
9.835,0.6202779676709809,1.2083323722896557
9.836,1.153718701139066,1.5794739547281724
9.837,0.978281996635281,1.4235292400204005
9.838,0.5423021312053004,0.7768620931506608
9.839,0.7229100624609243,0.8737327940581949
9.84,0.4404988434087911,0.3719377976550483
9.841,0.1268883585367664,-0.05876929512227978
9.842,0.0586995824300501,-0.30628546753531516
9.843,0.1760626965013851,-0.26311716323415646
9.844,0.2462853021207797,-0.29107040743197926
9.845,0.3467551777002126,-0.16945614183583252
9.846,0.726723840304874,0.21113205318044856
9.847,-0.0343588807850633,-0.4238062177672235
9.848,-0.2704790861925364,-0.5759157761810473
9.849,-0.4167484250211736,-0.5246787310940987
9.85,-0.961828902288465,-0.9492151864464358
9.851,-1.6605672886875116,-1.4389785467880116
9.852,-1.8708574145503385,-1.5562572506512766
9.853,-1.6708275358907765,-1.1961371973305246
9.854,-1.6022205426133838,-1.1204751483516893
9.855,-1.3345585252462542,-0.7782615273929347
9.856,-0.639016214952834,-0.19167281344892542
9.857,-0.0965864190813715,0.3398540069166983
9.858,0.4700897938591216,0.6929280923248373
9.859,0.7013245525751314,0.862780689568354
9.86,0.9237576404903008,0.8171842427270296
9.861,0.951285202055892,0.7873456364408415
9.862,1.1778722069601704,0.763039709917268
9.863,0.8144941816166299,0.39807896288528993
9.864,1.012529424911332,0.42935393002157507
9.865,1.1025073056477528,0.6018103974965788
9.866,1.196711313154355,0.6513414453616824
9.867,1.0492976248838466,0.663706892049782
9.868,1.030643130523618,0.7177869744574811
9.869,1.4073503648198264,1.2913583130149593
9.87,1.237814331790421,1.2672195028395408
9.871,0.0413135298978623,0.24560811130374677
9.872,-0.3637512017186273,-0.008945971438959002
9.873,-0.6542813821502321,-0.20241729370166492
9.874,-1.4150186558395652,-0.8722698891737212
9.875,-1.5164026913680293,-0.9852446027135725
9.876,-1.7964924631090815,-1.271306896200194
9.877,-1.7670538733365806,-1.3561286811011612
9.878,-1.352571061943484,-1.0397634997475882
9.879,-0.7047816820499869,-0.5686738849100638
9.88,-0.4234420280527059,-0.43254294767754786
9.881,-0.3552365675703612,-0.5443695261267304
9.882,0.1029526002770287,-0.21121640287927737
9.883,0.0935536696391045,-0.3477373798449874
9.884,-0.2260275443548523,-0.7102510899253156
9.885,-0.1858489559486624,-0.7103325023871475
9.886,-0.0038039137762393,-0.4585000657917727
9.887,-0.0245661416152367,-0.4315492242401227
9.888,0.4639037808441085,0.2253158359795723
9.889,1.0831846938567644,0.9498807458010472
9.89,0.786942314614449,0.8665160499099417
9.891,1.1561949001946468,1.3483760417423498
9.892,1.1030498296071258,1.479820175016757
9.893,0.8340893699061299,1.2783428214556003
9.894,0.3353584299145676,0.874195806522582
9.895,0.0729605907874349,0.5977324784753547
9.896,0.1305028007994804,0.6342787793889455
9.897,-0.2546460107424865,0.14648218873289903
9.898,-0.2648787600024004,0.02018924217610006
9.899,-0.1649601498088214,-0.045135561185295825
9.9,0.1039218157271279,0.0699926791999965
9.901,0.4085609359362478,0.197441248026978
9.902,0.4764848603260156,0.14483512965061354
9.903,0.5620885321105391,0.0978733621823619
9.904,0.0418086605707953,-0.45271790798566075
9.905,-0.3016501431411285,-0.8443813372054685
9.906,-0.5201320916643748,-0.9803829629814206
9.907,-0.6415454420901345,-1.0601335123811666
9.908,-1.1607175499322484,-1.4019372074455414
9.909,-1.682017136616214,-1.8250074466254975
9.91,-1.422045381222252,-1.3418583786598695
9.911,-0.6925479690730927,-0.5191786870795563
9.912,-0.6401489787010207,-0.25694680668677605
9.913,-0.0930777884491035,0.31042523034130665
9.914,0.1255315289067775,0.6802475377615124
9.915,0.0993070467590508,0.5521878021824158
9.916,0.086830666476661,0.6183403994163814
9.917,-0.0927481168633522,0.203525288622748
9.918,-0.1452482228813001,0.17833026849732386
9.919,0.1870922239705917,0.17568657691729056
9.92,0.104873937748668,0.1150513481839891
9.921,0.9618849328079506,0.6068672975562049
9.922,1.2296416212960886,0.9396446270960904
9.923,1.8466351727211212,1.243711402824349
9.924,1.8527330710093155,1.3889205038920145
9.925,2.0973974117845384,1.4397304692547375
9.926,1.4212756956338797,0.9739628292187904
9.927,1.0160450443945843,0.5223514062495451
9.928,0.4207949877413734,0.1699801524170355
9.929,-0.1409163168111589,-0.3080689446597129
9.93,-0.5415630060818166,-0.49674383737482475
9.931,-1.4188025797569852,-1.2129450149878174
9.932,-1.597797138123979,-1.2783418325591902
9.933,-1.2863094789462313,-0.7931565728322375
9.934,-1.2599917300433303,-0.7992580515716585
9.935,-1.037176148243636,-0.44127925131342915
9.936,-0.8514695066373132,-0.44279276386968414
9.937,-1.0685303850559589,-0.584048992510068
9.938,-0.7485268507004554,-0.5691725564017447
9.939,-1.1897735276972523,-0.9813382743309843
9.94,-0.7248487367963494,-0.8658086576766054
9.941,-0.700174310328149,-0.8229149713820118
9.942,-0.5493447436730914,-0.9779464925101009
9.943,-0.0170655347774426,-0.3981407330312897
9.944,0.6308235889719709,0.06102630608726056
9.945,1.2009182143905597,0.7324508986172528
9.946,1.638773212674732,1.1341017108524776
9.947,1.4758205813854353,1.122685552064119
9.948,1.8328207771596152,1.5808876429397094
9.949,1.255880643143452,1.175280876676954
9.95,1.0764900378843685,1.1728058911174606
9.951,0.7686618778459381,1.0135467512270995
9.952,0.0406654639881523,0.44982540266563703
9.953,-0.0215282961374392,0.47866006283311735
9.954,-0.579645455189765,-0.011777820033983168
9.955,-0.1466105653135269,0.44264649462643146
9.956,-0.0981148805993192,0.4147558393507864
9.957,-0.0135230752889616,0.4653223903326479
9.958,0.3182597451406352,0.5853531732007318
9.959,-0.5171068392421989,-0.3063253796998047
9.96,-0.2526509710612636,-0.326758261039378
9.961,-0.7017496512858863,-0.8157083777854737
9.962,-0.7736987401654685,-1.1544712362913265
9.963,-0.7123699647405752,-1.0858695945716421
9.964,-0.8451880946935127,-1.3833148534583204
9.965,-0.923811600052742,-1.3958162335986033
9.966,-0.6588045456645151,-1.148766551338906
9.967,-0.5387158256859665,-0.9156954478835682
9.968,-0.2946835598673917,-0.5542868123250999
9.969,-0.0632331265563516,-0.19496669726112115
9.97,0.1660753950703963,0.22533416098937817
9.971,0.231288782927822,0.39272529770064657
9.972,-0.1787039875526769,0.15991898325585538
9.973,-0.1970243876148575,0.18354982800817532
9.974,-0.5527913614698482,-0.08703594598392925
9.975,-0.318965535427212,0.11207923878483213
9.976,-0.2707772904361812,0.11684709953438624
9.977,0.2423947482852407,0.5252699792387677
9.978,0.9926284580019298,1.1249112692440568
9.979,1.0482973240281412,1.032118848915671
9.98,1.745892762162007,1.5441694569799562
9.981,1.582973207065582,1.2254650914351979
9.982,1.5269758372538054,1.043533454232311
9.983,1.0996707525098988,0.487102634090963
9.984,0.3321393124789618,-0.26704488684495015
9.985,0.5383716585834584,-0.1438675286210726
9.986,-0.2016060810875024,-0.6961467295136408
9.987,-0.1443955307775812,-0.6791490070240066
9.988,-0.4549318440693668,-0.6487983211783068
9.989,-0.3558929908728118,-0.5730247445084827
9.99,-0.3109844287645649,-0.10249872548609465
9.991,-0.5718006919388727,-0.40719972851344277
9.992,-0.7886965306675459,-0.20632204257506434
9.993,-0.6134612376929409,-0.12568003487974433
9.994,-1.235386519064002,-0.42559206341811784
9.995,-1.287646111826195,-0.6267954364560437
9.996,-1.9505560689869976,-1.120885677002508
9.997,-1.693286096535028,-1.0355602991794066
9.998,-1.4889491132195878,-0.8269123723215603
9.999,-0.523964736109045,0.0027185442154801787
