time,raw_emg
0.0,-0.3038422876841708
0.001,0.7613808994637769
0.002,1.1560060518741109
0.003,1.4076930692801424
0.004,1.4599108625670492
0.005,1.2958160973646646
0.006,0.9840925153451354
0.007,1.4129461215768722
0.008,0.596688600698665
0.009000000000000001,0.6366042070579921
0.01,0.2495043813778936
0.011,0.06281427000829831
0.012,0.8627502614779752
0.013000000000000001,0.4245105878680822
0.014,0.05971863790059783
0.015,-0.37257150290392327
0.016,-0.7583971084667488
0.017,-0.6577795806391751
0.018000000000000002,-1.8772654050798105
0.019,-1.7357199810157278
0.02,-1.5428235163302866
0.021,-1.3354904353273023
0.022,-0.8581424488456688
0.023,-0.05290981707319753
0.024,0.3178261395368714
0.025,0.2877255000021344
0.026000000000000002,0.4108993152027216
0.027,0.6259774665473983
0.028,0.16957013841985533
0.029,0.4083556135416863
0.03,-0.19636017883091167
0.031,-0.029801318686664982
0.032,-0.28799581401057295
0.033,0.20108770579260904
0.034,0.6913362401223354
0.035,0.7464507832971711
0.036000000000000004,0.8212193263172283
0.037,1.0277842070015344
0.038,1.1077591050879767
0.039,0.7148397362063208
0.04,-0.06542809784178538
0.041,-0.22214350666544355
0.042,0.2910272971776626
0.043000000000000003,-0.1635851611386784
0.044,-0.1771555731269468
0.045,-0.07817921224021507
0.046,0.21102646114564552
0.047,0.26093061143479884
0.048,-0.16467328276418766
0.049,-0.7964745263113895
0.05,-1.0541002498182055
0.051000000000000004,-1.631105385186644
0.052000000000000005,-1.3073363720799753
0.053,-1.3828249933534795
0.054,-1.7551706182506335
0.055,-1.136680871956763
0.056,-0.5928689928457771
0.057,0.019168903728638984
0.058,0.2588135864082842
0.059000000000000004,0.8515380437958676
0.06,1.115437921100912
0.061,1.2032455803742694
0.062,0.8645230691547474
0.063,1.1355336524647388
0.064,0.823504859067508
0.065,1.358295950204627
0.066,1.2766994578733089
0.067,1.480553710941832
0.068,1.0725801842594909
0.069,1.0045486865722044
0.07,0.8039262599719802
0.07100000000000001,0.05528649296689356
0.07200000000000001,-0.17617147164658678
0.073,-1.057048844089407
0.074,-1.2320488109239915
0.075,-1.6909514108729484
0.076,-2.016961390463704
0.077,-1.2082587591948144
0.078,-1.2245802756338748
0.079,-0.4759128547369784
0.08,-0.37527154312922617
0.081,-0.27352105252104886
0.082,-0.4808407257468716
0.083,-0.19772641156821183
0.084,-0.027355284527855787
0.085,0.19394558053001915
0.08600000000000001,0.2410611878775266
0.08700000000000001,0.42858207024873674
0.088,0.4381246102447465
0.089,1.012681157905733
0.09,0.9285868610839163
0.091,1.23651691013376
0.092,1.0912791608600667
0.093,0.9271990708078474
0.094,0.6729466981809056
0.095,0.35228934993246563
0.096,0.14401463968621026
0.097,-0.2468220743571901
0.098,-0.2516837375418281
0.099,-0.1453811322191934
0.1,0.02819004266393118
0.101,0.3652011842434967
0.10200000000000001,0.6572349373449461
0.10300000000000001,0.14918876254168803
0.10400000000000001,0.0793438593925714
0.105,-0.3944404002004927
0.106,-0.8867998000644057
0.107,-0.9513560742542472
0.108,-1.149968013150863
0.109,-1.3537097167489827
0.11,-1.0310475576283045
0.111,-0.7499063171535261
0.112,-0.5621099183922948
0.113,-0.013998009590282356
0.114,0.007117260774114384
0.115,0.37773593625363494
0.116,0.04991472477339501
0.117,0.33092260685169933
0.11800000000000001,-0.02558316819814639
0.11900000000000001,0.5082906640177329
0.12,0.4462808098007873
0.121,0.8925923920256404
0.122,1.3782525879176988
0.123,1.7369302849358705
0.124,1.8753295761689863
0.125,1.4846986135564926
0.126,1.6217090565096224
0.127,1.3630522686744893
0.128,0.4538175754900554
0.129,-0.13250969474233548
0.13,-0.7742340035387137
0.131,-1.1917002874978249
0.132,-1.045889269083947
0.133,-1.1115176707960144
0.134,-1.4425895700207532
0.135,-1.4524477538167029
0.136,-0.9841127018153091
0.137,-0.9571564610835789
0.138,-1.1662797724014349
0.139,-0.7752337706360388
0.14,-0.8884945111759368
0.14100000000000001,-0.686370507779146
0.14200000000000002,-0.8941905892666715
0.14300000000000002,0.08851929343262155
0.14400000000000002,0.7810858058736866
0.145,1.4120385147500405
0.146,1.4251016473889833
0.147,1.645991595475817
0.148,1.736825651985343
0.149,1.5022441209287702
0.15,0.8880779099888418
0.151,0.5073571049047825
0.152,0.05616470095348511
0.153,-0.4022618167820446
0.154,0.1164801515585771
0.155,-0.11251166898028592
0.156,0.12380261329102299
0.157,0.13918500116947377
0.158,-0.05038682372041068
0.159,0.1812247576864015
0.16,-0.4278036094328807
0.161,-0.4853551905139047
0.162,-1.082085099585107
0.163,-0.951212577228378
0.164,-1.2063556393813077
0.165,-0.6871868206935947
0.166,-0.6640215255596834
0.167,-0.5331508729347659
0.168,-0.025670310500600264
0.169,-0.1433306909579479
0.17,-0.06689979197574958
0.171,-0.14840786926610625
0.17200000000000001,-0.18650963953891464
0.17300000000000001,-0.3488201264976394
0.17400000000000002,-0.4876975186017873
0.17500000000000002,-0.20353670081241515
0.176,0.0011888612733194914
0.177,0.18002852868098598
0.178,0.6455237237272715
0.179,1.1370759912643988
0.18,1.2908464730219085
0.181,1.6258907773605888
0.182,0.9759957073249175
0.183,1.115736871021864
0.184,0.40540629927055133
0.185,0.20871486029393838
0.186,-0.023094109934482146
0.187,-0.22948459293142862
0.188,-0.6083766155650656
0.189,-0.20216875796064598
0.19,-0.5431251902373264
0.191,-0.39507193797089324
0.192,-0.7549547090638397
0.193,-0.9094407272283491
0.194,-1.1481369314987944
0.195,-1.5128388637588437
0.196,-1.5283877386393816
0.197,-1.5916051290081998
0.198,-1.1332402301970195
0.199,-1.1640326396704954
0.2,-0.019885622819508186
0.201,0.32039214154749085
0.202,1.2054551183769417
0.203,1.5270576817491945
0.20400000000000001,1.5548756089029785
0.20500000000000002,1.1348036260563337
0.20600000000000002,1.192735109215791
0.20700000000000002,1.0082886931743746
0.20800000000000002,0.8526202796850634
0.209,0.6923029097976521
0.21,0.7678048662115439
0.211,0.4662699616714569
0.212,0.6624524695921493
0.213,0.25640225031002783
0.214,-0.0028070037427821992
0.215,-0.1799344835662709
0.216,-0.7527542796125827
0.217,-1.580097002455515
0.218,-1.404753329378874
0.219,-1.6866720042273728
0.22,-1.6712805806198006
0.221,-1.0709393556245106
0.222,-0.5440846308705413
0.223,-0.2723749722666496
0.224,0.007169349819999893
0.225,0.09141554383853334
0.226,0.15617015438697515
0.227,0.3584141464453498
0.228,-0.006155907671514527
0.229,-0.1946242150787258
0.23,-0.17015943874364398
0.231,-0.32088038179107303
0.232,-0.27489044711412813
0.233,0.24724853121495072
0.234,0.8535511368635279
0.23500000000000001,1.09936693342298
0.23600000000000002,0.692815525004922
0.23700000000000002,0.7990145827694705
0.23800000000000002,0.6629775227950392
0.23900000000000002,0.04223004687266374
0.24,0.18209744405063122
0.241,0.40782860070027516
0.242,0.027677946950111276
0.243,0.17458613938661977
0.244,0.13518958564029152
0.245,0.3401861466272017
0.246,0.16834956156925118
0.247,0.2510518948821152
0.248,-0.00772045240211669
0.249,-0.7066235930767467
0.25,-1.1744343282665786
0.251,-1.17599055041295
0.252,-1.7327133914939343
0.253,-1.7552894180594298
0.254,-1.6381911175748465
0.255,-0.9485836854517395
0.256,-0.77064731184686
0.257,-0.34704493514212975
0.258,0.4694927066850414
0.259,0.4692564753614853
0.26,0.9703553153894626
0.261,0.9689896342726885
0.262,1.2115861083401995
0.263,1.1126869095329104
0.264,1.2267920425534662
0.265,1.2102452090558895
0.266,0.8938530317174869
0.267,1.1920532174950582
0.268,0.9448328089810714
0.269,0.8374492637019353
0.27,0.9057835215002933
0.271,0.09278994990473202
0.272,-0.31065483751638523
0.273,-1.3832699671109658
0.274,-1.2146784564404975
0.275,-1.997200719602846
0.276,-1.635019216326492
0.277,-1.5988697203740054
0.278,-1.093722703805085
0.279,-0.9707151258138131
0.28,-0.6996115859219569
0.281,0.02054242830770986
0.28200000000000003,0.3321227342758917
0.28300000000000003,-0.04377592715248013
0.28400000000000003,0.002951434269309272
0.28500000000000003,-0.09585764395504226
0.28600000000000003,0.2271208455370572
0.28700000000000003,0.07473981533291024
0.28800000000000003,0.4471382353914849
0.289,0.7479463245904852
0.29,0.9138705885186531
0.291,1.5860587235015984
0.292,0.9771629554749536
0.293,1.3291727271353668
0.294,0.9255092390540907
0.295,0.5006598327430196
0.296,0.4627861166193098
0.297,-0.10792121910883112
0.298,-0.42114736979525846
0.299,-0.5917385488220839
0.3,0.32082881449671347
0.301,0.4177097485881436
0.302,0.43753554107124737
0.303,-0.0011579047257497255
0.304,0.29815379310336687
0.305,-0.1333781802711541
0.306,-0.7727237545510361
0.307,-0.715202594969959
0.308,-1.1486702949871546
0.309,-0.9573610708762477
0.31,-0.9613931342654634
0.311,-0.7164805606450891
0.312,-0.5380938820952922
0.313,-0.17330286442979553
0.314,0.03590542719700718
0.315,0.09901976463038906
0.316,0.11546997404185694
0.317,0.1698719638658242
0.318,0.1933412979539207
0.319,0.3329746493116762
0.32,0.46001987030888447
0.321,0.6403236223608519
0.322,0.9767344640824223
0.323,1.3151122101646096
0.324,1.6623212504779497
0.325,1.9960597658234374
0.326,1.2885005350897047
0.327,1.0705376470412713
0.328,0.2780145370521107
0.329,-0.32242199322841397
0.33,-1.140447094929929
0.331,-1.2442978742627726
0.332,-1.3033217910281831
0.333,-1.2705525972522558
0.334,-1.3801905345903183
0.335,-1.232102870150312
0.336,-1.233260989191707
0.337,-1.1909256815153446
0.338,-1.056315335940372
0.339,-0.94025976679622
0.34,-0.5978808559780089
0.341,-0.8942271569361633
0.342,-0.20992559740520483
0.343,0.26591747870275484
0.34400000000000003,0.8968665859893883
0.34500000000000003,1.0075791794036886
0.34600000000000003,1.6793082711250256
0.34700000000000003,1.1246917698770358
0.34800000000000003,1.3264149074302924
0.34900000000000003,1.1417792324126617
0.35000000000000003,0.7389579663019803
0.35100000000000003,0.44343034216775806
0.352,0.08890958456698603
0.353,0.1578718164016767
0.354,-0.20813049397706454
0.355,0.13138446493161576
0.356,-0.16964218273392812
0.357,-7.488248515911781e-05
0.358,-0.25416168129628663
0.359,0.053359555537238396
0.36,0.21209917368524073
0.361,-0.8178492540388446
0.362,-0.882690174654594
0.363,-1.0663449021322247
0.364,-1.1816806083522526
0.365,-0.986603915381567
0.366,-0.4814792492566143
0.367,-0.651257182433555
0.368,-0.2894714893955197
0.369,0.15700771813162248
0.37,0.24052826651398773
0.371,-0.51413549210576
0.372,-0.0869627789705108
0.373,-0.31963954395937777
0.374,-0.6238052174235154
0.375,-0.36052444028964425
0.376,0.23164830565396638
0.377,0.3926854848379959
0.378,0.8927827298935502
0.379,1.1110452729361981
0.38,1.4521889575737366
0.381,1.6765123284827776
0.382,1.5388828659120442
0.383,0.964197358563806
0.384,0.7508547857981804
0.385,0.07476116859532161
0.386,-0.05266224241329837
0.387,-0.24115836701041996
0.388,-0.4779467670114749
0.389,-0.30907484850447703
0.39,-0.6139183231549721
0.391,-0.896211337666296
0.392,-0.8522473219385606
0.393,-1.270965045066247
0.394,-1.6136202628351106
0.395,-1.4549273265888185
0.396,-1.6237566649450272
0.397,-1.2707230941537104
0.398,-1.3522898929203078
0.399,-0.7566342435788456
0.4,-0.42201536694404174
0.401,0.6511142201251665
0.402,0.975388020626885
0.403,1.240361650335502
0.404,1.5230797797780675
0.405,1.6703964996692915
0.406,1.4473971421755845
0.40700000000000003,0.7977942122912063
0.40800000000000003,0.6093521197408117
0.40900000000000003,0.6290738452817142
0.41000000000000003,0.8459780594142144
0.41100000000000003,0.641747735216853
0.41200000000000003,0.04081933063573595
0.41300000000000003,0.1800810636872478
0.41400000000000003,-0.12261714027480297
0.41500000000000004,0.04859580326031998
0.41600000000000004,-0.6938573218210995
0.417,-1.0709952743477675
0.418,-1.4061595055905822
0.419,-1.764292470670176
0.42,-1.130880827708646
0.421,-1.1493490824868715
0.422,-1.0437004157546084
0.423,-0.28058205869225683
0.424,0.29258328402883427
0.425,-0.16112802165406592
0.426,0.31396828897168416
0.427,0.506587522513672
0.428,0.19474417954961915
0.429,0.29905104270870314
0.43,-0.3691844142524654
0.431,-0.17078479908601057
0.432,-0.06243383884383025
0.433,0.42442465891030046
0.434,0.0054338402076751224
0.435,1.2423038455908673
0.436,1.1643369351165398
0.437,1.4784196798253468
0.438,0.74192622934611
0.439,0.3225665585998749
0.44,0.29825727221175213
0.441,0.32037934568104276
0.442,-0.0380284732519215
0.443,0.19439094521870998
0.444,-0.11631236018318228
0.445,0.09092384091993537
0.446,0.3521712696223124
0.447,0.37522706958179286
0.448,-0.2691242980170392
0.449,-0.9082703776562309
0.45,-0.9247027949888263
0.451,-1.406721157941552
0.452,-1.6600431654851233
0.453,-1.897201148731738
0.454,-1.5108803090876195
0.455,-0.9848700697894481
0.456,-0.8635025964793075
0.457,-0.030848669825284614
0.458,0.5199558372502829
0.459,0.5973153105500859
0.46,0.7467008214985339
0.461,0.7608661471037869
0.462,0.8620447659948688
0.463,0.8950014662294442
0.464,0.8085670036894226
0.465,0.8596174798871765
0.466,0.8434413776239484
0.467,1.5615241811015013
0.468,1.4429758862320787
0.46900000000000003,1.1509898532719807
0.47000000000000003,0.6867489436397305
0.47100000000000003,0.24613133365920944
0.47200000000000003,-0.32563939796308433
0.47300000000000003,-0.980570441228725
0.47400000000000003,-1.2225907880015248
0.47500000000000003,-1.714339547300149
0.47600000000000003,-1.6352147396463195
0.47700000000000004,-1.4622553291068507
0.47800000000000004,-1.3295827375563056
0.47900000000000004,-0.9703774077080632
0.48,-0.7507950616060142
0.481,0.443969683113171
0.482,-0.1069172266478344
0.483,-0.3006254553046499
0.484,-0.0890211274890097
0.485,0.26105296786221716
0.486,-0.19604559200719301
0.487,0.29559158371303085
0.488,0.46860846314518817
0.489,1.0154243952078128
0.49,0.5340800733397667
0.491,1.5536499084347062
0.492,1.02699688051091
0.493,0.9890227200313654
0.494,0.6301452243826938
0.495,-0.11029539061838828
0.496,-0.17450251327359634
0.497,-0.22853309900652477
0.498,-0.2597744328481788
0.499,0.13206750187491895
0.5,0.16352046894457978
0.501,-0.058343439305564904
0.502,0.2488049422339318
0.503,0.28062717772931806
0.504,-0.38048926068897676
0.505,-0.2191169404528255
0.506,-0.5955525951159636
0.507,-1.0926816646772664
0.508,-1.0570134665263877
0.509,-1.560097205374393
0.51,-1.0760252575239302
0.511,-0.6308313191363257
0.512,-0.5377852218816065
0.513,-0.67434783651525
0.514,-0.09856150826499535
0.515,0.04079286436191324
0.516,0.4238526975696671
0.517,-0.1350261827100776
0.518,-0.07889790622291398
0.519,0.2705413194018441
0.52,0.5056390550906884
0.521,0.9784266743549912
0.522,1.0824093636243415
0.523,1.52177893485716
0.524,2.098782342226436
0.525,2.0236586947702344
0.526,1.4399186140174989
0.527,1.1671923182516133
0.528,0.29946349431254654
0.529,-0.07926609030159715
0.53,-0.8227759165631978
0.531,-0.9065584637242964
0.532,-1.3530250476495613
0.533,-0.9307038795293401
0.534,-1.5364486698087547
0.535,-1.103717345484271
0.536,-0.7690266481175855
0.537,-1.0969063952387077
0.538,-1.2062685616561297
0.539,-0.9597447349701939
0.54,-0.8771750126624376
0.541,-0.4733222298977252
0.542,-0.48292085454551026
0.543,0.31160288202693665
0.544,0.4542399457880556
0.545,1.341628846379754
0.546,1.377606912011327
0.547,1.734740321140454
0.548,1.2523161831728675
0.549,1.4691271574255282
0.55,0.6320487628096688
0.551,0.5241137388507393
0.552,-0.024805846130960096
0.553,-0.4133146007567535
0.554,-0.43653557811482857
0.555,-0.31596464874778535
0.556,-0.34872659574621434
0.557,-0.0656777503892664
0.558,0.6569358658270157
0.559,-0.27651367576230257
0.56,-0.24680721070314598
0.561,-0.2767005413965331
0.562,-0.6913979737322431
0.5630000000000001,-1.1218701181199922
0.5640000000000001,-1.0407322474547962
0.5650000000000001,-0.4468048626726644
0.5660000000000001,-0.7411637874160399
0.5670000000000001,-0.7156206734498863
0.5680000000000001,-0.16487080019907868
0.5690000000000001,0.21474959115150016
0.5700000000000001,0.5171975825195816
0.5710000000000001,-0.07826825218354885
0.5720000000000001,-0.1767800237736341
0.5730000000000001,-0.24532168831931964
0.5740000000000001,-0.658531342498812
0.5750000000000001,-0.7051841871299215
0.5760000000000001,0.1004276193319655
0.577,0.3638910334359612
0.578,0.7125263316129422
0.579,0.9295580132733983
0.58,1.2808078255112
0.581,1.634784897122307
0.582,1.4171090558837571
0.583,0.9363801773574251
0.584,0.9019075981316719
0.585,0.2504341845003096
0.586,0.06184829133603992
0.587,-0.5641213103094588
0.588,-0.5411787774479031
0.589,-0.37326094198564913
0.59,-0.5900414621111437
0.591,-0.5688334321767504
0.592,-0.7670619254585715
0.593,-0.7252785756483953
0.594,-0.9462093626919603
0.595,-1.7417179507375935
0.596,-1.9136830801826166
0.597,-1.5748137982672805
0.598,-1.1960987287205722
0.599,-0.4274192671056444
0.6,-0.15604139121850324
0.601,0.320636728869551
0.602,1.4099697321863038
0.603,1.3949152915784437
0.604,1.5628674894882615
0.605,1.8072477966862754
0.606,1.34164483107256
0.607,1.347275546924052
0.608,0.9189944873593509
0.609,0.9070860797864058
0.61,0.9537253982304741
0.611,0.5319065996313661
0.612,0.5606413362846147
0.613,0.2522726780623045
0.614,0.31780967903600743
0.615,0.0035150146728216702
0.616,-0.6821205622474572
0.617,-0.890658233070007
0.618,-1.680838178011397
0.619,-1.2569959541352045
0.62,-1.8453199432861411
0.621,-1.2135342241901197
0.622,-0.8313310522871497
0.623,-0.17837950033992098
0.624,0.30669618319227854
0.625,0.2498932050150644
0.626,0.1325711652429521
0.627,0.2686965079525742
0.628,0.09956269331334565
0.629,0.07184931717218052
0.63,-0.4888917184952367
0.631,0.037852514923562564
0.632,0.03245036336212037
0.633,0.7428482777526972
0.634,0.7914943133758652
0.635,0.6942249885535112
0.636,1.1252904483349753
0.637,0.9269790612177524
0.638,1.1485738027603758
0.639,0.7619599991591943
0.64,0.07066870272181883
0.641,0.18709220010140618
0.642,-0.05403654927337742
0.643,-0.23090194425504976
0.644,-0.20614985623872728
0.645,0.7393169351125566
0.646,0.10424388775633969
0.647,0.09598541737735448
0.648,0.19380753013202262
0.649,-0.21326612327167388
0.65,-0.8764874486151433
0.651,-1.4128973213376712
0.652,-1.3303358825669622
0.653,-1.5717986314446313
0.654,-1.4401437995961872
0.655,-1.268318229777099
0.656,-0.769880684920212
0.657,-0.40529369725374587
0.658,0.3804504318129616
0.659,0.7168844213540755
0.66,0.7991419560674834
0.661,0.8884868002531505
0.662,1.039984950878322
0.663,0.8945429304377013
0.664,0.8599406271693699
0.665,1.4073173867462483
0.666,1.4025857945470945
0.667,1.5109120039655843
0.668,1.4775998319669181
0.669,1.2000824417701494
0.67,0.8272629102030102
0.671,0.35633091181762283
0.672,-0.8382146436347887
0.673,-1.014991987122139
0.674,-1.4123450674880886
0.675,-1.6389272121739031
0.676,-1.7650616177389065
0.677,-1.4122509690442684
0.678,-1.1860372710639722
0.679,-0.8103857240838079
0.68,-0.35850685378112745
0.681,-0.3031259501050356
0.682,0.33514613472714655
0.683,-0.10098475850162669
0.684,-0.38039110465949977
0.685,-0.20407326374531723
0.686,-0.002494374483764633
0.687,0.31096369148148695
0.6880000000000001,0.4858996986146473
0.6890000000000001,0.7704477533127465
0.6900000000000001,1.0908809938314952
0.6910000000000001,1.3166403450406843
0.6920000000000001,1.3940628128517047
0.6930000000000001,0.7784179870183747
0.6940000000000001,0.8995989583664483
0.6950000000000001,0.0639435612615877
0.6960000000000001,-0.45237441274971923
0.6970000000000001,-0.2129288444727641
0.6980000000000001,-0.057395324672368575
0.6990000000000001,-0.43524046840163255
0.7000000000000001,0.20332698908547486
0.7010000000000001,0.1958525798283999
0.7020000000000001,0.7903934473659753
0.7030000000000001,-0.44822581250224225
0.704,-0.20385925980250247
0.705,-0.15932787977214802
0.706,-0.4011471056945147
0.707,-0.759767455774826
0.708,-1.1899402017567755
0.709,-1.427674559336737
0.71,-0.7168764622260904
0.711,-1.1147360963600457
0.712,-0.512184594437565
0.713,-0.3457642017470137
0.714,-0.05434802446816435
0.715,0.20222278630432008
0.716,0.17008734750274507
0.717,0.13896450053382473
0.718,0.12656279318901026
0.719,0.22193763130341704
0.72,0.3706813631797599
0.721,0.7446160176716576
0.722,1.431075855851934
0.723,1.6523960646613214
0.724,1.915253538053409
0.725,1.5859914797313748
0.726,1.3712139979728737
0.727,1.056097379698716
0.728,0.0948591969945447
0.729,-0.2801523669484305
0.73,-0.8910311686812988
0.731,-0.9578707219784675
0.732,-1.5191561187464147
0.733,-1.5582452235071458
0.734,-0.9737994482339034
0.735,-0.9300355431894491
0.736,-0.8070592523663374
0.737,-1.1946871048688972
0.738,-1.0596663645771407
0.739,-0.9979436845924651
0.74,-0.7094091904865163
0.741,-0.6218806019067245
0.742,-0.7533565406459808
0.743,0.13627864278248536
0.744,0.8176474598032271
0.745,1.1774916490882197
0.746,1.2281240450959519
0.747,1.8477267986631696
0.748,1.7316440742323813
0.749,1.3924727222728197
0.75,1.310158581434961
0.751,0.6531046844259892
0.752,-0.08072146513363676
0.753,0.04778425743877612
0.754,-0.5180280426301164
0.755,-0.4614624884172233
0.756,0.04162153629915544
0.757,-0.274336883932419
0.758,0.07876516898660352
0.759,-0.04216204528583357
0.76,-0.5873420971694666
0.761,-0.5670976971520227
0.762,-0.9871061372585861
0.763,-0.9563811581551835
0.764,-0.9599359911753726
0.765,-0.8337831181663133
0.766,-1.1060403535076788
0.767,-0.2096053371800236
0.768,-0.06949190119479466
0.769,-0.06894439009501793
0.77,0.13734703809833823
0.771,0.07609460046537286
0.772,-0.2628142472651957
0.773,-0.3912326035898967
0.774,-0.3780761900941607
0.775,-0.17996303600771
0.776,0.16060463521783305
0.777,0.6270843923003719
0.778,0.6797219865526714
0.779,0.9265038747449797
0.78,1.6101501923936468
0.781,1.5780743468563965
0.782,1.2208140515771178
0.783,0.8496254451050103
0.784,0.44617849196944304
0.785,0.25649231272049955
0.786,-0.16339370541709036
0.787,0.29454161984520727
0.788,-0.2856880387995331
0.789,-0.6650015418637653
0.79,-0.5183460104281924
0.791,-0.42185795890056665
0.792,-0.530464314702929
0.793,-1.0588931213129733
0.794,-1.3733728384475445
0.795,-1.695949810058911
0.796,-2.117996078958316
0.797,-1.2035893949866874
0.798,-1.3216372589164493
0.799,-0.6535583068972849
0.8,-0.11714842923664921
0.801,0.31326245969487165
0.802,1.3393851569565867
0.803,1.5494594478205141
0.804,1.5194881901791337
0.805,1.9502757441394252
0.806,1.2876094966282965
0.807,0.8333689407195166
0.808,1.0865005804929933
0.809,0.899669510408918
0.81,0.23348964052864252
0.811,0.5077450896515259
0.812,0.20728881361520515
0.8130000000000001,0.6384118693020977
0.8140000000000001,-0.1800132333289281
0.8150000000000001,-0.1912838940769842
0.8160000000000001,-0.818893044362707
0.8170000000000001,-0.5236145279669404
0.8180000000000001,-1.7290610309337706
0.8190000000000001,-1.4996727567650248
0.8200000000000001,-1.4960318371823182
0.8210000000000001,-1.2284163428388408
0.8220000000000001,-0.5712812753225153
0.8230000000000001,-0.4638042007044604
0.8240000000000001,0.11377706749867206
0.8250000000000001,0.22232734204560137
0.8260000000000001,0.05685851778370771
0.8270000000000001,0.4943636244285618
0.8280000000000001,0.05825468791896212
0.8290000000000001,-0.13772849698029047
0.8300000000000001,-0.2194660290881161
0.8310000000000001,-0.2508922983314587
0.8320000000000001,-0.1832527083829335
0.833,0.3191553597399647
0.834,0.8942981937849006
0.835,0.9013943862374958
0.836,1.2778879278306166
0.837,1.2861051982210299
0.838,0.4569422115151235
0.839,0.44317971208659473
0.84,0.5109986495672907
0.841,0.08680756516059493
0.842,0.2333463523991766
0.843,0.19738797776199155
0.844,0.124998378824857
0.845,-0.05573098793983411
0.846,0.10386832792312206
0.847,0.03293476290793973
0.848,0.04388782535217717
0.849,-0.8594024103458107
0.85,-0.9586194790882052
0.851,-1.4261685236658803
0.852,-1.6509410976446244
0.853,-1.8096792350141873
0.854,-1.5922335930592995
0.855,-1.116692039129852
0.856,-0.4851605416296108
0.857,0.2546699340852296
0.858,0.0874438152795175
0.859,0.5991273934308622
0.86,0.8814165143569436
0.861,1.1068630637639059
0.862,1.3297932489954545
0.863,1.0362433370980735
0.864,0.9578588839992506
0.865,0.855461201884979
0.866,0.913240212421436
0.867,1.5277577146249903
0.868,1.204994290709388
0.869,1.1755507046217868
0.87,0.843639988194809
0.871,0.03983010760619557
0.872,-0.3220815086924946
0.873,-0.9196480109219587
0.874,-1.2504874707384221
0.875,-1.946088967161988
0.876,-1.9969615951534991
0.877,-1.7248118054115567
0.878,-1.1789816357209046
0.879,-0.6053996360499672
0.88,-0.23460425862162712
0.881,-0.29400038178427557
0.882,0.1056938160957922
0.883,-0.13648901909485675
0.884,-0.019734314530693076
0.885,0.3113632654328234
0.886,-0.06934220270625253
0.887,0.5074942394743631
0.888,0.6952073836813281
0.889,0.8264210576651982
0.89,1.2443289259938817
0.891,1.3909920580786879
0.892,0.7991244625458973
0.893,1.2034097737098326
0.894,0.7815389682306535
0.895,0.40835650926664624
0.896,0.16490904299303394
0.897,-0.23273010051550672
0.898,-0.3026347868695952
0.899,-0.021658587623316128
0.9,-0.12804331509557135
0.901,0.2222228819458929
0.902,0.33445776837534946
0.903,0.19267433131418088
0.904,0.40945046122393797
0.905,-0.31454653950402295
0.906,-0.8338947995848096
0.907,-0.9444876047328384
0.908,-1.3553498006738767
0.909,-1.1029611010374007
0.91,-1.160381646585866
0.911,-0.9319817521914431
0.912,-0.37217324794875145
0.913,-0.12669164396997706
0.914,-0.06359821416927423
0.915,0.16677810924789904
0.916,0.2855790745860055
0.917,-0.023731422389200285
0.918,0.31290145543491515
0.919,0.2529242072098139
0.92,0.6212503877883244
0.921,0.9882129508776016
0.922,1.6293406884322648
0.923,1.7340413756482607
0.924,1.6156978106717785
0.925,1.6425267064819593
0.926,1.4797541157915048
0.927,0.8922115698892489
0.928,0.05928366747716046
0.929,-0.12084487992536039
0.93,-0.6626364792153963
0.931,-0.9228365841081436
0.932,-1.051584304825493
0.933,-1.407818793232167
0.934,-1.260433401882169
0.935,-1.0141476246681465
0.936,-0.8071328245230137
0.937,-0.959140251886
0.9380000000000001,-0.853893805094109
0.9390000000000001,-0.7822426370401001
0.9400000000000001,-0.6963116714264391
0.9410000000000001,-0.8165240878971884
0.9420000000000001,-0.4564952113746318
0.9430000000000001,0.3518202310786761
0.9440000000000001,0.6890717180443863
0.9450000000000001,1.3644914352868311
0.9460000000000001,1.8185390402312196
0.9470000000000001,1.827134748496633
0.9480000000000001,1.9738617119931652
0.9490000000000001,1.307523673319433
0.9500000000000001,0.8353838432226114
0.9510000000000001,0.7653496353064614
0.9520000000000001,0.2565500358316164
0.9530000000000001,-0.3069176902085018
0.9540000000000001,-0.46381362831902084
0.9550000000000001,-0.2027738773855698
0.9560000000000001,-0.16959636523440513
0.9570000000000001,0.21613533309569966
0.9580000000000001,0.17462004230289863
0.9590000000000001,0.21508610623043006
0.96,-0.4170236902505485
0.961,-0.3988885759379841
0.962,-0.792087047337827
0.963,-1.0863594555710625
0.964,-1.3285349794447412
0.965,-0.942300920258601
0.966,-0.5770667679710628
0.967,-0.22698966802049692
0.968,-0.20019672793189008
0.969,0.21417763255532252
0.97,0.21209393984531824
0.971,-0.027897455328085907
0.972,-0.522625309766111
0.973,-0.4676318770240429
0.974,-0.2515554126216989
0.975,-0.33144061441774336
0.976,-0.12144386648850722
0.977,0.41244790916885943
0.978,1.2061544245976863
0.979,1.2587429690729564
0.98,1.4538491393217121
0.981,1.3635965654294881
0.982,1.2740860165619352
0.983,1.3348176548866877
0.984,0.7650597007710788
0.985,0.27448237428676825
0.986,-0.038364444706699224
0.987,0.028267564983269988
0.988,-0.47528888428796
0.989,-0.3765178941056025
0.99,-0.4516366129452844
0.991,-0.42937544837960373
0.992,-1.2427141665665407
0.993,-1.1769962929734206
0.994,-1.204806871533278
0.995,-1.7104140331055386
0.996,-1.3286977326613645
0.997,-1.2187353806654608
0.998,-1.4503064479610237
0.999,-0.37165363904272747
1.0,0.05909138231559069
1.0010000000000001,0.5395792366358658
1.002,1.3689840706964553
1.0030000000000001,1.3842658686360414
1.004,1.2823629824222422
1.0050000000000001,1.0107897725977717
1.006,1.3904882425892362
1.0070000000000001,1.1276174461145478
1.008,0.8944037278052024
1.0090000000000001,0.35867363102509064
1.01,0.696302125748374
1.0110000000000001,0.35898253728413176
1.012,0.3801551379244339
1.0130000000000001,0.2284787819307788
1.014,0.29064590038364024
1.0150000000000001,-0.21571775562095663
1.016,-0.5617666549777135
1.0170000000000001,-1.0832526509957834
1.018,-1.0020669051414837
1.0190000000000001,-1.5531229342997819
1.02,-1.388524156031715
1.0210000000000001,-1.2169702462304413
1.022,-0.7361042243335822
1.0230000000000001,-0.3618727437952485
1.024,0.1124296332989525
1.025,0.4629754892071561
1.026,0.33103731216039195
1.027,-0.01840878313332439
1.028,0.3434462760729584
1.029,-0.26020153066429874
1.03,-0.03582294186554616
1.031,-0.159321299148807
1.032,0.0941865972973846
1.033,0.11637184361508579
1.034,0.4342893793056959
1.035,0.7285713217002647
1.036,1.3854150480714407
1.037,1.0119667954207272
1.038,0.526320273597831
1.039,0.4217688106705443
1.04,0.19112533700517276
1.041,0.3221623186637962
1.042,0.1954020726299332
1.043,0.2041356410037652
1.044,-0.26413683089758483
1.045,0.05856910514729302
1.046,0.4926219228157536
1.047,0.2011602856655777
1.048,0.20506555743516403
1.049,-0.8309702228134255
1.05,-0.9157218238283749
1.051,-1.3972194653516015
1.052,-1.7880812231500358
1.053,-1.6350827464491053
1.054,-1.2055931316605768
1.055,-0.9502211748812015
1.056,-0.4882892643853084
1.057,-0.25544221529712924
1.058,0.21674961554945757
1.059,0.8068328661866602
1.06,0.8550296379935131
1.061,0.26298632656850485
1.062,1.1130809413458556
1.063,1.1774063277352447
1.064,1.3745779829630393
1.065,1.551718978508663
1.066,1.1682526352221871
1.067,1.3962774850318287
1.068,1.4360684278003475
1.069,1.1473079202801126
1.07,0.9308732803177143
1.071,0.46539918271035496
1.072,-0.31570331856394385
1.073,-1.1797887640757183
1.074,-1.7147443925213168
1.075,-1.5966307279986276
1.076,-1.7749618771877917
1.077,-1.2821444018798025
1.078,-1.151377525759336
1.079,-0.45376897260858196
1.08,-0.29860547177087593
1.081,-0.2835602290091747
1.082,0.17937291726813254
1.083,0.1813338951493537
1.084,-0.31085337364360205
1.085,0.1542385169772441
1.086,0.17944635307022822
1.087,0.4079425608622375
1.088,0.5591464799134892
1.089,1.1021332817237086
1.09,1.151144503871773
1.091,1.2573040026511113
1.092,1.0031341329565595
1.093,0.6846528653312751
1.094,1.0692177089131831
1.095,0.15653218740013503
1.096,-0.3155580981685234
1.097,-0.6048145467965468
1.098,-0.3936533605084726
1.099,-0.2583612362803385
1.1,0.36344500308551514
1.101,-0.07356623716593333
1.102,0.16878924363000133
1.103,0.44224591646056527
1.104,0.10847514138144528
1.105,-0.1447550776699656
1.106,-0.44879166964715156
1.107,-0.7056751294928731
1.108,-0.9537478597229546
1.109,-1.0549891331795096
1.11,-1.0060260151661127
1.111,-1.0576018150926068
1.112,-0.12882728244722302
1.113,-0.22873119817551496
1.114,-0.1789039367357465
1.115,0.05885773138149327
1.116,-0.05432164581325108
1.117,0.1187254215669031
1.118,-0.0921054839748986
1.119,0.6258508673618292
1.12,0.4388193167407587
1.121,0.6886584146436918
1.122,0.8823982501168774
1.123,1.46275287278918
1.124,1.2137918437374096
1.125,1.518458145696662
1.1260000000000001,1.5735992524101086
1.127,0.9428725357525357
1.1280000000000001,0.16141602385270085
1.129,-0.46274535970838593
1.1300000000000001,-0.7930040750389485
1.131,-1.0644757910737945
1.1320000000000001,-1.1226538013102731
1.133,-1.562384341937544
1.1340000000000001,-1.5599957976077583
1.135,-1.4733691298506881
1.1360000000000001,-0.7461894813705934
1.137,-1.1030499521388417
1.1380000000000001,-1.0931706482914052
1.139,-0.5532210496029082
1.1400000000000001,-0.9926082386798123
1.141,-0.2715319517296074
1.1420000000000001,-0.49084684785874594
1.143,-0.11230922427993162
1.1440000000000001,0.5245701854461953
1.145,0.8305247012287555
1.1460000000000001,1.5948059976259739
1.147,1.4063475889382135
1.1480000000000001,1.3202762893438686
1.149,1.206807291021394
1.1500000000000001,0.9044762862539814
1.151,0.28579478128656016
1.1520000000000001,0.11757904029697824
1.153,-0.2770033211913319
1.154,-0.2658525847200525
1.155,-0.10828795519198126
1.156,-0.4793674078803339
1.157,-0.1620178425263303
1.158,-0.2503266717114118
1.159,-0.0769710369740972
1.16,-0.6168711928884274
1.161,-0.24103745037203317
1.162,-0.7340809965083029
1.163,-0.8865990918223172
1.164,-0.8875340529056346
1.165,-0.8948368357632012
1.166,-0.5475291004480761
1.167,-0.19839688696386645
1.168,0.5002696669101389
1.169,-0.055197174804945875
1.17,-0.2644215297295846
1.171,-0.25824259039535186
1.172,-0.22865677396032763
1.173,-0.4045698871927125
1.174,-0.6039183194144118
1.175,-0.060092050872420005
1.176,-0.2639191989768056
1.177,0.16632933767022884
1.178,0.6053220440219045
1.179,1.1767115813514784
1.18,1.5005684726301276
1.181,1.327542638099069
1.182,1.5934735695276723
1.183,1.0929798992704631
1.184,1.0166813195234472
1.185,0.12865720178127207
1.186,-0.00043054248908745707
1.187,-0.5763554335408773
1.188,-0.5000491625121906
1.189,-0.5639817321024214
1.19,-0.5354120245377771
1.191,-0.18274668919073522
1.192,-0.6705550466447308
1.193,-1.1356674185231894
1.194,-1.1157472325072213
1.195,-1.6125422991777416
1.196,-1.9227481362070502
1.197,-1.2117526146570108
1.198,-0.93644335156467
1.199,-0.6794839794404386
1.2,-0.008314726492612574
1.201,0.5154353455084366
1.202,1.2382842293483043
1.203,1.3788911798014918
1.204,1.6795436781870265
1.205,1.7762385259797262
1.206,1.1771600402115105
1.207,1.1236641400825662
1.208,1.0059008525141415
1.209,0.5866719724419943
1.21,0.5678500102107849
1.211,0.3942089635749338
1.212,0.6282054947262048
1.213,0.5710650797844454
1.214,0.06095647984376232
1.215,-0.1492086884391971
1.216,-0.8288845775233529
1.217,-0.7616240476122695
1.218,-1.3994081743499498
1.219,-1.551354420734295
1.22,-1.6739798763208957
1.221,-1.0501841933824092
1.222,-1.068673974134621
1.223,-0.2743068614546731
1.224,0.16427253206506504
1.225,0.40344446887723223
1.226,0.48048472648205
1.227,0.3300670793271313
1.228,0.2682749627394776
1.229,-0.5314385941309198
1.23,-0.4208368985813332
1.231,-0.15550793442504035
1.232,-0.09184419936440849
1.233,0.3704046723252573
1.234,0.6260260454640826
1.235,0.887939684217505
1.236,1.552242825199924
1.237,1.0304968301448159
1.238,0.5555321574460936
1.239,0.3879354114240203
1.24,0.4658855137693517
1.241,0.27179811330568726
1.242,-0.3398323509468246
1.243,-0.2843656912825537
1.244,0.5249266526445515
1.245,0.2599594494552239
1.246,0.011607956973872291
1.247,0.04455278137008066
1.248,-0.11950489573759238
1.249,-0.3161833345419077
1.25,-0.7790027576442651
1.2510000000000001,-1.5075515926196514
1.252,-1.8206484255784832
1.2530000000000001,-1.5823758049303196
1.254,-1.4739593550570294
1.2550000000000001,-1.1343231859404372
1.256,-0.7191041275499526
1.2570000000000001,0.15312559959119107
1.258,0.49091569535663987
1.2590000000000001,0.13426792951314348
1.26,0.8956081858530235
1.2610000000000001,1.0554229555241774
1.262,1.2879685804756238
1.2630000000000001,1.1894492847291964
1.264,1.0174400983586627
1.2650000000000001,1.2597517015264508
1.266,0.9564782910791794
1.2670000000000001,1.6641062227937216
1.268,1.6125071965085935
1.2690000000000001,1.3877084380551263
1.27,0.657927519299258
1.2710000000000001,0.45275534522274646
1.272,-0.23290702125100116
1.2730000000000001,-0.8244946532863525
1.274,-1.3187069863223746
1.2750000000000001,-1.4029557805343094
1.276,-1.7403421235794692
1.2770000000000001,-1.7090834778523627
1.278,-1.4225370809375717
1.2790000000000001,-0.604925942917018
1.28,-0.2474980301307378
1.281,-0.060380047505363854
1.282,-0.23561817020961104
1.283,-0.43578305215388974
1.284,0.24179151927809883
1.285,-0.3657206977000551
1.286,0.04860751346743558
1.287,-0.04068600663159938
1.288,0.47996799793509315
1.289,0.7523314682974169
1.29,1.3924700088816433
1.291,1.3497499377886817
1.292,1.346588401530969
1.293,0.9224791443404629
1.294,0.24806581184149412
1.295,0.5639921124625815
1.296,-0.2487496452749104
1.297,-0.11539141715374857
1.298,-0.16350384656524397
1.299,-0.32155760021993834
1.3,-0.09022114842388147
1.301,0.4285385495584808
1.302,0.4889042629541523
1.303,0.5869730549636933
1.304,0.3021057621594788
1.305,-0.3022837600310457
1.306,-0.9378258495437142
1.307,-0.7046091799754739
1.308,-0.9180274184040732
1.309,-1.036118792981655
1.31,-1.1821435632155466
1.311,-0.8074230216973862
1.312,-0.34809213899436153
1.313,-0.1889795899955742
1.314,0.0504764017911586
1.315,0.40241169096828383
1.316,0.14616440918788476
1.317,-0.1638430096558636
1.318,-0.10069105146562185
1.319,0.14537343235091216
1.32,0.3442501190610119
1.321,0.9456996425102471
1.322,0.785445069260273
1.323,1.889976221040551
1.324,1.6291701970429766
1.325,1.6318610521769739
1.326,1.4676519689585694
1.327,0.9177883219226314
1.328,0.2512872659031408
1.329,-0.15095599270458449
1.33,-0.8846211912102578
1.331,-1.170155953511617
1.332,-1.3296576066406582
1.333,-1.5317423189087298
1.334,-1.2560937045691634
1.335,-1.2320677203601813
1.336,-0.8781527884332945
1.337,-0.8636858100446904
1.338,-0.8295619360749105
1.339,-0.9222337247577378
1.34,-1.019239603603129
1.341,-0.5373620611210213
1.342,-0.30537023259724694
1.343,0.15206036370406184
1.344,0.9700728358136297
1.345,0.8369771760655688
1.346,1.4609117485500815
1.347,1.832868771092326
1.348,1.7988902624968788
1.349,1.4143657189147485
1.35,1.1057164228111567
1.351,0.31098980754379296
1.352,0.3494131011632685
1.353,-0.026223185957279627
1.354,-0.09583833191454694
1.355,-0.09998390029900622
1.356,-0.20512495975122197
1.357,-0.17274395522429176
1.358,-0.23747185994057884
1.359,-0.5274508864656344
1.36,-0.22283422305796646
1.361,-0.6351387793443954
1.362,-0.6485664341614813
1.363,-1.023112410959669
1.364,-1.1040301603992306
1.365,-1.0288583478812032
1.366,-0.47595620414033657
1.367,-0.334463906349325
1.368,-0.14561679407150036
1.369,0.18252996888083123
1.37,0.379994755753817
1.371,-0.1457763592555985
1.372,-0.27536256038891527
1.373,-0.6899558034633015
1.374,-0.15726470719779875
1.375,-0.5085867374761708
1.3760000000000001,0.030345445657106326
1.377,-0.08907079093198467
1.3780000000000001,1.0474815962119073
1.379,1.2680130936420526
1.3800000000000001,1.6852203860120991
1.381,1.6709394043829064
1.3820000000000001,1.303132446767701
1.383,0.9153230637276926
1.3840000000000001,0.4875039551395336
1.385,0.35411056620217274
1.3860000000000001,-0.2523439499469068
1.387,-0.2001824806897044
1.3880000000000001,-0.3050921052108881
1.389,-0.29306253376287145
1.3900000000000001,-0.7143657046139089
1.391,-0.6517865868804218
1.3920000000000001,-0.8340515353891342
1.393,-0.9717203351630915
1.3940000000000001,-1.6436969609818957
1.395,-1.3808712825582536
1.3960000000000001,-1.9361242313117004
1.397,-1.6252846367761076
1.3980000000000001,-1.4465606297557825
1.399,-0.3269248181793587
1.4000000000000001,-0.02980352414851868
1.401,0.6299035605284595
1.4020000000000001,1.2961156152108484
1.403,1.5105701884285825
1.4040000000000001,1.461438639512823
1.405,1.215753295493881
1.4060000000000001,0.8267547617354742
1.407,1.2210212029230494
1.408,0.8458893439828805
1.409,0.6193155454780422
1.41,0.7211222747676471
1.411,0.41732534747622074
1.412,0.30722340667702913
1.413,-0.2086407751437776
1.414,0.0807305917315989
1.415,-0.16151390160478366
1.416,-0.6858969968289766
1.417,-1.335933852738902
1.418,-1.459876157098229
1.419,-1.5018519402902633
1.42,-1.392320219783888
1.421,-1.1293310983631597
1.422,-0.6956969395939704
1.423,-0.41299713255346904
1.424,0.255467483504061
1.425,0.2152154502002625
1.426,0.7660966098004444
1.427,0.1588518315171284
1.428,0.36884036544568466
1.429,0.18844794301977916
1.43,-0.21701166414270487
1.431,-0.11195477283483997
1.432,-0.13346308591873185
1.433,0.47245907231249956
1.434,0.6604687074275027
1.435,1.0549512949140367
1.436,0.9253430343933926
1.437,0.7319688094625865
1.438,0.33659954057536456
1.439,0.5424613184919668
1.44,0.3273684315898865
1.441,0.0692776411066242
1.442,0.03521904461104145
1.443,0.18189698823296585
1.444,0.2087293765316672
1.445,0.1776702805163904
1.446,0.27157502370906705
1.447,0.14567171578193297
1.448,-0.2735626327518595
1.449,-0.5026099828736373
1.45,-0.9699025010955233
1.451,-1.4046889109807
1.452,-1.684531131102253
1.453,-1.5377127924291756
1.454,-1.5012578705069668
1.455,-1.129411874307002
1.456,-0.679658073751705
1.457,0.37467280406473774
1.458,0.28026373069568067
1.459,0.8520893340802582
1.46,0.8055152425992564
1.461,0.8085689623098737
1.462,0.37087939723072605
1.463,0.761500561264224
1.464,1.3333700288051404
1.465,1.3460388645726784
1.466,1.1673184746121006
1.467,1.3759647857368247
1.468,1.2786144018745669
1.469,1.4883273821023395
1.47,0.7928909305232299
1.471,0.014541345058520283
1.472,-0.39279259745596296
1.473,-1.053763424730777
1.474,-1.4045712983960192
1.475,-1.7363710179331129
1.476,-1.8094339150173293
1.477,-1.2578268021265906
1.478,-1.0740197051032059
1.479,-0.7997890769506133
1.48,-0.6494182251710063
1.481,-0.20804939020976393
1.482,-0.10193410620598223
1.483,-0.13807797490025478
1.484,-0.05396557844213883
1.485,0.227484616670463
1.486,-0.0430047773745041
1.487,0.18231718096605615
1.488,0.1676508261197151
1.489,0.715841770190227
1.49,0.6378019569044715
1.491,1.085530922128297
1.492,0.9993538768801442
1.493,0.6820589433772075
1.494,0.48279606769403993
1.495,0.3211970777484343
1.496,-0.2566779605560283
1.497,-0.18400191216390496
1.498,-0.2339978195151098
1.499,-0.3076761872602398
1.5,-0.0014338656570217908
1.5010000000000001,-0.23215526074524673
1.502,-0.1832171185010621
1.5030000000000001,0.33196449921047627
1.504,0.4677546763127224
1.5050000000000001,-0.17493811614851096
1.506,-0.5576876187389411
1.5070000000000001,-0.5762728611696404
1.508,-1.0821154138842757
1.5090000000000001,-1.3992563979125237
1.51,-1.0117043361815383
1.5110000000000001,-0.8119657061723814
1.512,-0.5854929453698489
1.5130000000000001,-0.3608937617619624
1.514,-0.05434180798067284
1.5150000000000001,-0.13093797155166853
1.516,-0.056011261516653615
1.5170000000000001,-0.21176895335193907
1.518,0.6683658664057059
1.5190000000000001,0.2783459444443328
1.52,0.8881092270082357
1.5210000000000001,1.1401000544539923
1.522,1.1494393955147655
1.5230000000000001,1.4318575156594606
1.524,1.5034182508057405
1.5250000000000001,1.5616224699443895
1.526,1.4774847959083406
1.5270000000000001,1.2258344843287756
1.528,0.04718248402842584
1.5290000000000001,-0.17818595955431635
1.53,-1.023735602691316
1.5310000000000001,-0.8354757059032847
1.532,-1.3631073198662753
1.5330000000000001,-1.51385231492237
1.534,-1.3681806361009525
1.5350000000000001,-1.1409787149745152
1.536,-1.0246438427828346
1.537,-0.9589295282710703
1.538,-0.9940391456637552
1.539,-0.9285061676551728
1.54,-0.8193006041912781
1.541,-0.978485280538129
1.542,-0.18786287516789774
1.543,0.1529339112258009
1.544,0.3857521184492043
1.545,1.2405932882809036
1.546,1.70565909485961
1.547,1.908998667128238
1.548,1.8386770458122914
1.549,1.174005238497136
1.55,0.9581785595986638
1.551,0.38908442634141915
1.552,0.16493088314543075
1.553,0.04228843253532999
1.554,-0.2387913665995013
1.555,-0.18490551257550106
1.556,-0.08933830601497192
1.557,0.4003279553493552
1.558,-0.19572280569068215
1.559,-0.0793507086215891
1.56,-0.45840250754029305
1.561,-0.4711976431899393
1.562,-0.9850398843108651
1.563,-0.8773558480126369
1.564,-1.0577328214211124
1.565,-1.189687729648254
1.566,-0.6516525121876179
1.567,-0.364233729816932
1.568,0.08923274740330056
1.569,0.07273962610421658
1.57,0.4893089622278708
1.571,0.2065236903974085
1.572,-0.14335449925931817
1.573,-0.36710284478306526
1.574,-0.27843240817408865
1.575,-0.316965029298479
1.576,-0.20869750034698192
1.577,-0.06596344461531756
1.578,0.9279424026839308
1.579,1.3723295069695631
1.58,1.7502721086269255
1.581,1.379435524811531
1.582,1.6756148957521606
1.583,0.8372590648334013
1.584,0.6824821001094126
1.585,0.34918625210499665
1.586,-0.14530557070944272
1.587,-0.05090010973322029
1.588,-0.37791117889499903
1.589,-0.49852773587834814
1.59,-0.47908621084675523
1.591,-0.37272352996346225
1.592,-1.00521661837436
1.593,-0.8999968188211048
1.594,-1.4375864701910501
1.595,-1.718736780835857
1.596,-1.686855931262953
1.597,-1.4123224043843872
1.598,-1.6198558035537616
1.599,-0.29023281482967755
1.6,-0.1701746442141318
1.601,0.1789178760787586
1.602,1.0012196280168308
1.603,1.453898036420789
1.604,1.4843792356292609
1.605,1.60726507214796
1.606,1.429235984473906
1.607,0.9852637980084846
1.608,0.8805123431205036
1.609,0.7722911270839398
1.61,0.4106905216804664
1.611,0.32645518814120444
1.612,0.44686268176526367
1.613,0.5786063772101655
1.614,-0.0027117456465630685
1.615,-0.2799331637318144
1.616,-0.651035578205551
1.617,-0.8822665726582385
1.618,-1.509310183546055
1.619,-1.2555114265032978
1.62,-1.6331841493310693
1.621,-1.081309806021567
1.622,-0.8548163573873523
1.623,-0.5360979575223362
1.624,-0.14121819325025292
1.625,0.176156617844537
1.6260000000000001,0.33611856788520117
1.627,0.21470685104003184
1.6280000000000001,-0.01703320083769358
1.629,-0.22262859812670316
1.6300000000000001,-0.027136781821466754
1.631,-0.26917010500872135
1.6320000000000001,-0.21997297735664406
1.633,0.3902138338528848
1.6340000000000001,0.4721529584053563
1.635,1.2044974869114333
1.6360000000000001,0.929157238717399
1.637,1.123125105923165
1.6380000000000001,1.1110201134177884
1.639,0.6371490720090275
1.6400000000000001,0.5241407793838792
1.641,0.09780771194875945
1.6420000000000001,-0.00423895617140119
1.643,0.14325645818462918
1.6440000000000001,-0.0619058817311649
1.645,0.43761625420431693
1.6460000000000001,0.10871571236667124
1.647,0.37329106260031875
1.6480000000000001,0.04677721745969857
1.649,-0.5409838707512287
1.6500000000000001,-1.2182734017588421
1.651,-1.6157998957995379
1.6520000000000001,-1.5172962632231393
1.653,-1.5794331794682663
1.6540000000000001,-1.3033665988254195
1.655,-1.1299328035849419
1.6560000000000001,-0.49311421841843267
1.657,-0.29686556601378344
1.6580000000000001,0.4596121862383133
1.659,0.45259442869366523
1.6600000000000001,0.871338059365098
1.661,0.8681075491792875
1.6620000000000001,1.0452467517356325
1.663,0.8050776259755611
1.6640000000000001,0.9488692208260399
1.665,1.1851465394893181
1.666,1.1141243698970027
1.667,1.069817700846395
1.668,1.264710176147357
1.669,1.1178407136912485
1.67,0.4391952463649982
1.671,0.16640425710312343
1.672,-0.22008214746993987
1.673,-0.922077342760206
1.674,-1.4730422039976998
1.675,-1.820396908632203
1.676,-1.5974718493086906
1.677,-1.4258927735575726
1.678,-1.4240243277813247
1.679,-0.8069175893014077
1.68,-0.49101575866615876
1.681,-0.17457850409952802
1.682,-0.050303419015942735
1.683,-0.04227185953133339
1.684,-0.08871183714985864
1.685,-0.40473616081001024
1.686,-0.09841440973927207
1.687,-0.023072977353533253
1.688,0.5767536270862451
1.689,0.9583382261756223
1.69,1.366707924500527
1.691,1.31645660245091
1.692,1.2190878590807892
1.693,1.102760998016439
1.694,0.6894543331245251
1.695,0.06968555577368302
1.696,-0.3114215862098607
1.697,-0.42976753648068344
1.698,-0.6921884381890953
1.699,-0.2363718282430567
1.7,0.2838835981010992
1.701,0.27352643207928085
1.702,-0.014063715911418695
1.703,0.5847676715958798
1.704,0.41912622700727786
1.705,-0.17967470920758227
1.706,-0.5683745699794243
1.707,-0.6487693061309046
1.708,-1.0007872730743599
1.709,-1.235301168188516
1.71,-1.1417481737066582
1.711,-0.8203504846235958
1.712,-0.7482888617494107
1.713,-0.45409429338740565
1.714,0.0747158390340668
1.715,-0.3151239706181566
1.716,0.15743355722330088
1.717,-0.00977735322289601
1.718,0.24249983510060819
1.719,0.3380748129031462
1.72,0.32729370877508807
1.721,0.8266167138986008
1.722,1.0789165548633233
1.723,1.204682341620254
1.724,1.652120402851685
1.725,1.7150429265552416
1.726,1.4874827656200678
1.727,1.5103162291650407
1.728,0.41690562391202246
1.729,-0.4243051645850818
1.73,-0.9901432544000768
1.731,-0.8832470567328884
1.732,-1.4801893890824664
1.733,-1.214949782156523
1.734,-1.0550188192878298
1.735,-1.4733503960492482
1.736,-0.8900488036619267
1.737,-1.0104551777182265
1.738,-0.9519944651498228
1.739,-0.7878391480732376
1.74,-1.0694235878069747
1.741,-0.9059317078849543
1.742,-0.2870248653918653
1.743,-0.30189471645145827
1.744,0.5653174464447842
1.745,0.8534722879958919
1.746,1.618707828969353
1.747,1.8006271517104504
1.748,1.6403504824257527
1.749,1.5507293917633334
1.75,1.3158852733822792
1.7510000000000001,0.7607915001397588
1.752,0.4029777012746779
1.7530000000000001,0.12316716680876577
1.754,-0.41881199242819844
1.7550000000000001,-0.3200191871060358
1.756,-0.005753696330786512
1.7570000000000001,-0.3005209164962756
1.758,-0.06800176828946139
1.7590000000000001,0.09885272629688968
1.76,-0.12817684453351202
1.7610000000000001,-0.4613651367109548
1.762,-0.7529273904235007
1.7630000000000001,-0.8634368982481311
1.764,-0.6324135580019635
1.7650000000000001,-1.1012609418334256
1.766,-0.7029887168420246
1.7670000000000001,0.03613496734480509
1.768,-0.20728621829295785
1.7690000000000001,-0.2645235220397392
1.77,0.19617593440059283
1.7710000000000001,-0.004551613930062842
1.772,0.11430308051018256
1.7730000000000001,-0.20671665129096728
1.774,-0.20942565859051057
1.7750000000000001,-0.17990309408044908
1.776,-0.31145991319252647
1.7770000000000001,0.4424718357264426
1.778,1.086840595293753
1.7790000000000001,1.2909195165281802
1.78,1.2007377010906206
1.7810000000000001,1.6278092837962603
1.782,1.3281482528089734
1.7830000000000001,1.2386380385316564
1.784,0.7307327461561758
1.7850000000000001,0.6512695116822143
1.786,0.0777070636050679
1.7870000000000001,-0.5443800186146537
1.788,0.11738995570733374
1.7890000000000001,-0.23404985714084503
1.79,-0.6904785941407174
1.7910000000000001,-0.47038450949600363
1.792,-0.9477588739845797
1.793,-1.1139409744024236
1.794,-0.9700754343486946
1.795,-1.414814247905794
1.796,-1.553800555138064
1.797,-1.2915865491835985
1.798,-1.2915729441857773
1.799,-0.9839820437667586
1.8,0.04264409166520298
1.801,0.4148499086682702
1.802,1.5004070212516725
1.803,1.408151595810337
1.804,1.797024924780158
1.805,1.5287307496531561
1.806,1.4489073528358858
1.807,1.0532934396414577
1.808,0.6701641130679389
1.809,0.6011536349453916
1.81,0.3194767456834388
1.811,0.41869371351359
1.812,0.45559975979332773
1.813,0.09747533119483762
1.814,-0.040089832558924315
1.815,-0.06969221821032534
1.816,-0.4742005904560799
1.817,-0.8537059635791474
1.818,-1.6573215357162674
1.819,-1.5808216100713317
1.82,-1.953143171651527
1.821,-1.0882825046823978
1.822,-1.134447994721579
1.823,-0.5783418586197261
1.824,0.2655567808642325
1.825,0.4543072822423552
1.826,0.5277801233298095
1.827,0.19187395483708744
1.828,0.2870587509442552
1.829,0.1301828389326233
1.83,-0.04076551000775455
1.831,0.094998950732497
1.832,-0.2038759350923679
1.833,0.26244181846230186
1.834,0.7950912242690862
1.835,1.1120039219325475
1.836,1.0198934767114305
1.837,0.9072946819174837
1.838,1.312098463316279
1.839,0.7573601903881045
1.84,0.22619552420798017
1.841,0.2526855941546275
1.842,0.160964280936084
1.843,0.28071153645358066
1.844,-0.3311786842335873
1.845,0.123630464929157
1.846,-0.0333924721673019
1.847,-0.13987529739506938
1.848,-0.10171730209137667
1.849,-0.45812544357186236
1.85,-0.7059260495829568
1.851,-1.250950763239061
1.852,-1.5892617968495562
1.853,-1.8920522614971529
1.854,-1.1554186219060485
1.855,-0.9041530015456328
1.856,-0.6934412517951201
1.857,0.026583571146495732
1.858,0.4804844637516579
1.859,0.7546951828334306
1.86,0.7164086813730051
1.861,0.8221242559232729
1.862,0.9904688782974463
1.863,0.7751233035147743
1.864,0.9925852985172466
1.865,1.1619848735109088
1.866,1.3710627751590385
1.867,1.4039073013576582
1.868,1.4260491051840363
1.869,1.076054349933237
1.87,0.4679176665661814
1.871,0.07824322188629507
1.872,-0.18424538495170098
1.873,-1.0736053461881179
1.874,-1.7198686825055787
1.875,-1.981782899186439
1.8760000000000001,-1.5542641218549211
1.877,-1.641779256840777
1.8780000000000001,-1.3785621864425108
1.879,-1.1541463123662306
1.8800000000000001,-0.28095553681663565
1.881,-0.2937512674033883
1.8820000000000001,-0.20459382152962635
1.883,0.08144679852567174
1.8840000000000001,-0.13325766291576277
1.885,0.04948535133877306
1.8860000000000001,0.016736939730351737
1.887,-0.13304104672017508
1.8880000000000001,0.5505608622619986
1.889,0.9631604490830371
1.8900000000000001,1.1862639073517434
1.891,0.985006227187566
1.8920000000000001,1.158662330010739
1.893,1.0180887179565807
1.8940000000000001,0.6304699677433452
1.895,0.2684857448819321
1.8960000000000001,-0.273199925722057
1.897,-0.5052594280745433
1.8980000000000001,-0.6252883972674464
1.899,-0.034876546269542535
1.9000000000000001,0.4172853200338623
1.901,-0.192222376084104
1.9020000000000001,0.6275998842436465
1.903,0.13890292918123312
1.9040000000000001,0.2999105671747926
1.905,-0.4689857925101417
1.9060000000000001,-0.6948380852016027
1.907,-1.2666627379977997
1.9080000000000001,-1.0634357726210406
1.909,-1.2493982616088097
1.9100000000000001,-0.9695545636995434
1.911,-0.8540637499956938
1.9120000000000001,-0.5316439695520964
1.913,-0.3257215686206612
1.9140000000000001,-0.07481630630938774
1.915,0.1315146222148627
1.9160000000000001,0.2912792758314695
1.917,0.05164072818334953
1.9180000000000001,-0.1630296882024852
1.919,0.15132024418205242
1.92,0.49026007308963154
1.921,1.0351676420239682
1.922,1.1154650215260464
1.923,1.1122750243895163
1.924,2.1604149223006175
1.925,1.7449454469986658
1.926,1.3887697764382605
1.927,0.902706953429298
1.928,0.40278757083197686
1.929,-0.28011251617501953
1.93,-0.7357240676848192
1.931,-1.024859033197347
1.932,-1.0127889410619348
1.933,-1.3779335907443369
1.934,-1.3211978201022587
1.935,-1.1359565283951538
1.936,-0.7587762161878836
1.937,-1.0858800465820364
1.938,-1.2551356128157802
1.939,-0.8565893515628428
1.94,-0.7406309282901533
1.941,-0.7144319973664472
1.942,-0.32550838273609095
1.943,0.15786847685721536
1.944,0.8052975859024515
1.945,0.826709754252402
1.946,1.5997298884788949
1.947,1.3202857903527458
1.948,1.6057821922843556
1.949,1.5132007048779685
1.95,0.9112879728960195
1.951,0.8372707381603703
1.952,0.043672447978937226
1.953,-0.09553778388635269
1.954,0.04785599435214399
1.955,-0.30519403281205393
1.956,-0.09644570515052314
1.957,-0.044271387705936346
1.958,0.39919529711294577
1.959,-0.002680915554584856
1.96,-0.07527849995554176
1.961,-0.542623022392799
1.962,-1.1763326217501469
1.963,-0.7687494584106905
1.964,-1.1422828148284307
1.965,-0.8781406574236003
1.966,-0.49936318734678453
1.967,-0.3302952257776508
1.968,0.19203917672151616
1.969,0.06849059346303578
1.97,0.011085435654450165
1.971,-0.12384728516333798
1.972,-0.24418767337658934
1.973,-0.28559369932924644
1.974,-0.6829451749464454
1.975,-0.7346116492652656
1.976,0.03899567923812863
1.977,0.5220010145810827
1.978,0.514050150400406
1.979,0.9054325105373933
1.98,1.534526200614736
1.981,1.624787827509889
1.982,1.2918326502600939
1.983,1.1199695668579068
1.984,0.520908358473078
1.985,0.3820086122764338
1.986,0.09664442633451226
1.987,-0.30519345798035447
1.988,-0.5711322366745692
1.989,-0.2007516891602913
1.99,-0.05149759284079569
1.991,-0.4876088281325226
1.992,-0.5580080521774846
1.993,-0.7162280951500526
1.994,-1.433643588750143
1.995,-1.6765859509203003
1.996,-1.8583313035035813
1.997,-1.3516412778761675
1.998,-1.0686094267684836
1.999,-0.6246645091073754
2.0,0.09740512025070935
2.001,0.23014487822949087
2.0020000000000002,0.1159351731835897
2.003,0.17053244251156824
2.004,0.2981731670253327
2.005,0.44595823192059175
2.0060000000000002,0.41809892806272436
2.007,0.3683077694119452
2.008,0.2777238348760171
2.009,-0.12942411947051174
2.0100000000000002,0.10020199666072013
2.011,0.06596710895780292
2.012,-0.1454360660214223
2.013,-0.33495107769110144
2.0140000000000002,-0.6353140929147263
2.015,-0.6020737879454982
2.016,-0.33614069740490665
2.017,-0.3130604653151186
2.0180000000000002,-0.4692956763584726
2.019,-0.06556266914438953
2.02,-0.2938997988857289
2.021,0.22322248605853848
2.0220000000000002,-0.007897507868949327
2.023,0.4632761678153844
2.024,0.46171033653731813
2.025,0.4131222823322535
2.0260000000000002,0.6396481773107484
2.027,0.39706339895197623
2.028,0.5695331411889788
2.029,0.1528493269928797
2.0300000000000002,0.2306873761694186
2.031,-0.4668581023896087
2.032,-0.5660745396964091
2.033,-0.6071677372962838
2.0340000000000003,-0.4343982818376989
2.035,-0.7261087629030913
2.036,-0.4716297574707396
2.037,-0.5506077742201463
2.0380000000000003,-0.43083029391386457
2.039,-0.4131291240642364
2.04,-0.12196444744279553
2.041,0.2700968134751196
2.0420000000000003,0.4691334769813834
2.043,0.5264515227687828
2.044,0.4063389617935607
2.045,0.583062891982594
2.0460000000000003,0.5993589219268907
2.047,0.7058138182411716
2.048,0.3115862172649471
2.049,0.11741013318183877
2.05,0.3606794563854312
2.051,0.24289009164869446
2.052,-0.7015727011364221
2.053,-0.4026044583583294
2.054,-0.5535524951111113
2.055,-0.5850808955768386
2.056,-0.42383552999764207
2.057,-0.06060245997053437
2.058,-0.43175580804425906
2.059,0.07091892374791867
2.06,-0.037012049656178936
2.061,-0.07396268307617082
2.062,0.4921122401600233
2.063,0.33104005915257295
2.064,0.6552130349452827
2.065,0.3869641239651605
2.066,0.3689929086196863
2.067,0.5943191039104166
2.068,0.11942691198420585
2.069,0.019722779534238177
2.07,0.18399744165303028
2.071,-0.7179102656558122
2.072,-0.4887335790642856
2.073,-0.5792490639019646
2.074,-0.8906532591876628
2.075,-0.9774600289111783
2.076,-0.41989029050150983
2.077,-0.5023267753679322
2.078,-0.2371333543716247
2.079,-0.15629332365236798
2.08,0.059496876385824266
2.081,0.32772979615406195
2.082,0.5874877439410191
2.083,0.7013688233927882
2.084,0.46174599662846927
2.085,0.6736475442880893
2.086,0.7939284007581773
2.087,0.38460577204361873
2.088,0.22768004069722728
2.089,-0.11712362465552303
2.09,-0.37596097806009104
2.091,0.2744938595615929
2.092,-0.41359380414940694
2.093,-0.32351374390995935
2.094,-0.32355663855051026
2.095,-0.4613391180682929
2.096,-0.8005177936524352
2.097,-0.7424741195862791
2.098,-0.12086897523078005
2.099,-0.15450106658025045
2.1,0.044212690126883496
2.101,0.17847325195981634
2.102,0.48808187140421033
2.103,0.6619852062144342
2.104,0.2207285431703599
2.105,0.6433420437167356
2.106,0.42654334465355964
2.107,0.20443397229342797
2.108,0.3648265862124331
2.109,0.1633315127157991
2.11,-0.3972692874805035
2.111,0.026005820370566063
2.112,-0.5116706781481212
2.113,0.15796061464186323
2.114,-0.7146425741943258
2.115,-0.14195661562537093
2.116,-0.4828989464756251
2.117,-0.3070465723937632
2.118,-0.4424825507907161
2.119,-0.21136212827971962
2.12,-0.024686160518433545
2.121,-0.03583821283197247
2.122,0.21936434280790637
2.123,0.4584006322711783
2.124,0.6511586564241729
2.125,0.4858222131866899
2.126,0.7022698359639712
2.1270000000000002,-0.13611859604134718
2.128,-0.06815141225927385
2.129,0.27289761270398477
2.13,0.11194202564844288
2.1310000000000002,-0.32618023628049736
2.132,-0.34337295494218606
2.133,-0.3998565207362911
2.134,-0.32742133880867486
2.1350000000000002,-0.5436433785931701
2.136,-0.3487629645483803
2.137,-0.486698196199959
2.138,-0.438111126881806
2.1390000000000002,0.005520338967568733
2.14,-0.2106104412320943
2.141,0.19441122916547532
2.142,0.13342948340325902
2.1430000000000002,0.7026947601843467
2.144,0.5157684951837048
2.145,0.8066451410830493
2.146,0.5836315071121748
2.1470000000000002,0.5850114036578407
2.148,0.3776269034630457
2.149,0.28254980779291083
2.15,-0.17899467211786196
2.1510000000000002,-0.4185959439102386
2.152,-0.19823447834131647
2.153,-0.29876922340049167
2.154,-0.6009794847753646
2.1550000000000002,-0.2430532834672154
2.156,-0.3961246875506067
2.157,-0.5777651672629823
2.158,-0.13447481500561936
2.1590000000000003,-0.23448495933082486
2.16,0.07139866294430433
2.161,0.2543849334921673
2.162,0.16111588863636903
2.1630000000000003,0.26184184440848146
2.164,0.9301378043744436
2.165,0.5292309122869977
2.166,0.7042650050770152
2.1670000000000003,0.5324581957250485
2.168,0.19448216410807978
2.169,0.22840604548805302
2.17,-0.22774333906645408
2.1710000000000003,-0.3390322559659346
2.172,-0.3139624801731348
2.173,-0.49045728736555116
2.174,-0.686657765484946
2.1750000000000003,-0.7209359683171902
2.176,-0.7571188316447699
2.177,-0.5243721706149325
2.178,-0.12395299682206729
2.179,-0.11140115266041248
2.18,0.05291670454680255
2.181,0.3336835024504068
2.182,0.28337221925409173
2.183,0.21205509421745028
2.184,0.5739316971355087
2.185,0.12380592080057834
2.186,0.4769285053261643
2.187,0.49419759151531717
2.188,0.1922976445319876
2.189,0.23774012568645486
2.19,0.2796667100452617
2.191,-0.3010460439891296
2.192,-0.2966757931904936
2.193,-0.12502499193373406
2.194,-0.45479268225478037
2.195,-0.39680997882373
2.196,-0.33765586641503303
2.197,-0.4256176752389338
2.198,-0.4065940921401702
2.199,-0.03471024981362206
2.2,0.06268801375265817
2.201,0.15029796097587997
2.202,0.07070350873821088
2.203,0.43131993977146044
2.204,0.008939361140036406
2.205,0.10481825072676948
2.206,0.508182606736557
2.207,0.5622401039127477
2.208,0.5854726957461988
2.209,0.2832895838347489
2.21,0.20788509978686442
2.211,-0.12608322369536984
2.212,-0.45621747068321505
2.213,-0.31905092213879693
2.214,-0.6147000124522223
2.215,-0.6472285654363282
2.216,-0.8646424732007636
2.217,-0.16721125311419494
2.218,-0.4755225712140476
2.219,0.1663476499616807
2.22,0.020858829232351044
2.221,-0.31991077471135504
2.222,0.33053353716371625
2.223,0.3747245744859404
2.224,0.10861252118853404
2.225,0.4031465643583582
2.226,0.474419393361659
2.227,0.13119074663021452
2.228,0.13869491343163817
2.229,-0.06587274162973517
2.23,-0.27829577173997727
2.231,-0.13482123096369508
2.232,-0.14025594782004028
2.233,-0.2571070084990261
2.234,-0.43333098465313413
2.235,-0.45164116253424247
2.236,-0.3875616729769941
2.237,-0.40790966635134884
2.238,-0.4402004559542719
2.239,-0.19411211253704014
2.24,-0.33674121304385674
2.241,0.30474087179348663
2.242,0.3832456401877228
2.243,0.19576525337494846
2.244,0.5779786133686649
2.245,0.5151601644573509
2.246,0.5946527086174258
2.247,0.747855154174049
2.248,0.16284877330768174
2.249,0.35804111294739294
2.25,0.15585648840184294
2.251,-0.3755774815130478
2.2520000000000002,-0.567873062531915
2.253,0.11441746187057489
2.254,-0.5603719201682198
2.255,-0.450215834992178
2.2560000000000002,-0.29256868484645915
2.257,-0.5142298463483707
2.258,-0.03685324654393768
2.259,0.04738389935597365
2.2600000000000002,0.0003578579836214692
2.261,0.0261001521871575
2.262,0.2506686440683769
2.263,0.45724718008616294
2.2640000000000002,0.5051422939053964
2.265,0.5324378284707358
2.266,0.372870203832836
2.267,0.2982051963369322
2.2680000000000002,0.43187939835154227
2.269,0.08326109868476463
2.27,-0.25934296405177076
2.271,-0.24014181120637157
2.2720000000000002,-0.10859743880499867
2.273,-0.7487180077490226
2.274,-0.13357656616393093
2.275,-0.24799301921234695
2.2760000000000002,-0.43422583064019815
2.277,-0.25368037362769535
2.278,-0.45270483867082717
2.279,-0.5710463121440016
2.2800000000000002,-0.29165899097253245
2.281,0.43334596162262196
2.282,0.3543976875166095
2.283,0.2845437428227794
2.2840000000000003,0.6607738138125807
2.285,0.6171770924409188
2.286,0.742561752540989
2.287,0.32135830570882284
2.2880000000000003,0.12652500450812948
2.289,-0.09778559787752211
2.29,0.033891437423664766
2.291,-0.31218394608015654
2.2920000000000003,-0.4389986395565817
2.293,-0.32388236678672694
2.294,-0.7033233078730782
2.295,-0.2595137002969614
2.2960000000000003,-0.17247525613431397
2.297,-0.5785981399501737
2.298,-0.058452450487054525
2.299,0.06350734243306413
2.3000000000000003,-0.18392168423685623
2.301,0.2806137352549208
2.302,0.45535781125958963
2.303,0.21082137905652376
2.3040000000000003,0.4524246468957594
2.305,0.3904600983542093
2.306,0.6817708966322349
2.307,0.20148119147794424
2.308,0.5118091020529532
2.309,0.14939669495488944
2.31,0.005250967749334423
2.311,-0.21075417795936388
2.312,-0.2017738506126583
2.313,-0.5057633529618459
2.314,-0.3928501427546075
2.315,-0.3088012670656871
2.316,-0.31486825794152506
2.317,-0.65365225182642
2.318,-0.018899205816877762
2.319,0.3057090608760131
2.32,-0.5179193656158712
2.321,0.08434275890674213
2.322,-0.059723126662003134
2.323,0.3112852782298924
2.324,0.4149210270053992
2.325,0.3190214113527188
2.326,0.5573744895572337
2.327,0.30257939807291967
2.328,0.47060152761936147
2.329,0.036899429502234404
2.33,-0.1434748754544282
2.331,-0.4891173975277962
2.332,-0.3788822202268044
2.333,0.19794700788720448
2.334,-0.38250446408983274
2.335,-0.5731350676985502
2.336,-0.31187359585884156
2.337,-0.47398390428794196
2.338,-0.2774830416851988
2.339,0.03590408507911211
2.34,0.2136623657506607
2.341,0.08708187225060658
2.342,0.4159976292685472
2.343,0.719987127188455
2.344,0.8061144427144952
2.345,0.764595660928217
2.346,0.8839712400959778
2.347,0.2332411508197143
2.348,0.3046772610925409
2.349,0.37787774963724907
2.35,0.38686059270001427
2.351,0.3224914024490671
2.352,0.003911059030177078
2.353,-0.573144549381971
2.354,-0.5520294311765728
2.355,-0.9239886809410032
2.356,-0.39471984506759095
2.357,-0.20971548584068125
2.358,-0.34928300065051954
2.359,-0.5114154817235559
2.36,-0.13233192102327726
2.361,0.18493766942193288
2.362,0.17736262734015618
2.363,0.30008922814419836
2.364,0.22591620284104258
2.365,0.25650660213454957
2.366,0.4936926135108921
2.367,0.3264668816090461
2.368,0.5084234967800509
2.369,0.25267649814875914
2.37,0.05884616500201904
2.371,0.00040173857282638226
2.372,-0.3692178904512122
2.373,-0.34766371766120113
2.374,-0.3978582940784472
2.375,-0.6389432729326439
2.376,-0.08207994044119066
2.3770000000000002,-0.7122042476767371
2.378,-0.09031566411696651
2.379,0.1688919959116745
2.38,-0.3206009978675047
2.3810000000000002,0.22961402349351762
2.382,0.17418132500988412
2.383,0.34145142961906244
2.384,0.6170078458472605
2.3850000000000002,0.476553350787281
2.386,0.8580187201593779
2.387,0.29753628182022085
2.388,0.3493405261328636
2.3890000000000002,0.16157543660234278
2.39,-0.014373509404469905
2.391,0.08754017867028752
2.392,-0.3956486762410651
2.3930000000000002,-0.12768274469351987
2.394,-0.469842558602572
2.395,-0.5922666506275236
2.396,-0.6908127407641178
2.3970000000000002,-0.4909893868544833
2.398,-0.4236342853973126
2.399,-0.29348692166759266
2.4,0.12323710870582089
2.4010000000000002,0.18884390116240934
2.402,0.4052526128185298
2.403,0.22418520807318376
2.404,0.12497134094298706
2.4050000000000002,0.3131739393102929
2.406,0.40235319626630034
2.407,0.42381667920827837
2.408,0.41529899985702706
2.4090000000000003,0.15096917121745257
2.41,0.22295287255817317
2.411,-0.13267950820095542
2.412,-0.28193290645030195
2.4130000000000003,-0.13661544687214033
2.414,-0.363799288212227
2.415,-0.29710622958865684
2.416,-0.5359005341260015
2.4170000000000003,-0.6638124278947652
2.418,-0.17939428968818844
2.419,-0.04795017294271395
2.42,-0.30363107856274973
2.4210000000000003,0.3621124659990351
2.422,0.3800638220904052
2.423,0.6031146198482495
2.424,0.5993076782440439
2.4250000000000003,1.0065917644204903
2.426,0.4502651823840307
2.427,0.2029557329987381
2.428,0.26006446824917406
2.4290000000000003,0.3091728902647031
2.43,-0.48734494122019556
2.431,-0.10463875878785661
2.432,-0.09191613178050803
2.433,-0.4131818854378356
2.434,-0.5782941283369468
2.435,-0.35031671691748467
2.436,-0.1921800223714768
2.437,-0.27486480041162065
2.438,-0.3363504437459353
2.439,-0.07674418047348354
2.44,0.025220159870901593
2.441,-0.00394640768534249
2.442,0.07219892506059741
2.443,0.43459777324451787
2.444,0.5787912203000088
2.445,0.5981170797598728
2.446,0.050219762929011424
2.447,0.7871495506446538
2.448,0.12408027907963323
2.449,0.19209048831124687
2.45,0.3233485906036227
2.451,0.014562475216978787
2.452,-0.7722351071669322
2.453,-0.031249794399275888
2.454,-0.27406493257156705
2.455,-0.23368130867102177
2.456,-0.11912400498865938
2.457,-0.4469151499996535
2.458,-0.2179464577755295
2.459,-0.04514861844969148
2.46,0.1688388284737902
2.461,0.23607039950712683
2.462,0.5814322088508443
2.463,0.5578339787780504
2.464,0.299706460706757
2.465,0.4124086667498669
2.466,0.825565776422752
2.467,0.619993092056678
2.468,0.30059662632174977
2.469,0.406750005787472
2.47,-0.16469328391662352
2.471,0.0051290005161643
2.472,-0.5223802852706805
2.473,-0.21369334746926194
2.474,-0.3681662938932611
2.475,-0.4597178993607911
2.476,-0.49794482992211037
2.477,-0.2737045696373786
2.478,-0.44815835008081617
2.479,-0.23073619770201131
2.48,-0.3315150162699025
2.481,0.27471832067679375
2.482,0.4483752092766993
2.483,0.4267999496758178
2.484,0.5532802658888228
2.485,0.7057381188694449
2.486,0.5844799647851949
2.487,0.5180971498970629
2.488,0.29988413642948947
2.489,-0.14763621287091117
2.49,-0.1356814524624383
2.491,-0.053255413260211534
2.492,-0.3722679628807219
2.493,-0.16204106564419204
2.494,-0.5729102621361188
2.495,-0.7129191661789368
2.496,-0.6920822040852251
2.497,-0.6470745993244709
2.498,-0.3505178596883517
2.499,-0.05352042970348282
2.5,-0.08004261857698615
2.501,-0.24603124174949773
2.5020000000000002,0.03787370737831869
2.503,0.06747719561737242
2.504,0.589601592018535
2.505,0.7395439729875497
2.5060000000000002,0.45520470227456084
2.507,0.5459341205411632
2.508,0.48986850866088605
2.509,-0.2173583583813477
2.5100000000000002,0.4286669300134421
2.511,-0.15161156672804837
2.512,-0.37572709888935013
2.513,-0.6603556281039651
2.5140000000000002,-0.559089747584414
2.515,-0.4476523178106965
2.516,-0.6590690774053654
2.517,-0.4846412449200585
2.5180000000000002,-0.07942969150125517
2.519,-0.22126373928338905
2.52,-0.07777040064475102
2.521,0.10523490435612091
2.5220000000000002,0.21306355151767484
2.523,0.4781656839928734
2.524,0.3310592525987227
2.525,0.7940930818686097
2.5260000000000002,0.182482400474817
2.527,0.4466171618977158
2.528,0.4746142632820166
2.529,0.19712963946343506
2.5300000000000002,0.19246265739735302
2.531,-0.2752652864265791
2.532,-0.6387065030147631
2.533,-0.8749987556772368
2.5340000000000003,-0.338850172310852
2.535,-0.6316354251606134
2.536,-0.11297817222095108
2.537,-0.5006992936928022
2.5380000000000003,-0.0848037609314542
2.539,-0.3603459003026972
2.54,-0.11830665483241361
2.541,0.3649403942864798
2.5420000000000003,0.4780634144883516
2.543,0.43829593536728095
2.544,0.5690463592932853
2.545,0.11926090050310506
2.5460000000000003,0.4166015152570809
2.547,0.5697661665699055
2.548,0.3251683535541194
2.549,-0.08830381409563873
2.5500000000000003,-0.1475298250715762
2.551,0.16140064008709593
2.552,-0.27490110795895356
2.553,-0.2544814811449587
2.5540000000000003,-0.41531750614497237
2.555,-0.24003843004316394
2.556,-0.4626119094801233
2.557,-0.4689838937905144
2.5580000000000003,-0.06508776565879257
2.559,0.40749089296126906
2.56,0.31273676695882047
2.561,0.3196730942911732
2.562,0.1622455201798152
2.563,0.31689460560009375
2.564,0.8327140201812888
2.565,0.36544756492165886
2.566,0.3222811065979359
2.567,0.288914869565627
2.568,0.46385189285310513
2.569,0.5516145309636729
2.57,0.02846218281546616
2.571,-0.167181020355154
2.572,-0.1953031491367443
2.573,-0.27945745347795464
2.574,-0.02422491880175337
2.575,-0.6534880337938669
2.576,-0.6930162253919445
2.577,-0.0824651041523265
2.578,-0.7168478586665703
2.579,-0.3766617200066462
2.58,-0.1409498328298649
2.581,0.30328930780354846
2.582,0.44920337472412175
2.583,0.42016040342894106
2.584,0.18097994566508407
2.585,0.2863066182221287
2.586,0.6640396599716163
2.587,0.5529173610537363
2.588,0.35231797632876494
2.589,0.08571499083759
2.59,0.3836754264716652
2.591,-0.4354900198322519
2.592,-0.0873973802315863
2.593,-0.21825658333655276
2.594,-0.2874471756152328
2.595,-0.5022084532735658
2.596,-0.23246630999950207
2.597,-0.2538305477577566
2.598,-0.3422120673719289
2.599,-0.13045613936817735
2.6,-0.3026578343128239
2.601,0.44959410053673177
2.602,0.2769082716249328
2.603,0.4872103185809439
2.604,0.652068702111942
2.605,0.8064749688483056
2.606,0.11467472296551073
2.607,0.40249022659772477
2.608,-0.08976190694307112
2.609,0.3726290046896268
2.61,0.05716610971235678
2.611,0.009596362382928797
2.612,-0.5638153628053739
2.613,-0.4436263587531236
2.614,-0.7709311903956653
2.615,-0.31334081993196283
2.616,-0.5834634428053669
2.617,-0.5228229774998578
2.618,-0.4456506198918604
2.619,-0.28221317536883983
2.62,0.21865148586784197
2.621,0.2396226975486143
2.622,0.475068994893179
2.623,0.6090850296501119
2.624,0.3048023483030988
2.625,0.5559034286942452
2.626,0.34839797403788253
2.6270000000000002,0.619123410090923
2.628,0.3075618531366359
2.629,0.342326356269852
2.63,-0.044580033092526956
2.6310000000000002,-0.40976681009580324
2.632,-0.3202685864450072
2.633,-0.5241705456927431
2.634,-0.5170727079120965
2.6350000000000002,-0.13343374114845286
2.636,-0.6523584148690864
2.637,-0.5627963715125962
2.638,-0.2529401158343877
2.6390000000000002,-0.2789340589264646
2.64,0.06557489328519107
2.641,0.04390222528053188
2.642,0.5040809008032672
2.6430000000000002,0.288137191124068
2.644,0.8333518746824337
2.645,0.7925978442495987
2.646,0.5695429355976276
2.6470000000000002,0.5944804745065999
2.648,0.2970358837791352
2.649,0.2978582184695475
2.65,-0.030735160970064297
2.6510000000000002,0.3219983437466007
2.652,-0.32793559581863196
2.653,-0.5900176220123355
2.654,-0.6374643489570152
2.6550000000000002,-0.022421406714184633
2.656,-0.775560893286696
2.657,-0.5096974464347159
2.658,0.07671312746523229
2.6590000000000003,-0.46883617461403404
2.66,0.32682065355073137
2.661,0.34999438931415533
2.662,0.21538763879907652
2.6630000000000003,0.29602485752714347
2.664,0.37114138625407994
2.665,0.405564668179338
2.666,0.7173084419078248
2.6670000000000003,0.8839027549215995
2.668,0.40655563461990657
2.669,-0.13393490870030308
2.67,-0.3282578377188435
2.6710000000000003,-0.2832075045772645
2.672,-0.2539235612059629
2.673,-0.3186419308986653
2.674,-1.011531040944008
2.6750000000000003,-0.605062513683591
2.676,-0.2598853709606445
2.677,-0.5224020774825717
2.678,-0.46324289002797175
2.6790000000000003,-0.10142598178921841
2.68,0.007354131803297227
2.681,0.6601555327658687
2.682,0.09331666117143178
2.6830000000000003,0.33213514420328427
2.684,0.4022329323797022
2.685,0.9108084901256954
2.686,0.4123747720991797
2.6870000000000003,0.40956042398242426
2.688,0.194317745817472
2.689,0.018333784889323385
2.69,0.20966631811137798
2.691,0.29877005490909514
2.692,-0.37526707484865784
2.693,-0.29336667946325895
2.694,-0.5707543997937982
2.695,-0.8617715917078647
2.696,-0.27874813012321453
2.697,-0.3367560344540529
2.698,-0.3139876038810373
2.699,-0.2803463276535417
2.7,-0.13450453789150027
2.701,0.34839043847904627
2.702,0.34565250008054105
2.703,0.3476573364098722
2.704,0.49181114612520554
2.705,0.3642743600704349
2.706,0.7545554260937972
2.707,0.39360339492597785
2.708,0.1533851894861061
2.709,-0.043201863395199186
2.71,0.2322725305183849
2.711,-0.33214529887936806
2.712,-0.38084569248074845
2.713,-0.2514584361654395
2.714,-0.24985486972724374
2.715,-0.48884840232829857
2.716,-0.7238316687560229
2.717,-0.43836249186162685
2.718,-0.26050451383533363
2.719,0.1809676950283403
2.72,0.026877989826728493
2.721,-0.3271751433773321
2.722,0.24334782809954264
2.723,0.7520398962835982
2.724,0.45542427675790087
2.725,0.5088784719740213
2.726,0.3288061577049862
2.727,0.7119810733507808
2.728,-0.1635198052416018
2.729,-0.11590093434966192
2.73,-0.06425533111933243
2.731,0.028175564995514685
2.732,-0.44068884367065664
2.733,-0.6814240591863246
2.734,-0.1604390836275006
2.735,-0.31536005151070945
2.736,-0.7297608672519516
2.737,-0.5773926929805184
2.738,-0.24340918471965936
2.739,-0.27366371396481376
2.74,0.3163444102569283
2.741,0.011463302257268132
2.742,0.29239902832876435
2.743,0.6459324204860368
2.744,0.565399251039757
2.745,0.4884809541013124
2.746,0.3464114771055507
2.747,0.34111894175306773
2.748,0.20629903371199082
2.749,0.28511029339449023
2.75,-0.0186173595939598
2.751,-0.26286304371333413
2.7520000000000002,-0.32728432824665127
2.753,-0.856270345441575
2.754,-0.4596458592674817
2.755,-0.2817106182382384
2.7560000000000002,-0.4782030988813742
2.757,-0.6074503775355349
2.758,0.024640830480799514
2.759,-0.18246680442356603
2.7600000000000002,0.08581213990966155
2.761,0.31066174899150684
2.762,0.3281507726397056
2.763,0.4910539214265403
2.7640000000000002,0.2768679389838235
2.765,0.18848423737957626
2.766,0.2225278042499238
2.767,0.42731307665586754
2.7680000000000002,0.042387626893340025
2.769,0.31230579681260306
2.77,0.16647871309315265
2.771,-0.13679488089855185
2.7720000000000002,-0.38881113240096676
2.773,-0.29546638712585593
2.774,-0.45296865522207325
2.775,-0.6269846681839972
2.7760000000000002,-0.3962240162362338
2.777,-0.4042290586455077
2.778,-0.2169565408665144
2.779,-0.2616172808343319
2.7800000000000002,0.08366420512001374
2.781,-0.17661596649003783
2.782,0.2618157406837754
2.783,0.32456872490200595
2.7840000000000003,0.5280213721283491
2.785,0.07057731380984256
2.786,0.43877867416466215
2.787,0.4017300365153458
2.7880000000000003,0.6591187283975671
2.789,0.04499995441533171
2.79,-0.3721701782120427
2.791,-0.0909870864111659
2.7920000000000003,-0.004481968895876154
2.793,0.11603704313057378
2.794,-0.16921856628039916
2.795,-0.3719797047224119
2.7960000000000003,-0.3339563612866804
2.797,-0.4081034272142818
2.798,-0.3947941671966272
2.799,-0.012925437118026406
2.8000000000000003,0.41808838844029994
2.801,-0.11232845099335947
2.802,0.23349297966377258
2.803,0.09790703190647326
2.8040000000000003,0.698005329132108
2.805,0.3754596970730807
2.806,0.4610791423277682
2.807,0.44710749403528804
2.8080000000000003,-0.04830647791616732
2.809,0.10550205763392809
2.81,-0.1697795569871422
2.811,-0.38920060788171995
2.8120000000000003,-0.24109275922697967
2.813,-0.009459901280323257
2.814,-0.5478376025376265
2.815,-0.617029824250314
2.816,-0.7468172578194094
2.817,-0.11287338624499144
2.818,-0.23246729784328937
2.819,-0.16429024724197303
2.82,-0.27994725072505183
2.821,0.4949220550439516
2.822,0.47757994888002603
2.823,0.31390060412179627
2.824,0.16708641799179502
2.825,0.5617156126943339
2.826,0.6066595640376625
2.827,0.6860890883960844
2.828,0.4094680445109028
2.829,0.053546793174257826
2.83,-0.2265151494022354
2.831,-0.3040278183269978
2.832,-0.4617914964198522
2.833,-0.8350306683062846
2.834,-0.72426865992043
2.835,-0.6577847187652419
2.836,-0.418422723376707
2.837,-0.13929537603603676
2.838,-0.38088047510132095
2.839,-0.19985958340721716
2.84,-0.08127138868330372
2.841,0.2165311443632751
2.842,0.29025407816230875
2.843,0.6623867943291335
2.844,0.6072240847366908
2.845,0.4346908575199322
2.846,0.3857503821878784
2.847,0.27460316147300207
2.848,0.6230017668252197
2.849,0.2950178988846461
2.85,0.011803568205905784
2.851,0.09419373095186853
2.852,-0.5004852106677758
2.853,-0.10083088936303897
2.854,-0.28860423687118675
2.855,-0.33201173646827
2.856,-0.35584493485508395
2.857,-0.2120712616624628
2.858,-0.2921051586773592
2.859,-0.010635989701028248
2.86,0.3552390153908536
2.861,0.08700342192113088
2.862,0.07454432917572745
2.863,0.09203797794093199
2.864,0.5006786096795064
2.865,0.6726105785771038
2.866,0.10243120473567507
2.867,0.49435338546601026
2.868,0.5906239438496917
2.869,0.22925251081850243
2.87,0.19036613660523674
2.871,-0.2356201030749814
2.872,0.006041432801727309
2.873,-0.4561639203918837
2.874,-0.41093316675768776
2.875,-0.4510153451982423
2.876,-0.708510035378259
2.8770000000000002,-0.46447841869062734
2.878,-0.12369601233108496
2.879,-0.17011883312466203
2.88,0.039098186711101685
2.8810000000000002,0.14074593576813152
2.882,0.018137409256058
2.883,0.5140113866720282
2.884,0.18512400778420862
2.8850000000000002,0.33687436529900305
2.886,0.5579223316983416
2.887,0.38688919848638664
2.888,0.002562462625752937
2.8890000000000002,0.3927674616105792
2.89,0.061621813175661524
2.891,-0.06296888065355044
2.892,-0.426012778768301
2.8930000000000002,-0.6238097731318599
2.894,-0.47519682322816276
2.895,-0.7368208857986968
2.896,-0.07383174378821822
2.8970000000000002,-0.16487736643879206
2.898,-0.5093165176815698
2.899,-0.15589038844406913
2.9,0.2309215316880919
2.9010000000000002,0.05972334584803679
2.902,0.22789790402184687
2.903,0.23811901550882356
2.904,0.6837433084020322
2.9050000000000002,0.3708716557063063
2.906,0.4748877140806026
2.907,0.40594905843019197
2.908,0.37035147897137527
2.9090000000000003,0.30611748146912643
2.91,0.006023917414111494
2.911,-0.22780654633735953
2.912,-0.30311508818420374
2.9130000000000003,-0.6567693295728811
2.914,-0.6452654758220027
2.915,-0.4690765143929627
2.916,-0.3217493003732505
2.9170000000000003,-0.8764307547736283
2.918,-0.3087746628623676
2.919,-0.2766250218714845
2.92,0.025217319676271915
2.9210000000000003,0.23975423209992403
2.922,0.2352198111822592
2.923,0.827508205899314
2.924,0.4910961553635466
2.9250000000000003,0.4386355741825929
2.926,0.5219017752420897
2.927,0.6354274519803218
2.928,-0.007044686821352175
2.9290000000000003,0.17068350671136556
2.93,-0.1822845953033932
2.931,-0.23416624931075203
2.932,-0.1811302315846606
2.9330000000000003,-0.12299054423216094
2.934,-0.334262779762724
2.935,-0.6998364466426251
2.936,-0.18403782019098025
2.9370000000000003,-0.24550854014482554
2.938,-0.29845850753677067
2.939,0.10391261012406924
2.94,-0.2822548001065383
2.9410000000000003,0.3251981744645777
2.942,0.38453568362168633
2.943,0.3123687063137322
2.944,0.3800136221576519
2.945,0.5893451351907601
2.946,0.2779160778688412
2.947,0.011762296275835804
2.948,-0.16974354287438298
2.949,0.4313305532890427
2.95,-0.15531943518793404
2.951,-0.38017556784023504
2.952,-0.2133999706767084
2.953,-0.35456837196148033
2.954,-0.5791998154218229
2.955,-0.6848803871445037
2.956,-0.601535520001892
2.957,-0.4298044561398827
2.958,-0.09088102955406241
2.959,-0.0738398463184119
2.96,0.3188174915629703
2.961,0.012285165744657822
2.962,0.24966577954206576
2.963,0.07145551140002321
2.964,-0.04053686821017827
2.965,0.610758858488722
2.966,0.23901490695504152
2.967,0.25185415156275126
2.968,-0.12367813469807465
2.969,0.3114962005091254
2.97,-0.24123217512516265
2.971,-0.35803660768525414
2.972,-0.525966409296863
2.973,-0.283789115339261
2.974,-0.5441802957376924
2.975,-0.16275048751307897
2.976,-0.7189722108682542
2.977,-0.39794513585271835
2.978,-0.3451128976916759
2.979,0.11604880880967244
2.98,0.03863136681853291
2.981,0.20108022100914796
2.982,0.12810211277838562
2.983,0.5757747825936731
2.984,0.5103732022714025
2.985,0.6981255775348871
2.986,0.6428222323166426
2.987,0.086393335097457
2.988,0.03363640738117957
2.989,-0.02283226383844969
2.99,0.07035190617948697
2.991,-0.16682167778279844
2.992,-0.555260766400379
2.993,-0.28592446228910906
2.994,-0.61848084407631
2.995,-0.378695435929062
2.996,-0.16498615271306832
2.997,-0.637548465301356
2.998,-0.7804961328659719
2.999,-0.13569711424802108
3.0,-0.16401893210231128
3.001,-0.12650277057416917
3.0020000000000002,0.4315169850239484
3.003,0.5333558264472776
3.004,0.1996313185143832
3.005,0.19160825940411813
3.0060000000000002,0.4131995896737911
3.007,0.5086622458375724
3.008,0.25253917880415455
3.009,0.10521724505632088
3.0100000000000002,0.12331244967505169
3.011,-0.37703199191027
3.012,-0.5520309841649788
3.013,-0.3924652540204845
3.0140000000000002,-0.3449688145130037
3.015,-0.37292863643699425
3.016,-0.3159172908545159
3.017,-0.47586511198803216
3.0180000000000002,-0.7069086219232571
3.019,-0.06733037017605668
3.02,-0.27809016147923254
3.021,0.019799425641669283
3.0220000000000002,0.36507000474527396
3.023,0.2518572430658596
3.024,0.5451623171018536
3.025,0.6156155602721239
3.0260000000000002,0.42102210849892535
3.027,0.08747712727627499
3.028,0.48120731215183593
3.029,0.22918386420427633
3.0300000000000002,0.2074031126723964
3.031,-0.28010041328970636
3.032,-0.31916636989201197
3.033,-0.14271819317134954
3.0340000000000003,-0.35305068042126003
3.035,-0.5836461868988991
3.036,-0.8424892066829315
3.037,-0.5925484468522365
3.0380000000000003,0.2329032148645266
3.039,0.021501485041785867
3.04,0.1398125528817365
3.041,0.23836899378179793
3.0420000000000003,0.41312070801427037
3.043,0.5043130011025865
3.044,0.32260986060555963
3.045,0.33711368145675136
3.0460000000000003,0.3793371561925018
3.047,0.2031651963532165
3.048,0.26733553187419473
3.049,0.2636889348965503
3.0500000000000003,0.17657811805529
3.051,-0.4579202846579714
3.052,-0.03640764535082963
3.053,-0.6995353401593496
3.0540000000000003,-0.8175146427047798
3.055,-0.3899360520448174
3.056,-0.6899579859787465
3.057,0.1514807858221393
3.0580000000000003,-0.16475031522648254
3.059,-0.45280104394564225
3.06,-0.08742927211193144
3.061,0.6269562463873937
3.0620000000000003,-0.09440642745122152
3.063,0.41719208799678903
3.064,0.8862606311932626
3.065,0.2458250588002271
3.0660000000000003,0.5299917567170278
3.067,0.08811428744334882
3.068,0.43880383715675764
3.069,0.07372841777573698
3.0700000000000003,-0.03701100173598325
3.071,-0.3879955285314094
3.072,-0.16183830814197844
3.073,-0.47878201208446425
3.074,-0.6444690738059994
3.075,-0.48058317370084475
3.076,-0.3576276592023897
3.077,-0.25912508842994375
3.078,-0.1332917235109406
3.079,-0.5444968892629026
3.08,-0.1285076863958105
3.081,-0.1572492081384595
3.082,0.3591256323930751
3.083,0.36314806408826716
3.084,0.5090885613620013
3.085,0.273268410782618
3.086,0.4841131623965551
3.087,0.3930525784066337
3.088,0.3626107625847998
3.089,-0.010751016688574117
3.09,-0.1125981933130576
3.091,0.006866904337743007
3.092,-0.3463828903881697
3.093,0.08748169448315157
3.094,-0.42302853387404177
3.095,-0.7656921317150415
3.096,-0.7507241210475736
3.097,-0.1726578854171919
3.098,-0.6648536157991842
3.099,-0.1896212750167247
3.1,-0.23201140926233255
3.101,0.14770581576605896
3.102,0.5042425156251202
3.103,0.26099185345470866
3.104,0.6524405954804716
3.105,0.09154326728691875
3.106,0.5551961718729402
3.107,0.4664752191517409
3.108,0.447259963385308
3.109,0.407138504968111
3.11,-0.0364931675391219
3.111,-0.25571746042360854
3.112,-0.4450550444850856
3.113,-0.2932048961344937
3.114,-0.1495134343118213
3.115,-0.19748043616309935
3.116,-0.421969370636004
3.117,-0.23255662738348667
3.118,-0.38685105042492224
3.119,-0.3126185321409434
3.12,-0.31916679859150826
3.121,-0.12995809411262604
3.122,0.17991010503126015
3.123,0.3036171773732309
3.124,0.5720865595349236
3.125,0.3768014131580037
3.126,0.25669321065536455
3.1270000000000002,0.3391858964330627
3.128,0.30032610675397076
3.129,0.2511167760253409
3.13,-0.10948763123592256
3.1310000000000002,0.012652726565910183
3.132,-0.1578956900830699
3.133,-0.6297866760086945
3.134,-0.620879173907469
3.1350000000000002,-0.40986406676122533
3.136,-0.5560229567013485
3.137,-0.0749866233128611
3.138,-0.27691558914182923
3.1390000000000002,0.025542398250769788
3.14,0.12388557567959517
3.141,0.343579099395661
3.142,0.12984120235315189
3.1430000000000002,0.24087984236309323
3.144,0.7252518906420201
3.145,0.3351224792606805
3.146,0.6632608837161519
3.1470000000000002,0.33507883319774934
3.148,0.3687562432179066
3.149,0.28698972365438036
3.15,0.32169604922842465
3.1510000000000002,-0.31628202923442167
3.152,-0.3613108302105764
3.153,-0.6573479565102309
3.154,-0.2009286566265593
3.1550000000000002,-0.7367255496517042
3.156,-0.5090139209879266
3.157,-0.48815429250439735
3.158,-0.43159423057518387
3.1590000000000003,-0.16988476566710656
3.16,-0.1193880834313697
3.161,0.008072047018371914
3.162,0.584763076775302
3.1630000000000003,0.6157557355374452
3.164,0.16733927212041222
3.165,0.4530541191434799
3.166,0.35899406171834813
3.1670000000000003,0.27967159700253086
3.168,0.3086563371400346
3.169,0.36266762029029564
3.17,-0.6263705765285127
3.1710000000000003,-0.11078316787611024
3.172,-0.44258781303978456
3.173,-0.5174663917108923
3.174,-0.599086770633974
3.1750000000000003,-0.5528709395182342
3.176,-0.7314046027638363
3.177,-0.5095020164303015
3.178,-0.29675402977653753
3.1790000000000003,0.2841204345634185
3.18,-0.12221125690163955
3.181,0.07402299364489534
3.182,-0.06353607318450571
3.1830000000000003,0.4121336622719081
3.184,0.5524722249670159
3.185,0.4029229391012514
3.186,0.21729385737266843
3.1870000000000003,0.19942648104210925
3.188,0.29482314396103776
3.189,0.19998888782859492
3.19,0.2847841505774895
3.1910000000000003,-0.2839130922058062
3.192,-0.3175652500979141
3.193,-0.6152767075536087
3.194,-0.6737093084371768
3.1950000000000003,-0.20200103096112748
3.196,-0.4071598306684011
3.197,-0.3034088711951381
3.198,-0.27543166021142496
3.1990000000000003,-0.20487587682905647
3.2,0.044238851506293676
3.201,0.09711323556337839
3.202,0.2918423677226723
3.203,-0.05813141273611655
3.204,0.4620496833686977
3.205,0.40230917314799647
3.206,0.6553615156569177
3.207,0.5488279899247779
3.208,-0.09656885502981899
3.209,-0.24338705717416567
3.21,-0.042877806044005665
3.211,-0.1937967147821762
3.212,-0.20814777858807598
3.213,-0.3351329191850335
3.214,-0.09374358682936984
3.215,-0.680126468063099
3.216,-0.12125521957797114
3.217,-0.39942202462143034
3.218,-0.20660237395689005
3.219,-0.013111792962839736
3.22,0.04250711222687046
3.221,-0.10013960076172526
3.222,0.07027304442668492
3.223,0.41589441888440004
3.224,0.42095020405879824
3.225,0.5950741826646376
3.226,0.6648614704711846
3.227,0.2511225292037125
3.228,0.4219509228595112
3.229,-0.3642542767713547
3.23,-0.4305676210569528
3.231,-0.3502355455159856
3.232,0.24916204044512236
3.233,-0.33851047400534123
3.234,-0.7456496701814856
3.235,-0.7639624546193537
3.236,-0.6029749500187446
3.237,-0.5925454767505189
3.238,-0.30890610460971574
3.239,-0.18578551014784728
3.24,-0.1679251664497083
3.241,0.12998451262385452
3.242,0.13327447721656085
3.243,0.5815729442395583
3.244,0.34785297896524575
3.245,0.6019537147358995
3.246,0.3320225247093499
3.247,0.31732323819495545
3.248,0.23999653675817934
3.249,0.21840764679940827
3.25,0.2922985569590091
3.251,-0.13956249779409122
3.2520000000000002,-0.667682929186371
3.253,-0.5011331304228769
3.254,-0.5278985714413802
3.255,-0.12879495496253057
3.2560000000000002,-0.4909044357811603
3.257,-0.4233386648455353
3.258,-0.4344652250095855
3.259,-0.161570851634817
3.2600000000000002,-0.33656787581532066
3.261,0.23368237716422707
3.262,0.5816711558322023
3.263,0.7541761524909467
3.2640000000000002,0.5535931492066258
3.265,0.4711526100319872
3.266,0.39335716994552195
3.267,0.6462190004078231
3.2680000000000002,0.22073519700788397
3.269,0.09158714416241144
3.27,0.3130634109531518
3.271,0.032639862182070406
3.2720000000000002,-0.466071870952175
3.273,-0.5737203554622314
3.274,-0.7073983410378964
3.275,-0.6312943125589834
3.2760000000000002,-0.5642429996409699
3.277,-0.3311318724530367
3.278,-0.3802826176609281
3.279,-0.6169540218165314
3.2800000000000002,0.14949473491194873
3.281,0.05907256194060992
3.282,0.5088596522313514
3.283,0.44480953219171027
3.2840000000000003,0.5368587947696478
3.285,0.4616887255708928
3.286,0.4570053990833855
3.287,0.46453582337189275
3.2880000000000003,0.14100063805601168
3.289,0.027001588516434666
3.29,0.30968450588283164
3.291,-0.20573863683452626
3.2920000000000003,-0.5519250410803129
3.293,-0.48353037075797445
3.294,-0.3827590560669545
3.295,-0.7293983670966846
3.2960000000000003,-0.3291712344256932
3.297,-0.18663141474760625
3.298,-0.5702243849977677
3.299,-0.2671275965574379
3.3000000000000003,0.1744128409864072
3.301,0.35314395900340134
3.302,0.6309359399357402
3.303,0.46663846038441475
3.3040000000000003,0.35783416833917664
3.305,0.5570667656591904
3.306,0.3501746772540175
3.307,0.34830241315928306
3.3080000000000003,0.12562460823656627
3.309,0.31431856763239535
3.31,0.09326315219212024
3.311,-0.3024282705508591
3.3120000000000003,-0.6760665787067348
3.313,-0.6901939893645772
3.314,-0.5631302983666968
3.315,-0.40943712578726477
3.3160000000000003,-0.7657253201221873
3.317,-0.37348708852783863
3.318,-0.4121721258094315
3.319,-0.03214322770936197
3.3200000000000003,0.1843225682441734
3.321,0.3800326706659763
3.322,0.6650312268248131
3.323,0.45249149507469383
3.3240000000000003,0.2068020475253226
3.325,0.6085395484071453
3.326,0.5402203659336152
3.327,0.7068625962525684
3.3280000000000003,0.16417498053802398
3.329,0.016438644386428808
3.33,-0.060877257147896525
3.331,-0.21433208199761106
3.332,-0.5679832181207409
3.333,-0.3970402105048834
3.334,-0.06284230108889938
3.335,-0.639175565480578
3.336,-0.31960578581197696
3.337,-0.044158307310303346
3.338,-0.3433875968194505
3.339,-0.15439129696698226
3.34,0.086908025771446
3.341,0.2746247572655593
3.342,0.504275266708186
3.343,0.46516490807656663
3.344,0.7133825357694481
3.345,0.590514021707748
3.346,0.467434111851397
3.347,0.7016922613804414
3.348,0.31663658649761917
3.349,0.36921659216643454
3.35,0.012587738910617204
3.351,-0.07493560288496752
3.352,-0.22174390392936638
3.353,-0.47534073755741846
3.354,-0.7040021315129095
3.355,-0.41171237178445635
3.356,-0.4665093389953949
3.357,-0.6866626038042609
3.358,-0.3034619695741077
3.359,-0.15690307306997858
3.36,0.1433115948282831
3.361,0.18829193834809804
3.362,0.007507546243613772
3.363,0.2326152973296594
3.364,0.6840021962907635
3.365,0.5706970990554566
3.366,0.43696035522555376
3.367,0.29169677205959865
3.368,0.3769391983659616
3.369,-0.3250108440301124
3.37,0.22657982552557476
3.371,-0.6321564761128349
3.372,-0.33003825050762065
3.373,-0.3858979394160682
3.374,-0.39844534765803297
3.375,-0.5179352269493342
3.376,-0.5864296162005896
3.3770000000000002,0.008047038032119813
3.378,-0.07899572793220669
3.379,-0.33818735408714484
3.38,0.5109214022474771
3.3810000000000002,0.03113980707023145
3.382,-0.02839771363671245
3.383,0.3067202351910612
3.384,0.5641502406474938
3.3850000000000002,0.7336173838306448
3.386,0.48469517900280873
3.387,0.3067836322439582
3.388,0.2898980566818445
3.3890000000000002,0.2436955293246461
3.39,-0.07087076518785075
3.391,-0.13563233570117683
3.392,-0.3603535532752262
3.3930000000000002,-0.3119068442593005
3.394,-0.6643268936869366
3.395,-0.46195662370929136
3.396,-0.4408563304562017
3.3970000000000002,-0.543665426972321
3.398,0.14820039652143602
3.399,-0.12287094089948916
3.4,0.11982611975929436
3.4010000000000002,0.14146105808425707
3.402,0.46932542855733245
3.403,0.3853806844161484
3.404,0.7319130062689905
3.4050000000000002,0.40373120976416127
3.406,0.6119705680751876
3.407,0.403987621979655
3.408,0.14985788148177492
3.4090000000000003,-0.2500221193694291
3.41,0.14041053918928884
3.411,0.00571854527077692
3.412,-0.31206893886621806
3.4130000000000003,-0.3865539029027278
3.414,-0.4579665065278046
3.415,-0.2657332449951192
3.416,-0.519000554976647
3.4170000000000003,-0.4295417390961565
3.418,-0.3841399817904607
3.419,-0.33750906545598947
3.42,0.12552589572304587
3.4210000000000003,-0.1088951796165531
3.422,0.10876562942400814
3.423,0.21998907573911095
3.424,0.40966190926081036
3.4250000000000003,0.45290012621097003
3.426,0.7031670140918993
3.427,0.1964219833683357
3.428,0.2496132848338308
3.4290000000000003,0.008854953216924782
3.43,-0.14626739480775203
3.431,-0.22907313635239174
3.432,-0.4468300098556364
3.4330000000000003,-0.3341535713018188
3.434,-0.5169451715220953
3.435,-0.4395453672383327
3.436,-0.4573305917749958
3.4370000000000003,-0.5228211876603193
3.438,-0.4673987901079216
3.439,-0.32708888216866033
3.44,0.26413011877747955
3.4410000000000003,-0.04335647085579353
3.442,0.4505793212045045
3.443,0.48576838394180866
3.444,0.4164751257557384
3.4450000000000003,0.604802025678733
3.446,0.416046733737639
3.447,0.38314540396960245
3.448,0.06407326444420075
3.4490000000000003,0.22015207829722974
3.45,0.01740349406981509
3.451,0.061730192094120756
3.452,-0.556517813593421
3.4530000000000003,0.035477862118762526
3.454,-0.5319345649010285
3.455,-0.5372412290123021
3.456,-0.44397222060479363
3.457,-0.30117469615297654
3.458,-0.3147723594584086
3.459,-0.19872155653172688
3.46,0.16026183505046712
3.461,0.22049899490403918
3.462,0.013319299950207919
3.463,0.16548613012967028
3.464,0.6955168306094792
3.465,0.6384872528468126
3.466,0.19992240782721926
3.467,0.5449277753248549
3.468,0.23345245693740993
3.469,0.1962810228377038
3.47,0.013362002295378574
3.471,-0.2573164056735081
3.472,-0.2635977930582113
3.473,-0.1874006482371011
3.474,-0.8129096929674734
3.475,-0.38281343069687945
3.476,-0.5514930583279908
3.477,-0.39272604200030353
3.478,-0.14133887186423125
3.479,-0.11400141042467998
3.48,0.449910025252854
3.481,0.16344147379464044
3.482,0.3811943699605575
3.483,0.6244474242529695
3.484,0.7433811071229076
3.485,0.4367920169018816
3.486,0.13675024012987058
3.487,0.3544394084840637
3.488,0.23695328663331164
3.489,-0.05142948839946421
3.49,0.11179441074224707
3.491,-0.335026067069574
3.492,-0.18326496264316583
3.493,-0.31277850697613685
3.494,-0.4515753785054597
3.495,-0.655489429885703
3.496,-0.5601201244871417
3.497,-0.5708605949654011
3.498,-0.3991731842533504
3.499,-0.0383984543710183
3.5,-0.29907018885072695
3.501,-0.1445098553485962
3.5020000000000002,0.053752226469688
3.503,0.3855797724002331
3.504,0.7665312776020015
3.505,0.6166366926500196
3.5060000000000002,0.5856259719296002
3.507,0.5949280172335579
3.508,0.4006386344518825
3.509,0.21192574147736049
3.5100000000000002,-0.23415753731249567
3.511,-0.6019186544475872
3.512,-0.3676764380792304
3.513,-0.6721835750528444
3.5140000000000002,-0.7294527165197136
3.515,-0.595354845894926
3.516,-0.4690822890726033
3.517,-0.3872148047021482
3.5180000000000002,0.24879479217943723
3.519,-0.12473581577319154
3.52,0.13414640731370095
3.521,-0.07532865992185697
3.5220000000000002,0.7429074930840895
3.523,0.34156725651349035
3.524,0.8133599218315302
3.525,0.6044394878908869
3.5260000000000002,0.5432341102318227
3.527,0.3608827582212426
3.528,0.3841739852964147
3.529,0.551614737939637
3.5300000000000002,0.24580319160385705
3.531,-0.029494919116400786
3.532,-0.28287668193656557
3.533,-0.42022940601076353
3.5340000000000003,-0.7405229734169256
3.535,-0.23590283201524087
3.536,-0.505705305750834
3.537,-0.29911620517359727
3.5380000000000003,-0.035721362867102924
3.539,-0.1734931833215572
3.54,0.00804861963181616
3.541,-0.012963556718690206
3.5420000000000003,0.42227530594308504
3.543,0.5357962619207408
3.544,0.6181834589123658
3.545,0.3728580182102481
3.5460000000000003,0.4464638664572482
3.547,0.5648360729300589
3.548,0.4922078696789307
3.549,0.5761446521856602
3.5500000000000003,0.048334877502658524
3.551,-0.3999216180804016
3.552,-0.4350772496459282
3.553,-0.02443421314502353
3.5540000000000003,-0.6226987754378023
3.555,-0.3784909970057413
3.556,-0.6864724077302327
3.557,-0.3373843672528684
3.5580000000000003,-0.7036795810509586
3.559,0.12743734589589595
3.56,0.23275777296677783
3.561,0.37777429840010635
3.5620000000000003,0.38904561000769045
3.563,0.2964237643207786
3.564,0.9277818286151569
3.565,0.2185786905147818
3.5660000000000003,0.6395573002516646
3.567,0.3742409984335859
3.568,0.153679241570096
3.569,0.21142839030127084
3.5700000000000003,-0.13779489366377334
3.571,-0.39210181532497423
3.572,-0.34650311786746946
3.573,-0.5341378722580722
3.5740000000000003,-0.6242020609057932
3.575,-0.41065644518772926
3.576,-0.3409350749479794
3.577,-0.4919907638641348
3.5780000000000003,0.2331107617535093
3.579,-0.3934645509890271
3.58,0.033065243910904374
3.581,0.24162122635161867
3.5820000000000003,0.23335547817263919
3.583,0.29281097784384136
3.584,0.30263706716290706
3.585,0.16528178938234916
3.586,0.5342259434648073
3.587,0.26834548545649256
3.588,0.5315587180355785
3.589,0.6359902567235214
3.59,-0.15785887972939516
3.591,-0.003935629920316791
3.592,-0.27182572281682377
3.593,-0.5393511652057849
3.594,-0.7919032907923587
3.595,-0.6182604393398212
3.596,-0.42557204396636544
3.597,-0.5130778715253584
3.598,0.09676964677739791
3.599,0.31071424972227535
3.6,0.05679579167372011
3.601,0.2713353013224956
3.602,0.06578292466529373
3.603,0.6203545803087652
3.604,0.5438176743952516
3.605,0.42133317185246516
3.606,0.17528046173469014
3.607,0.40587400441573396
3.608,0.4090092460738921
3.609,0.2741556685788073
3.61,0.2794746004251441
3.611,-0.1796113959500042
3.612,-0.20564382816535492
3.613,-0.6360538482484739
3.614,-0.6368426738779401
3.615,-0.2559076526984694
3.616,-0.1787664169219116
3.617,-0.6597078964631353
3.618,-0.23966630147521545
3.619,-0.12029344799858332
3.62,0.043011621476754185
3.621,-0.20056288357177876
3.622,0.3665698786061356
3.623,0.5114755948787504
3.624,0.4561862547228123
3.625,0.7044062562815617
3.626,0.47990154267750573
3.6270000000000002,0.3008271873661807
3.628,0.1830664854473147
3.629,0.0551605209683135
3.63,-0.1790729140067067
3.6310000000000002,-0.05649062143873981
3.632,-0.43757152653870435
3.633,-1.059271046838407
3.634,-0.506709988298299
3.6350000000000002,-0.6910330370908291
3.636,-0.6082993311307096
3.637,-0.5372788967504032
3.638,-0.4583630641160976
3.6390000000000002,-0.4142105868238147
3.64,0.22478020159855744
3.641,0.23485157145044094
3.642,0.23469696064688872
3.6430000000000002,0.3683579963633418
3.644,-0.09500852784920877
3.645,0.5705112408565589
3.646,0.39441261133424166
3.6470000000000002,0.5974296084595012
3.648,0.2766586322167218
3.649,0.3102395884900623
3.65,0.036710960302690686
3.6510000000000002,-0.1263745624906971
3.652,-0.4793711951966241
3.653,-0.6829592018546724
3.654,-0.46007011387369656
3.6550000000000002,-0.5272280390459231
3.656,-0.44345606291325607
3.657,-0.5818262289143865
3.658,-0.36732793391284135
3.6590000000000003,-0.2328140684398627
3.66,-0.26818182958227815
3.661,0.3110988260459587
3.662,0.1025423944185545
3.6630000000000003,0.3201616066166977
3.664,0.5884656181560829
3.665,0.7289035605194688
3.666,0.26252096272215436
3.6670000000000003,0.7320871666422086
3.668,-0.15664354803894065
3.669,-0.15669161153832123
3.67,0.030834600870361842
3.6710000000000003,0.06661666013524933
3.672,-0.12046562330585556
3.673,-0.7478463489580117
3.674,-0.3956536966071973
3.6750000000000003,-0.33348840216963804
3.676,-0.7692914645626936
3.677,-0.4870107250609219
3.678,-0.47862555051418465
3.6790000000000003,-0.34224837064073577
3.68,-0.10715311399288151
3.681,-0.21248232417757668
3.682,0.2817975491573199
3.6830000000000003,0.5433979765106655
3.684,0.40871481081279604
3.685,0.433088591367985
3.686,0.4269180402269037
3.6870000000000003,0.5261774257489065
3.688,0.42929363574596724
3.689,-0.03730871913222447
3.69,0.27725203191683
3.6910000000000003,-0.4203204194618715
3.692,-0.18523866519383886
3.693,-0.37849280457041207
3.694,-0.6318342269499041
3.6950000000000003,-0.5262385374596976
3.696,-0.4624526667332116
3.697,-0.26530071504449526
3.698,-0.23149067971763398
3.6990000000000003,0.010808340718335363
3.7,0.006174416387197913
3.701,0.3622077208755249
3.702,0.43845826288628875
3.7030000000000003,0.09761874013502825
3.704,0.19596549065540692
3.705,0.6064453644063299
3.706,0.9755698285665237
3.7070000000000003,0.43788251428100056
3.708,0.3146474721147615
3.709,0.12258839104603018
3.71,0.10458904369882994
3.7110000000000003,-0.08788057097767085
3.712,-0.28739635434102573
3.713,0.030782697592303288
3.714,-0.6532162375477786
3.715,-0.26288478073621824
3.716,-0.5549193540310607
3.717,-0.3909532961514456
3.718,-0.5331113798053928
3.719,-0.2676369056454829
3.72,-0.1753503227615597
3.721,0.5257804314604102
3.722,0.4329249597579897
3.723,0.3787077970184676
3.724,0.29557275412692674
3.725,0.5010451450189202
3.726,0.8390902693834237
3.727,0.805063571424198
3.728,0.440343488981381
3.729,0.01247153892765343
3.73,-0.2040997649600486
3.731,0.0980433964835927
3.732,-0.5576246380463525
3.733,-0.5723198947920125
3.734,-0.701092158752837
3.735,-0.7373262167671405
3.736,-0.33550644732253915
3.737,-0.4792111375192549
3.738,0.15858442257415423
3.739,-0.08013502594380074
3.74,-0.3580206925278116
3.741,0.36756878206125876
3.742,0.16562018699853992
3.743,0.5136201700168057
3.744,0.30553730974511095
3.745,0.5285457953657563
3.746,0.26298128602109894
3.747,0.3108713629401142
3.748,0.32219518208755427
3.749,0.09138761796554586
3.75,0.0942891838345038
3.751,-0.061557951572123404
3.7520000000000002,-0.32344298200690724
3.753,-0.0844043753833712
3.754,-0.5877115247795469
3.755,-0.3787029279510089
3.7560000000000002,-0.48524002767605723
3.757,-0.3333349131558044
3.758,-0.20592455304099264
3.759,-0.08731308947212695
3.7600000000000002,-0.05583200609884441
3.761,0.12972169577532394
3.762,0.2714886368670869
3.763,0.4415653560598577
3.7640000000000002,0.5130610056978071
3.765,0.4337206237705068
3.766,0.3456212572374839
3.767,0.45880731735844776
3.7680000000000002,0.2769818147668851
3.769,0.15986659353853983
3.77,0.12832435851241977
3.771,-0.3177706921734591
3.7720000000000002,-0.14896682424665386
3.773,-0.5474755413655347
3.774,-0.9952184853873564
3.775,-0.28321531780592685
3.7760000000000002,-0.42455156846147424
3.777,-0.45603385155715365
3.778,0.090262451882483
3.779,0.03848202423979705
3.7800000000000002,0.05083317748278367
3.781,0.23090993234501694
3.782,-0.03344431539405052
3.783,0.4660147093371693
3.7840000000000003,0.705191288132724
3.785,0.5005377063821344
3.786,0.25694713488168885
3.787,0.3331175871854865
3.7880000000000003,0.5692182467853497
3.789,-0.0467432554475998
3.79,-0.013243815483784347
3.791,-0.3853446166675417
3.7920000000000003,-0.11332258100718795
3.793,-0.14015453372827846
3.794,-0.37848431616315303
3.795,-0.5299584704800909
3.7960000000000003,-0.16975070313358614
3.797,-0.49803455409325237
3.798,-0.3533317914309617
3.799,-0.35535411288119856
3.8000000000000003,0.20311250836386344
3.801,0.1869588082558765
3.802,0.057204215484364856
3.803,0.7229142505540094
3.8040000000000003,0.7204274597731327
3.805,0.2295108754386564
3.806,0.49548148810976334
3.807,-0.06032654558724193
3.8080000000000003,0.28895720088063676
3.809,0.05139116466226948
3.81,-0.013677700553347832
3.811,-0.09468095036526067
3.8120000000000003,-0.20107002980222194
3.813,-0.6633031979238775
3.814,-0.588275083912718
3.815,-0.5054154702758241
3.8160000000000003,-0.39440691894197766
3.817,-0.4859402535610831
3.818,-0.2657446605812206
3.819,-0.28805627911091924
3.8200000000000003,0.011187566670224584
3.821,0.15107776184990213
3.822,0.037044467244925716
3.823,0.46298989542239394
3.8240000000000003,0.34573214415477016
3.825,0.20991406067477497
3.826,0.7070413773449118
3.827,0.09563628441766375
3.8280000000000003,0.2012960061289243
3.829,0.6076726926393798
3.83,-0.23974126285901307
3.831,-0.04454325107948143
3.8320000000000003,-0.2962053830846508
3.833,-0.4290732355413023
3.834,-0.5078610599613981
3.835,-0.315503689890426
3.8360000000000003,-0.9204515994922073
3.837,-0.3117388567408494
3.838,-0.7514751147796619
3.839,-0.5775867124968246
3.84,-0.08258444501655234
3.841,0.08550019959779288
3.842,0.36307266830189394
3.843,0.3376929701894344
3.844,0.5261591441078972
3.845,0.6501154031268597
3.846,0.7707161532765345
3.847,0.23846738810308413
3.848,0.4268834043855516
3.849,0.3277579363765143
3.85,-0.07119022863546819
3.851,-0.1818263000433585
3.852,-0.512871607115782
3.853,-0.3906343215471966
3.854,-0.5459990280489785
3.855,-0.4630679244247926
3.856,-0.2774288275215132
3.857,-0.6549910286246571
3.858,-0.369590171560008
3.859,-0.3766303595876596
3.86,0.051768374028613826
3.861,0.21576505138318636
3.862,0.4113867988569881
3.863,0.34064096573700253
3.864,0.6929041431671239
3.865,0.44811268556276695
3.866,0.1475031941954686
3.867,0.5560437441710283
3.868,0.5332775969636673
3.869,0.20791802394810674
3.87,-0.22793258580996462
3.871,0.27240168382960134
3.872,-0.2772792043414492
3.873,-0.5115859069338138
3.874,-0.1828363773424429
3.875,-0.48061239353469326
3.876,-0.4299758733176706
3.8770000000000002,-0.47101352691420123
3.878,-0.17690500568999148
3.879,-0.19622060580823142
3.88,0.07869289246457974
3.8810000000000002,0.0982766479676683
3.882,0.3901698996450077
3.883,0.10010243552456977
3.884,0.576845618604006
3.8850000000000002,0.7082194410203569
3.886,0.6780267393858199
3.887,0.23499814597361954
3.888,-0.07180771983950918
3.8890000000000002,0.10431598100758552
3.89,-0.20369544555583433
3.891,-0.05925051978367288
3.892,-0.4725252521797574
3.8930000000000002,-0.28360015593276017
3.894,-0.30988036970716504
3.895,-0.6289317183102643
3.896,-0.4863181765057024
3.8970000000000002,-0.6986128991692573
3.898,-0.42768006539012804
3.899,0.026308116459523134
3.9,-0.12226759144488449
3.9010000000000002,0.2564302429995133
3.902,0.4179599222615099
3.903,0.6514691136973628
3.904,0.3067189427380237
3.9050000000000002,0.08216293718551082
3.906,0.577048519181855
3.907,0.4032942311004496
3.908,0.431328332097007
3.9090000000000003,0.08153504125832144
3.91,0.09187919507437405
3.911,-0.19006569628770328
3.912,0.015184717097512901
3.9130000000000003,-0.3542154208952222
3.914,-0.2717113334561635
3.915,-0.7032767903579509
3.916,-0.05579622569929643
3.9170000000000003,-0.32581915422984886
3.918,-0.6677439328879157
3.919,-0.12010738034066637
3.92,0.07549192727105655
3.9210000000000003,-0.11621350107080758
3.922,0.6367740342792936
3.923,0.5178053708651956
3.924,0.6090410022151836
3.9250000000000003,0.6689915175980494
3.926,0.5019639545504703
3.927,0.6128292167895533
3.928,0.18450893440423238
3.9290000000000003,0.25818461075574534
3.93,0.17283753487779038
3.931,0.11875286679595093
3.932,-0.30415151470677476
3.9330000000000003,-0.514075668973801
3.934,-0.38963916383981617
3.935,-0.3386790726940112
3.936,-0.5103877200743688
3.9370000000000003,-0.6249540889658033
3.938,-0.03877911113926663
3.939,0.08492808227190932
3.94,-0.09464476461602968
3.9410000000000003,0.17355507562638076
3.942,0.29111411410624044
3.943,0.4695232508639716
3.944,0.5716446629513244
3.9450000000000003,0.1817754556388564
3.946,0.5409272073990984
3.947,0.4829221059955084
3.948,0.2391971103649741
3.9490000000000003,0.2553242697309855
3.95,0.3331781391472912
3.951,-0.3082708438433045
3.952,-0.2528778956047515
3.9530000000000003,-0.38007324246496715
3.954,-0.44555016846096634
3.955,-0.40560971593898487
3.956,-0.6122641873775092
3.9570000000000003,-0.4048389163006435
3.958,-0.583788599578793
3.959,-0.17831068255762741
3.96,0.05005626010399365
3.9610000000000003,0.0926323999175716
3.962,0.22617846882309683
3.963,0.2309334956950524
3.964,0.5758351273010692
3.9650000000000003,0.4426923289563479
3.966,0.5330729316846232
3.967,0.13926419192176692
3.968,0.400751938199587
3.969,0.1291040225683086
3.97,0.008344310999787323
3.971,-0.16906958602026306
3.972,-0.3608665634035695
3.973,-0.3683678298148571
3.974,-0.23004840678202038
3.975,-0.4531718435212259
3.976,-0.3591431250612776
3.977,-0.42064355757678545
3.978,-0.44039400057409694
3.979,0.0913350663917333
3.98,0.10440372915031743
3.981,-0.01951052892343136
3.982,0.5806182156905515
3.983,0.25314491009154694
3.984,0.4655050767016205
3.985,0.49722543507033495
3.986,0.415090660865581
3.987,0.4550499241615861
3.988,0.4804628869329842
3.989,-0.03382602975719104
3.99,0.24256391474522318
3.991,-0.013610381434371654
3.992,-0.3147483147612471
3.993,-0.4256159253962925
3.994,-0.13302994564969328
3.995,-0.4626640307476626
3.996,-0.17535330675042865
3.997,-0.256561313520018
3.998,-0.3874578183100152
3.999,-0.2994019663778586
4.0,-0.059354596537240886
4.001,0.6191022931068763
4.002,1.2356792173026985
4.003,1.8923027279804665
4.0040000000000004,1.450438637106821
4.005,1.6338137468868228
4.006,1.5171035669695252
4.007,1.1918952635902287
4.008,0.805232021804105
4.009,0.8172515120509546
4.01,0.7198131032405668
4.011,0.5534485217686422
4.0120000000000005,0.16526271970947098
4.013,0.4566855366158392
4.014,0.13247046120344752
4.015,-0.22500937441812488
4.016,-0.6296755635150842
4.017,-1.2882167068405614
4.018,-1.2464377030352911
4.019,-1.394547171333607
4.0200000000000005,-1.6825483776532677
4.021,-0.8336545284303254
4.022,-0.6386503545757439
4.023,0.14967322894317392
4.024,-0.052825243781057796
4.025,0.38372980132633255
4.026,0.34201907499546835
4.027,0.05046523073798015
4.0280000000000005,0.42836756983044766
4.029,-0.1425194850501309
4.03,-0.37710406525274986
4.031,-0.13277515711749532
4.032,0.2962988584444428
4.033,0.38366297439981845
4.034,0.6979798256133288
4.035,0.8108992032818705
4.0360000000000005,1.2133334375004656
4.037,1.0965509450806605
4.038,1.2715027592108985
4.039,0.6654281837345286
4.04,0.07754628205654748
4.041,0.28263615351316107
4.042,-0.10765972615226421
4.043,-0.2463540199491286
4.0440000000000005,0.7262098701217753
4.045,0.23337239256687564
4.046,0.15342143412510478
4.047,-0.0041775454233474035
4.048,-0.24743664604709326
4.049,-0.5700525778740475
4.05,-1.1301991373881421
4.051,-1.3703332607148233
4.0520000000000005,-1.526580617244999
4.053,-1.7652668966685578
4.054,-1.4836633441661737
4.055,-0.8462797864260494
4.056,-0.6232494780539997
4.057,0.19543674767400648
4.058,0.3983309101331338
4.059,0.8581638573508263
4.0600000000000005,0.9481379895778469
4.061,0.7533849171490314
4.062,1.326984597271805
4.063,0.9405504023838117
4.064,1.12401351038284
4.065,1.2205965878074068
4.066,1.224745780235603
4.067,1.4142624249026645
4.0680000000000005,1.0972131555003743
4.069,1.1418791715136236
4.07,0.9847042221392173
4.071,0.2721535483534532
4.072,-0.36815127528690555
4.073,-0.8431470760575962
4.074,-1.485642345047558
4.075,-1.3958954699753847
4.0760000000000005,-1.8430417633234863
4.077,-1.5416789669128903
4.078,-1.3486916258433705
4.079,-0.9635146589304361
4.08,-0.44302853405420706
4.081,-0.35260840947043587
4.082,-0.19812829644518218
4.083,-0.13347365886883672
4.0840000000000005,-0.3180146571793412
4.085,-0.3322435021619163
4.086,-0.17038444522577997
4.087,0.24897360551761288
4.088,0.44649037641046635
4.089,0.6816719900215381
4.09,0.8550982019145656
4.091,1.1660861069541606
4.0920000000000005,1.3593433548678004
4.093,1.3216287304903047
4.094,0.7296584459117821
4.095,0.3209227147926405
4.096,0.01428596093223694
4.097,-0.3100637478705765
4.098,-0.5366767971119899
4.099,-0.02097203341689774
4.1,0.12133445339895672
4.101,-0.014951965439417847
4.102,0.3276264095780788
4.103,0.39980609227964836
4.104,0.22784777066943449
4.105,-0.08174080650015259
4.106,-0.8669300255488258
4.107,-0.9852038567402572
4.108,-1.2408766047847755
4.109,-0.9378181543504391
4.11,-0.8777259990665118
4.111,-0.4016956329258433
4.112,-0.6431592335239747
4.113,-0.32325347471592036
4.114,0.12857781017382022
4.115,0.24096563102611226
4.116,-0.02956993432726608
4.117,-0.0520800223454632
4.118,0.0447033411096223
4.119,0.5919513960264888
4.12,0.7338031960372831
4.121,1.2408822449567367
4.122,1.2309724205095725
4.123,1.1084490715341815
4.124,1.8309821176194643
4.125,1.5495721052549418
4.126,1.4038133903092005
4.127,1.2598374650053643
4.128,0.26726844215296097
4.1290000000000004,-0.06382918345231958
4.13,-1.0767213128874709
4.131,-1.1770844974750716
4.132,-1.6228325314990562
4.133,-1.3509287956641445
4.134,-0.8321744208516522
4.135,-1.2272726616497218
4.136,-0.736692048295317
4.1370000000000005,-0.9921005302139984
4.138,-0.9551051832242515
4.139,-1.070317576123971
4.14,-1.1085858500443917
4.141,-0.47740762338322595
4.142,-0.3798585471497616
4.143,-0.02337174667855367
4.144,0.6466197305066532
4.1450000000000005,1.256909721019453
4.146,1.3833287644222405
4.147,2.0290352969935785
4.148,1.733234004624713
4.149,1.4814833921426485
4.15,0.6314193047970592
4.151,0.4290993352618063
4.152,-0.16992517251231748
4.1530000000000005,-0.09193030827913258
4.154,-0.422957271823153
4.155,-0.2157857786792765
4.156,-0.173745138044415
4.157,-0.5066394205894849
4.158,-0.35271549849811457
4.159,-0.3037487176393414
4.16,-0.49853964235414205
4.1610000000000005,-0.6193464943817256
4.162,-0.8448727147865058
4.163,-1.2035450760370743
4.164,-1.0499664599997993
4.165,-1.1966907717461608
4.166,-0.3308092891143133
4.167,-0.5385988400734423
4.168,-0.2576214606430799
4.1690000000000005,-0.09322724156887774
4.17,0.16931018952068672
4.171,-0.20703497299417267
4.172,-0.06266713124730258
4.173,-0.05795765129982544
4.174,-0.6539353070649891
4.175,-0.08866226074481487
4.176,0.0394447974428514
4.1770000000000005,0.6475895628668865
4.178,0.6102006283562542
4.179,1.474089827713463
4.18,1.352226953761536
4.181,1.743494825578915
4.182,1.1025312279959891
4.183,0.9573638445043329
4.184,0.5899432451341856
4.1850000000000005,0.17020267390400634
4.186,-0.4520816866230441
4.187,-0.34594601604035313
4.188,-0.45055068490716815
4.189,-0.7403403361327416
4.19,-0.7138182627136095
4.191,-0.8192240891592139
4.192,-0.7194060507644284
4.1930000000000005,-1.1226346351487344
4.194,-1.2447201199169196
4.195,-1.4555204880684411
4.196,-1.9503064757058435
4.197,-1.3930394493980052
4.198,-1.440553393558101
4.199,-0.4884462090869159
4.2,-0.2481886321448672
4.2010000000000005,0.5168293213956607
4.202,1.1355836243046107
4.203,2.0581247009629093
4.204,1.9858472766253659
4.205,1.413546455027522
4.206,1.555330629180192
4.207,1.0386931563777215
4.208,0.3822054410084949
4.2090000000000005,0.5184970123574368
4.21,0.5169830448033003
4.211,0.4952356915269845
4.212,0.4541413596263912
4.213,0.7139751783828034
4.214,-0.12500411023783822
4.215,-0.1853566656614956
4.216,-1.0076422060434886
4.2170000000000005,-1.4254709215124148
4.218,-1.2143996560103214
4.219,-1.5033422790868172
4.22,-1.5542690899921494
4.221,-1.4295820085487698
4.222,-0.6212378322569367
4.223,-0.02989515560602707
4.224,-0.13850784118845016
4.225,-0.10861156400550381
4.226,0.1325110398441483
4.227,0.1874399125946517
4.228,-0.018268917316125094
4.229,-0.09060032648164587
4.23,-0.2747599912545179
4.231,0.08982505028958335
4.232,0.18811005905501585
4.233,0.3274364496636548
4.234,0.8177965700359854
4.235,0.9435843881731325
4.236,1.0633516166914552
4.237,0.8301374797513247
4.238,0.8476141689027435
4.239,0.12854743171905586
4.24,0.2775605503662817
4.241,-0.12151025448791011
4.242,0.42701991482225166
4.243,-0.16717612673358093
4.244,0.045936586452012526
4.245,0.1619247082442056
4.246,0.31129650908378537
4.247,0.26757169616087617
4.248,-0.39532937742369906
4.249,-0.5372591172594053
4.25,-0.8014130243798897
4.251,-1.3275793029668659
4.252,-1.9197462183512533
4.253,-1.5230132430127261
4.2540000000000004,-1.3586655235787748
4.255,-0.8395667706808809
4.256,-0.21325308997868409
4.257,-0.23979682817101644
4.258,0.29819007694368627
4.259,0.5213124535073901
4.26,0.8020429747439937
4.261,1.009177802969067
4.2620000000000005,0.9957372052669102
4.263,1.0064350276664409
4.264,1.1501783149664169
4.265,0.7150167479031478
4.266,1.1965469589393907
4.267,1.1682330436774455
4.268,1.2179062368254467
4.269,1.3656263946824412
4.2700000000000005,0.8295652196078952
4.271,0.3626871303720068
4.272,-0.4388168593958041
4.273,-0.969577367130866
4.274,-1.250310193352114
4.275,-1.563254659293917
4.276,-2.0059753593225973
4.277,-1.3687952585698393
4.2780000000000005,-1.0888687277845586
4.279,-0.3721324385754806
4.28,-0.7158080208270595
4.281,-0.2527026640931304
4.282,-0.03613186690124254
4.283,-0.1111520460712223
4.284,-0.04307577017612744
4.285,-0.2914903905861142
4.2860000000000005,-0.07782319074743876
4.287,0.1900421724017907
4.288,0.12276122962927827
4.289,0.9160912709595423
4.29,1.0256035327838164
4.291,1.3925563567937453
4.292,1.3352117561447983
4.293,0.718065315684044
4.2940000000000005,0.38935931713159094
4.295,0.3760346634907733
4.296,-0.17185162051979458
4.297,0.0542579952871004
4.298,-0.40929395135190233
4.299,-0.17865212632566946
4.3,0.19057121588316975
4.301,0.60089438922563
4.3020000000000005,0.6321783237867815
4.303,-0.05846942806436706
4.304,-0.15308207625406153
4.305,-0.2877099779618848
4.306,-0.49404591018819555
4.307,-0.7825078572153529
4.308,-1.232564157933127
4.309,-1.1655882006644631
4.3100000000000005,-1.1407606710596085
4.311,-1.0308384027146766
4.312,-0.6374164864065737
4.313,-0.17275046429012625
4.314,0.09390567142348713
4.315,0.43026958609188687
4.316,0.026279284037718648
4.317,-0.2637850313967165
4.3180000000000005,0.304248144046131
4.319,0.25156943588433034
4.32,0.7645535069191862
4.321,0.7856528671460535
4.322,1.4600157179135447
4.323,1.3427102747057504
4.324,1.699288800645065
4.325,1.7034889466299694
4.3260000000000005,1.3925459908094215
4.327,1.1967719752058614
4.328,0.04587997766148444
4.329,-0.6315086258138074
4.33,-0.5837966766676934
4.331,-1.2355113955129877
4.332,-1.258470029751719
4.333,-1.7207274532697174
4.3340000000000005,-1.4305601946918456
4.335,-1.3593050869032655
4.336,-1.0100195756016446
4.337,-0.8575075149116672
4.338,-0.6942206335529733
4.339,-0.8939513754154303
4.34,-0.7795604584174763
4.341,-0.7176572513183501
4.3420000000000005,-0.22534913279722676
4.343,-0.09690288802934949
4.344,0.7059045028543531
4.345,0.9746040775687776
4.346,1.3158300475557554
4.347,1.6429732727816007
4.348,1.65094451904017
4.349,1.2875676535972906
4.3500000000000005,0.9197142611620168
4.351,0.32735938929817854
4.352,0.19060216338332858
4.353,0.21633675764759386
4.354,0.09371529139002588
4.355,0.10730076445274356
4.356,-0.46850721315550037
4.357,0.00889934559492955
4.358,0.1275878750856016
4.359,0.23709296073260627
4.36,-0.26353854782331465
4.361,-1.2634792020708296
4.362,-0.6682951132543598
4.363,-0.9560854209530114
4.364,-1.387925221738359
4.365,-0.38387806673559355
4.366,-0.8009696956623231
4.367,-0.1158083560044858
4.368,0.01589608391063764
4.369,-0.15711584362902908
4.37,-0.04855780169534238
4.371,0.12119484631191343
4.372,-0.4574439910531086
4.373,-0.23052225732732723
4.374,-0.3618362998311541
4.375,-0.17050425907466554
4.376,0.12312933433259565
4.377,0.08011853057832635
4.378,0.7768777506307045
4.3790000000000004,0.9689627614792788
4.38,0.980906642185899
4.381,1.3763382036067882
4.382,1.321837367712383
4.383,1.146435297636341
4.384,0.9558731928314761
4.385,0.319029651201175
4.386,-0.34909891182397385
4.3870000000000005,-0.16412563765514507
4.388,-0.8465617949802592
4.389,-0.6865491122855191
4.39,-0.7489467443447948
4.391,-0.26974893049901866
4.392,-0.7828665980168265
4.393,-1.174538564248184
4.394,-1.0109507993200628
4.3950000000000005,-1.7648518825300035
4.396,-1.4761168604790316
4.397,-1.212309051868885
4.398,-0.90073639226312
4.399,-0.5279391361252797
4.4,-0.02739702901226432
4.401,0.6325444206149791
4.402,0.8841860220756245
4.4030000000000005,1.4061646401903063
4.404,1.7049153497187821
4.405,1.7159197332511793
4.406,1.7317461007372659
4.407,0.884181182711945
4.408,0.533476720686781
4.409,0.4979822052699813
4.41,0.7421664670587429
4.4110000000000005,0.5564329179750348
4.412,0.5333039280693344
4.413,0.10687319995496108
4.414,0.20792442500745892
4.415,-0.37091278599077326
4.416,-0.2960688722145639
4.417,-1.2241225768068513
4.418,-1.3860654768482856
4.4190000000000005,-1.0146442777167677
4.42,-1.4853984105866247
4.421,-1.2153201002979723
4.422,-0.5106264787011472
4.423,-0.21428770956777982
4.424,0.3783123680795287
4.425,0.4837976429331474
4.426,0.3049278222155969
4.4270000000000005,0.02808474000183836
4.428,0.3521794203144295
4.429,0.44567488286968965
4.43,-0.40331462206418145
4.431,0.06112886928997005
4.432,0.02322510397448238
4.433,0.044195402493345914
4.434,0.7387370712487753
4.4350000000000005,1.1198852592510662
4.436,1.1119234371809013
4.437,1.115591129535969
4.438,1.0391231584489524
4.439,0.8926994342789862
4.44,0.3276839513568215
4.441,-0.022503685881322733
4.442,0.12040737417894845
4.4430000000000005,-0.031431705912779856
4.444,-0.2765334172181477
4.445,0.1957149289229919
4.446,0.24873490619490507
4.447,0.21267354397824792
4.448,-0.617273641096034
4.449,-0.31797449389760213
4.45,-1.3890492268890169
4.4510000000000005,-1.105305471463204
4.452,-1.4628260779274647
4.453,-1.8255538130798357
4.454,-1.443827624728514
4.455,-1.0400008381122692
4.456,-0.7011136701940609
4.457,0.26201020243908313
4.458,0.4877028730224814
4.4590000000000005,0.8380476762672043
4.46,0.8710888854181038
4.461,0.7534891755059825
4.462,1.1124556674379646
4.463,1.0459689674469501
4.464,1.3894684414075584
4.465,1.3139122334627373
4.466,1.20379767548444
4.4670000000000005,1.2975234767630237
4.468,1.2334869166263833
4.469,1.2726480705226833
4.47,0.6400050260909212
4.471,0.4035766971586576
4.472,-0.21981200183265978
4.473,-0.9167257140962584
4.474,-1.3253838846835977
4.4750000000000005,-1.6427380881719578
4.476,-1.8509640256436561
4.477,-1.4054203770045401
4.478,-1.1731788715444669
4.479,-0.4622494187233881
4.48,-0.46970162606778576
4.481,0.08989225499804376
4.482,0.16974442259774214
4.483,0.017023950598870713
4.484,0.1192310371977928
4.485,-0.2610763137361809
4.486,0.41309149725532174
4.487,0.11414068512714717
4.488,0.5205922544964607
4.489,0.7788126855444412
4.49,1.0920487894120725
4.491,1.481656992400606
4.492,1.4603077187446585
4.493,0.897318221029202
4.494,0.42949966853151345
4.495,0.28301949001654214
4.496,-0.586643495734266
4.497,-0.4351633079506262
4.498,-0.33677981664178663
4.499,0.05552729512940521
4.5,-0.19571003480016916
4.501,0.13300821392776074
4.502,0.3368086625103035
4.503,0.2519020768625412
4.5040000000000004,0.38689774745522826
4.505,-0.44023940849242293
4.506,-0.6605934294076419
4.507,-0.7697512632946395
4.508,-1.30317271716453
4.509,-1.2231688637719587
4.51,-1.373656510131951
4.511,-0.640831417307214
4.5120000000000005,-0.4718066844172088
4.513,-0.15096648989303424
4.514,0.28568246414226467
4.515,0.09308669887043414
4.516,0.4196264986286166
4.517,-0.07095621503533009
4.518,-0.2249320237712924
4.519,0.24444022828475118
4.5200000000000005,0.7466639512979945
4.521,0.9085264918449466
4.522,1.3106931585131776
4.523,1.6188616867277141
4.524,1.825479328887068
4.525,1.581424989202993
4.526,1.5986480717480305
4.527,0.996731186769789
4.5280000000000005,0.3173666405435732
4.529,-0.3574541645431186
4.53,-0.6578357316325479
4.531,-0.8862013064016576
4.532,-1.4521359224434123
4.533,-1.2295486024016298
4.534,-1.1873904731846328
4.535,-0.7771987479857492
4.5360000000000005,-0.8924472722933812
4.537,-0.9124079600805527
4.538,-1.155652623760381
4.539,-0.872588345882674
4.54,-0.777887544674909
4.541,-0.4970064764802211
4.542,-0.42181761932920875
4.543,0.10607878621995517
4.5440000000000005,0.6596659292585487
4.545,1.399961594291963
4.546,1.662827568671434
4.547,1.818596866000708
4.548,1.4088848924691455
4.549,1.5529455991584282
4.55,1.0210026507007834
4.551,0.28292244714385983
4.5520000000000005,0.0007084493440055739
4.553,0.10748302578253158
4.554,-0.1444381139009365
4.555,-0.2673649616124413
4.556,-0.010109246851316936
4.557,0.1753958287056392
4.558,-0.19770212102746415
4.559,-0.12304248385653052
4.5600000000000005,-0.2856884731968849
4.561,-0.24590421186565137
4.562,-1.0497408099510444
4.563,-1.3934955121126804
4.564,-1.2447893417956424
4.565,-0.9040716559572379
4.566,-0.2653293900654203
4.567,-0.370921972645765
4.5680000000000005,0.14655640474264645
4.569,0.1351012897384327
4.57,-0.03832905371166015
4.571,0.13210606743659165
4.572,-0.0007876536870001227
4.573,0.2232853088345106
4.574,-0.44786028676178297
4.575,-0.4899066524057243
4.5760000000000005,-0.03994809015878906
4.577,0.3219260679974933
4.578,0.6523233913832005
4.579,1.1508416478713186
4.58,1.6135069938604971
4.581,1.6247939807811207
4.582,1.1293270552288068
4.583,0.9854593309668163
4.5840000000000005,0.7330971773630086
4.585,-0.12494044642262303
4.586,-0.14426474270408896
4.587,-0.35735522696075994
4.588,-0.6313817103505273
4.589,-0.5904005586073672
4.59,-0.3674433657297864
4.591,-0.46466516674885827
4.5920000000000005,-0.43697853834135025
4.593,-1.0092873679687127
4.594,-1.535064992442233
4.595,-2.033572272349142
4.596,-1.4363450617218263
4.597,-1.3464627783322656
4.598,-1.086164255079738
4.599,-0.7595617758731441
4.6000000000000005,0.039027045079450616
4.601,0.6539793785372255
4.602,1.089353883328236
4.603,1.1877424855026042
4.604,1.7426928271097015
4.605,1.3458722766003162
4.606,1.4217683709067215
4.607,0.9217503568848089
4.6080000000000005,0.7993218803396648
4.609,0.6373796701847034
4.61,0.798226064422178
4.611,0.48678765456696893
4.612,-0.011379567378370314
4.613,0.31885006508278435
4.614,0.1027131952984345
4.615,-0.4681270874310479
4.616,-0.8619121136522376
4.617,-1.3028616251287322
4.618,-1.5148824802269178
4.619,-1.4881705927373492
4.62,-1.876378729682785
4.621,-1.3421356222520862
4.622,-1.057538322875581
4.623,-0.11615780303211276
4.624,-0.01357406715045921
4.625,0.25787468068030295
4.626,0.31669535757023815
4.627,0.3270521291073799
4.628,0.2012482503887697
4.6290000000000004,0.014291663813566335
4.63,-0.334901686922651
4.631,0.08878155337235519
4.632,0.20344699358561977
4.633,0.38144278768638384
4.634,0.5236784693677802
4.635,0.49024644038901904
4.636,1.2867275075670648
4.6370000000000005,0.7440266835851533
4.638,0.8944575349194307
4.639,0.6219416032986436
4.64,0.3827045149175185
4.641,0.15612658473855617
4.642,-0.23159544192126238
4.643,-0.14237470683815995
4.644,-0.005857997009043228
4.6450000000000005,0.3900736358500162
4.646,0.39596104231681056
4.647,0.50965255454659
4.648,0.03458659300729641
4.649,-0.5236134180258967
4.65,-0.7289317094110276
4.651,-1.0735893256417257
4.652,-1.8866421674126301
4.6530000000000005,-1.8030007303864255
4.654,-1.5013438168205864
4.655,-1.386259560175679
4.656,-0.2916950813131141
4.657,-0.20305451738581254
4.658,0.41797351015200307
4.659,0.4178045154407771
4.66,0.9361484440731287
4.6610000000000005,0.8612021690089359
4.662,0.9606480857004379
4.663,0.7646279281236387
4.664,0.9436662426168806
4.665,0.6764590194489196
4.666,1.0334831874258843
4.667,1.4818958714291404
4.668,1.1317753871522358
4.6690000000000005,1.3923163747691567
4.67,0.8254279291759308
4.671,0.3543130975565044
4.672,-0.5653475387547888
4.673,-1.0159937462430486
4.674,-1.597711676085324
4.675,-1.6161004089340063
4.676,-1.6613410738618086
4.6770000000000005,-1.5799916602258646
4.678,-1.4424050378489324
4.679,-1.0050608273139823
4.68,-0.5534704190088562
4.681,-0.007643421793944449
4.682,-0.1780110091297847
4.683,-0.2177371593290156
4.684,-0.2271743407660456
4.6850000000000005,-0.11290233483207121
4.686,-0.009803205547047299
4.687,0.5817230428336135
4.688,0.07556828852040376
4.689,0.8302656124810907
4.69,1.1597777350741585
4.691,1.212715809447111
4.692,1.3844226323757565
4.6930000000000005,0.8136767229157473
4.694,0.625409953273506
4.695,0.25176083515550307
4.696,-0.08650433000606997
4.697,-0.14003473494942528
4.698,-0.5428478203640305
4.699,-0.23198199362150312
4.7,0.22192861631614982
4.7010000000000005,0.04417601891571296
4.702,-0.03359699013020617
4.703,0.11196261098477914
4.704,0.20658381285247923
4.705,-0.5988375810226547
4.706,-0.8092043212173515
4.707,-0.8979045041483611
4.708,-1.0261156323156768
4.7090000000000005,-1.3273644207654898
4.71,-1.1569588053360496
4.711,-0.7584242856567783
4.712,-0.2706741055136009
4.713,-0.6355533817057828
4.714,-0.3091391171830971
4.715,-0.09894365501755079
4.716,0.10338396965639281
4.7170000000000005,0.07852678860457085
4.718,0.07002073713479573
4.719,-0.1370535599488712
4.72,0.28168884313135134
4.721,0.8033946188056548
4.722,1.2443166955645075
4.723,1.3839576264747842
4.724,1.4583536485192852
4.7250000000000005,1.8102267107672485
4.726,1.5300786510317659
4.727,1.1379806143927218
4.728,0.3788514944396877
4.729,-0.28727231461682246
4.73,-0.70879305988945
4.731,-1.1685235150164677
4.732,-1.0608555891006413
4.7330000000000005,-1.5844693156929246
4.734,-0.9112561369509733
4.735,-1.3682889343410871
4.736,-1.0117884440918667
4.737,-0.7221368139892055
4.738,-0.6995887237161946
4.739,-0.927618938362861
4.74,-0.9500561211128907
4.741,-0.31882295692802165
4.742,-0.5823311413454509
4.743,0.3041669525695265
4.744,0.654708825016368
4.745,1.0892843123660298
4.746,1.955599180421266
4.747,1.632067700826752
4.748,1.780137480785837
4.749,1.4229931006850278
4.75,0.8255345519180369
4.751,0.6175194087630438
4.752,0.13460092913377092
4.753,-0.41618433236805086
4.7540000000000004,-0.21279606666796308
4.755,-0.42657037613408283
4.756,-0.07477106312195769
4.757,0.07998770530332053
4.758,-0.21965424057260705
4.759,-0.17296739746255435
4.76,-0.13579557452784194
4.761,-0.3038968619741473
4.7620000000000005,-0.5080606753557498
4.763,-1.1343313656634968
4.764,-1.0999385801249635
4.765,-1.0883825186519749
4.766,-1.0021139285601615
4.767,-0.5838053315452371
4.768,-0.2171534476655697
4.769,0.3826607929329058
4.7700000000000005,-0.1470731245239983
4.771,0.16715162375043352
4.772,-0.1005800453389824
4.773,-0.7659729891979765
4.774,-0.3478571212204807
4.775,-0.07155097514691702
4.776,0.08288660648008889
4.777,0.03353685783500643
4.7780000000000005,0.7686325371287815
4.779,1.1731867865856762
4.78,1.0593241911002256
4.781,1.3437451687672177
4.782,1.9296081589488714
4.783,0.8938696972408657
4.784,1.025745011862844
4.785,0.39919160994798225
4.7860000000000005,-0.13176377260991018
4.787,-0.38157341041680753
4.788,-0.10313465241079911
4.789,-0.3536596675517149
4.79,-0.25934079463125237
4.791,-0.491814545169274
4.792,-0.9453604171701783
4.793,-1.0396416405401685
4.7940000000000005,-0.9002000474584414
4.795,-1.9492467359782482
4.796,-1.5049211814124819
4.797,-1.4081320177784327
4.798,-1.0850647979004207
4.799,-0.6882143999507907
4.8,-0.11853172926601535
4.801,1.1787807580510714
4.8020000000000005,1.3270120246684698
4.803,1.0251174654221327
4.804,1.4016225790813088
4.805,1.8075584078302287
4.806,1.421314576386504
4.807,0.7483144038624634
4.808,0.8816879825260099
4.809,0.7647923680300149
4.8100000000000005,0.4885525422295266
4.811,0.7618694825848877
4.812,0.7152449102464
4.813,0.36876334745372275
4.814,-0.1144691913022832
4.815,-0.05767240175180338
4.816,-0.6450988788962094
4.817,-0.8846725891072047
4.8180000000000005,-1.359709789786321
4.819,-1.6013437072084953
4.82,-1.432800083524364
4.821,-1.089373653588368
4.822,-0.37057312115879176
4.823,0.14094088697515594
4.824,0.03251690302217518
4.825,0.27396579481264327
4.8260000000000005,0.14388748702789952
4.827,0.028952841519637923
4.828,-0.07305223643411832
4.829,-0.39700205351222995
4.83,0.013309094330693244
4.831,-0.10521025624937025
4.832,0.019851255846011478
4.833,0.13753122692283817
4.8340000000000005,0.7637069558568178
4.835,0.9272458132690679
4.836,0.924325276973378
4.837,1.0627952612383371
4.838,1.0320228444696304
4.839,0.5018956614197906
4.84,0.49269102073942705
4.841,0.10958656303109483
4.8420000000000005,0.33995296025140725
4.843,0.30657222150953867
4.844,0.0508066705125241
4.845,0.3280828699118903
4.846,0.4243669142919301
4.847,0.08418258844380638
4.848,-0.1439778197847618
4.849,-0.22733184530232542
4.8500000000000005,-1.4064188550558256
4.851,-1.5353168858000876
4.852,-1.2952470571424464
4.853,-1.7325116254170465
4.854,-1.551499826837175
4.855,-1.014138796700033
4.856,-0.819612694049646
4.857,0.0431603598542703
4.8580000000000005,0.3391852362433596
4.859,0.7777595482853003
4.86,1.0034979024372919
4.861,0.7976055374864766
4.862,1.073947077508147
4.863,0.8832337239318274
4.864,1.2360874014753491
4.865,1.2620875466220431
4.866,1.4939271852297937
4.867,1.1023789469278134
4.868,1.5665669378256941
4.869,0.8105065570252077
4.87,0.8273282865534686
4.871,0.5357890053557817
4.872,-0.6555205775785414
4.873,-0.9239505509341008
4.874,-1.6935216434926714
4.875,-2.066155442323919
4.876,-1.809910151664071
4.877,-1.6517564196914571
4.878,-1.1823164056549158
4.8790000000000004,-1.0855860590443935
4.88,-0.539932161737731
4.881,-0.1174613518805239
4.882,0.021938054212032973
4.883,0.0028697543484924176
4.884,0.16824533919241497
4.885,-0.12264389147594118
4.886,-0.32253214863928925
4.8870000000000005,0.27924680993506357
4.888,0.4112363427657573
4.889,1.1086773584774388
4.89,1.1079470148244905
4.891,1.1221666088535658
4.892,0.9733524578932571
4.893,1.4589024861807987
4.894,0.8307103609191331
4.8950000000000005,0.4234204606254178
4.896,-0.04711837894684154
4.897,-0.28686857865882137
4.898,-0.26443925658094874
4.899,-0.23861375517242156
4.9,-0.003311654836948559
4.901,0.20842355982279992
4.902,0.4854591159315686
4.9030000000000005,0.31329962569349035
4.904,0.09459254929572315
4.905,-0.2159604725953883
4.906,-0.6604371243303068
4.907,-0.9487365619293749
4.908,-1.1143378005267193
4.909,-1.4497967016957747
4.91,-1.5227063947926427
4.9110000000000005,-1.1221383729100973
4.912,-0.49870506063621456
4.913,-0.14486835876997833
4.914,-0.05388448422320157
4.915,-0.047205300328871075
4.916,0.06930052216625368
4.917,0.10265404511259718
4.918,0.09970673402664404
4.9190000000000005,0.3700357615633122
4.92,0.5381933050413811
4.921,0.696234368207742
4.922,1.2678730483038605
4.923,1.4763264158800922
4.924,1.9719596252923477
4.925,1.744622388185508
4.926,1.2018916858265631
4.9270000000000005,0.9956706733091376
4.928,0.5907171052549764
4.929,-0.2918012468560467
4.93,-0.8893671046804945
4.931,-1.077971303935849
4.932,-1.6218205216536945
4.933,-1.5175949612884125
4.934,-1.452766553769337
4.9350000000000005,-0.8380386148145355
4.936,-0.791500489305144
4.937,-0.6722141896133844
4.938,-0.8573586318572031
4.939,-1.1270908269460176
4.94,-0.8044000491619383
4.941,-0.9304926673712808
4.942,-0.288739868968961
4.9430000000000005,0.1066995236535006
4.944,0.7265802372987434
4.945,0.6628376305510857
4.946,1.0910312798968276
4.947,1.3949772007314722
4.948,1.605002038679599
4.949,1.325651925568989
4.95,1.1767709004154905
4.9510000000000005,0.4723594804268968
4.952,0.018720694495105356
4.953,-0.10944874456254118
4.954,-0.25737494007261413
4.955,0.059354059708384976
4.956,-0.042971682599130485
4.957,-0.019835398025717536
4.958,0.2907632172823912
4.9590000000000005,-0.4650610414895193
4.96,-0.34702687730669407
4.961,-0.9807987767413616
4.962,-1.0837293156969923
4.963,-0.8313088976964806
4.964,-1.1433519578837308
4.965,-1.0497281086364252
4.966,-0.7225309982259696
4.9670000000000005,-0.426086522393213
4.968,-0.2859440478115065
4.969,-0.17360443002318593
4.97,0.07770251886654597
4.971,-0.06013781632975501
4.972,-0.17108141468112348
4.973,-0.480247537984065
4.974,-0.433042346305009
4.9750000000000005,-0.3731222919250303
4.976,-0.35388646387893374
4.977,0.22134095813057575
4.978,0.6025080816006172
4.979,1.3669477900060372
4.98,1.3101953076850366
4.981,1.611732210367896
4.982,1.3871280413512657
4.9830000000000005,1.0664064117711116
4.984,0.6643470059359218
4.985,0.3920447077128689
4.986,-0.018211256320121605
4.987,0.032348553411934655
4.988,-0.8206548165002352
4.989,-0.5284254216467007
4.99,-0.5875913565147316
4.9910000000000005,-0.6598202028462282
4.992,-0.7472035101146972
4.993,-1.0314838395927488
4.994,-1.0144747356782131
4.995,-1.5817703280894975
4.996,-1.468413454403377
4.997,-1.3758263708403184
4.998,-1.1946458756230718
4.999,-0.5735484920753842
5.0,-0.07474965434161963
5.001,0.6377600211003803
5.002,1.1109106976240548
5.003,1.3386312236908067
5.0040000000000004,1.701121670826561
5.005,1.6402282075932888
5.006,1.213937599085633
5.007,0.9439528998638742
5.008,0.8755565605811664
5.009,0.677268196003759
5.01,0.4071913535859416
5.011,0.39008649001880813
5.0120000000000005,0.754009018532881
5.013,-0.03701718738643489
5.014,0.013623603531499814
5.015,-0.47192059967229716
5.016,-0.9336741915122226
5.017,-0.9591798861539778
5.018,-1.4630852039102866
5.019,-1.66236754671757
5.0200000000000005,-1.8365783700265257
5.021,-0.958857009326322
5.022,-0.8189028150328072
5.023,-0.4322406105023094
5.024,-0.1493997038672535
5.025,0.13689278736355798
5.026,0.2268220128422702
5.027,0.5917858139625025
5.0280000000000005,0.3580446353081015
5.029,0.10324894745650989
5.03,-0.2212093524977473
5.031,-0.45786486540996196
5.032,-0.04018211474493283
5.033,0.12527893470963902
5.034,0.8473749498107448
5.035,1.048654206319907
5.0360000000000005,0.9646473270924982
5.037,1.2412907897635703
5.038,0.6932849631497934
5.039,0.7109544958466261
5.04,0.15522331179920773
5.041,0.07300983029691151
5.042,-0.13392342711232544
5.043,-0.049067138957847894
5.0440000000000005,0.47956053569172546
5.045,0.26163464652429486
5.046,0.15704113651712096
5.047,0.6573062350554877
5.048,-0.279534368083367
5.049,-0.5686304470491678
5.05,-0.7818850449307018
5.051,-1.5886009088903195
5.0520000000000005,-1.4264300812654533
5.053,-1.9796839721116113
5.054,-1.4232340747770085
5.055,-1.2565242453624492
5.056,-0.6413953976120151
5.057,0.3389980068699031
5.058,0.18935478111542597
5.059,0.6362157687759982
5.0600000000000005,1.0054089946028422
5.061,0.7927812716519352
5.062,1.2949452924130016
5.063,0.7822469876216165
5.064,0.6951164709800941
5.065,1.1106515668348043
5.066,1.3801038107413612
5.067,1.4486171216220016
5.0680000000000005,1.725842992052615
5.069,0.877406434855247
5.07,0.767914328821014
5.071,0.06823435538600503
5.072,-0.3077410274865159
5.073,-1.031976668333012
5.074,-1.463519600123972
5.075,-1.8528105592199255
5.0760000000000005,-1.4876055852276044
5.077,-1.4101296954469338
5.078,-1.0904968794362915
5.079,-0.5744239548101346
5.08,-0.43522876419629714
5.081,-0.3614498085468545
5.082,0.12286316471541198
5.083,-0.1118631230874075
5.0840000000000005,0.007207634656482165
5.085,-0.16115803978325927
5.086,0.36086640533649295
5.087,0.30647041513125833
5.088,0.25393828838515436
5.089,0.9859920209301664
5.09,1.3313224047833105
5.091,1.2199646212644046
5.0920000000000005,1.3312704629691043
5.093,1.1295036982419298
5.094,0.294353425011723
5.095,0.7218963679027084
5.096,-0.027474058047211064
5.097,-0.2542895109319877
5.098,-0.3620739585185368
5.099,-0.3713856571057315
5.1000000000000005,0.04076688471673308
5.101,0.2200844818943566
5.102,0.5151007769930324
5.103,0.6908786288940065
5.104,0.3240263062567921
5.105,-0.029939022827059264
5.106,-0.7719266000149207
5.107,-0.9778005719580731
5.1080000000000005,-1.1778648018054274
5.109,-1.0817614298886513
5.11,-0.8905402514238013
5.111,-0.8711070102626726
5.112,-0.5086154482186261
5.113,-0.4630842337413306
5.114,0.07328563680859111
5.115,0.4736790496241804
5.1160000000000005,0.07318959873646573
5.117,-0.19208410145197802
5.118,0.4143704893899294
5.119,0.14687324987787273
5.12,0.4942915804620792
5.121,0.611305325573951
5.122,1.3921581414538566
5.123,1.541923922898407
5.124,1.3686881128937622
5.125,1.8000988527809936
5.126,1.4325993135407258
5.127,0.8044728785356766
5.128,0.3206626348415441
5.1290000000000004,-0.4288470162081317
5.13,-0.7038514376479608
5.131,-0.9955487302663949
5.132,-1.446154862882417
5.133,-1.4177901276729208
5.134,-1.128935487274166
5.135,-0.976636587755916
5.136,-0.9869583684012283
5.1370000000000005,-0.8925411467086876
5.138,-0.876815743630361
5.139,-0.9009691431531132
5.14,-0.8026071392757976
5.141,-0.4817352563942049
5.142,-0.4150309862311613
5.143,0.11295365655023897
5.144,0.7845280692314163
5.1450000000000005,1.113173427297105
5.146,1.9966211557030316
5.147,2.0525002195124564
5.148,1.607268154145407
5.149,1.369245883747712
5.15,1.17372331693718
5.151,0.4314287411296044
5.152,0.3842035028329839
5.1530000000000005,-0.01062125490547973
5.154,-0.2534911981189222
5.155,-0.3391616434614103
5.156,-0.43590704836526706
5.157,0.34726640109697
5.158,0.01181378272884662
5.159,0.21257036099664486
5.16,-0.31020015529603895
5.1610000000000005,-0.6692792373377867
5.162,-0.7916316955638402
5.163,-0.8952284574301292
5.164,-1.1146227085458513
5.165,-0.6585726521397772
5.166,-0.6408784754225527
5.167,-0.495591455001555
5.168,-0.04910525422345685
5.1690000000000005,0.1719831991002358
5.17,0.19253600481222813
5.171,0.26560409001602814
5.172,-0.18243525581915757
5.173,-0.03529578761039584
5.174,-0.3008206359345839
5.175,-0.4394679091247271
5.176,-0.03901164872684748
5.1770000000000005,0.08635147600415596
5.178,0.6589293313408703
5.179,1.3080920065149138
5.18,1.1967997741742866
5.181,1.6175199962100655
5.182,1.2582812179374137
5.183,1.0183559630409575
5.184,0.7041211411649244
5.1850000000000005,0.40335074366102447
5.186,-0.29926582243136346
5.187,-1.0193936901434846
5.188,-0.22091198239682233
5.189,-0.5112482767752189
5.19,-0.7866395698523305
5.191,-0.4720011262847149
5.192,-0.5872094989802037
5.1930000000000005,-1.0303232946222316
5.194,-1.5899699703780188
5.195,-1.6802477524633306
5.196,-1.6869128527493709
5.197,-1.4353357595205787
5.198,-1.1460909405012096
5.199,-1.0110752321149148
5.2,0.2970959736226759
5.2010000000000005,0.47881289472455985
5.202,1.1802716188412155
5.203,1.599750313525396
5.204,1.9291023918787924
5.205,1.6739385498553356
5.206,1.396866119971562
5.207,1.0936562712911404
5.208,0.7178739909866854
5.2090000000000005,0.6916225839751806
5.21,0.4521245847386326
5.211,0.2962743458270697
5.212,0.42034122525732537
5.213,0.09514695134681281
5.214,0.020787830952874148
5.215,-0.03544474641985168
5.216,-0.6249358360857776
5.2170000000000005,-0.9155398461948261
5.218,-1.5330135301895602
5.219,-1.3727104855789567
5.22,-1.2428833902805994
5.221,-0.9202563516062487
5.222,-0.7497514697224787
5.223,-0.21219805389198268
5.224,0.0561741194086255
5.2250000000000005,0.3103892396645795
5.226,0.5571181334339197
5.227,0.42694271860749056
5.228,0.05726598243991463
5.229,-0.004359677202633791
5.23,-0.2912536883438502
5.231,0.23862427139008963
5.232,0.21539633816698223
5.2330000000000005,0.21870463717490912
5.234,0.6892520386809269
5.235,1.2719538168375961
5.236,0.675370308268834
5.237,1.1212943213850315
5.238,0.7126564317965008
5.239,0.2870406969093829
5.24,0.21616569568245786
5.2410000000000005,0.23658558232747734
5.242,0.2220532547191806
5.243,0.16005205176553866
5.244,-0.161628573254874
5.245,0.05510127856820607
5.246,0.1947561678157655
5.247,-0.04991759942149865
5.248,-0.18815136946866926
5.249,-0.4651279149981944
5.25,-1.0605612492620553
5.251,-1.2489166319715963
5.252,-1.5780714086958967
5.253,-1.7293028072564893
5.2540000000000004,-1.4617570072443726
5.255,-0.936882691819161
5.256,-0.48847433875375523
5.257,0.1299653490972505
5.258,0.32220117148843636
5.259,0.4382258688015779
5.26,0.5833306172790504
5.261,0.7816051455931909
5.2620000000000005,1.2196562050942374
5.263,0.7593414837113153
5.264,0.8171945254907951
5.265,0.851442201013478
5.266,1.2025441137474562
5.267,1.467408447665821
5.268,1.289716595983771
5.269,1.0540737956758484
5.2700000000000005,0.86720276892945
5.271,0.30765254611226256
5.272,-0.4942820295307475
5.273,-0.886049340948731
5.274,-1.8126633150334805
5.275,-1.540630351573102
5.276,-1.6627078246840907
5.277,-1.416660192953515
5.2780000000000005,-1.3566701314283103
5.279,-0.8658637474856113
5.28,-0.8132750229902324
5.281,-0.18166806119743023
5.282,-0.3801574169430882
5.283,0.062064977689616996
5.284,-0.2813926854834563
5.285,-0.26160645356303325
5.2860000000000005,0.06027003697533148
5.287,0.10666179729941988
5.288,0.6524096700124112
5.289,0.4771034625174372
5.29,1.2483700922817216
5.291,1.2844796646885066
5.292,1.2072135804734068
5.293,0.977358981834697
5.2940000000000005,0.3369801158785592
5.295,0.15673058869327156
5.296,-0.44752930607853253
5.297,-0.443997467472642
5.298,-0.09466820595781089
5.299,-0.3031024960900207
5.3,-0.09990126763200194
5.301,0.40007257276718095
5.3020000000000005,0.6836057821388534
5.303,0.20310913695697563
5.304,0.26767286594855444
5.305,0.08319611293012352
5.306,-0.5577976168641658
5.307,-1.2426419790700123
5.308,-1.5343718001523876
5.309,-1.2603133326496319
5.3100000000000005,-1.2480833776357156
5.311,-0.9389599973794325
5.312,-0.639210881274134
5.313,-0.6703806347033722
5.314,-0.1333543973313871
5.315,-0.23084565703650484
5.316,0.0291881473380671
5.317,0.13990570100316968
5.3180000000000005,0.5236908431307988
5.319,-0.04763398846405467
5.32,0.4845402560877882
5.321,0.7254191766795034
5.322,0.9067860380253484
5.323,1.714799638125343
5.324,1.7017727863758159
5.325,1.9099283824304933
5.3260000000000005,1.3494187255073997
5.327,0.9496626697833925
5.328,0.38345321918189723
5.329,-0.29171132127058497
5.33,-0.4691703769363915
5.331,-1.1990527721842192
5.332,-1.1786781426430069
5.333,-1.3502274235813667
5.3340000000000005,-0.8620169624812334
5.335,-1.2731727121970016
5.336,-1.2555078527758576
5.337,-0.7957754679441408
5.338,-1.0361767364115964
5.339,-0.9457959333198893
5.34,-0.9597557969480544
5.341,-0.47199830318015856
5.3420000000000005,-0.39064666830926825
5.343,-0.05747663601418271
5.344,0.33300722474361555
5.345,1.1424150344106128
5.346,1.6816010486443433
5.347,1.7346651090077065
5.348,1.8482605248621986
5.349,1.45510927915773
5.3500000000000005,1.0138541174179563
5.351,0.3856050195433096
5.352,0.34330860602311186
5.353,-0.274964141890629
5.354,-0.03822768293786724
5.355,-0.2417347699238963
5.356,-0.16708766023105143
5.357,-0.13541844918120866
5.3580000000000005,0.18529053471982151
5.359,-0.3706965545581618
5.36,-0.5935965086095445
5.361,-0.4516338416290989
5.362,-0.7524099793632427
5.363,-0.763091554819976
5.364,-0.6974804525285907
5.365,-1.1116296162944046
5.3660000000000005,-0.6949569741783924
5.367,-0.20820301615488918
5.368,-0.10865531091721992
5.369,0.03191197915493463
5.37,0.14325940853688843
5.371,-0.29858731712692144
5.372,-0.4346571604134572
5.373,-0.14029152025738448
5.3740000000000006,-0.18999336918632279
5.375,-0.23304153040238784
5.376,0.1811534505807663
5.377,0.5768612503233532
5.378,0.9450816182548558
5.3790000000000004,1.0492211061585905
5.38,1.9120277838342807
5.381,1.1817556461189946
5.382,1.3695374656478159
5.383,1.3210456113221591
5.384,0.6545445238964148
5.385,0.4701038527113311
5.386,-0.3434839825472123
5.3870000000000005,-0.2296846824163271
5.388,-0.6007759752062498
5.389,-0.4710778163910975
5.39,-0.7131924049417167
5.391,-0.2557374108018413
5.392,-1.305005705539339
5.393,-1.3633711304896656
5.394,-1.3514914232746689
5.3950000000000005,-1.7004865701092045
5.396,-1.8659466348826546
5.397,-1.1163569948574954
5.398,-1.2745931474768144
5.399,-0.3737279028155061
5.4,0.12740456583675008
5.401,0.630264613712495
5.402,1.1070711216984388
5.4030000000000005,1.368778343605602
5.404,1.5004557645352548
5.405,0.9284992491788269
5.406,1.2151758329430569
5.407,1.21159043429986
5.408,0.9129409425984853
5.409,0.77151586730199
5.41,0.7127624192953902
5.4110000000000005,0.4665902295397848
5.412,0.6091591496473955
5.413,0.02364585548670145
5.414,0.03960478281998798
5.415,-0.6872385166538175
5.416,-0.6084470027454919
5.417,-1.1600907684670319
5.418,-1.541366352814451
5.4190000000000005,-1.634882754253986
5.42,-1.5190647309046552
5.421,-1.3850778637307968
5.422,-0.7658739356722006
5.423,-0.4437870235347754
5.424,0.09465851205728432
5.425,-0.01036730808685582
5.426,0.525363129499303
5.4270000000000005,0.11625097438716356
5.428,0.36297746284515275
5.429,-0.3525004242818437
5.43,-0.355494429748901
5.431,-0.36610683330952093
5.432,0.35703055890953533
5.433,0.6342372749057269
5.434,0.580390554111891
5.4350000000000005,0.6903168160322751
5.436,0.46119014608040365
5.437,1.0926520978388732
5.438,0.8470641144972128
5.439,0.8555769873598669
5.44,0.4840850370974751
5.441,-0.11545543408015815
5.442,0.10036538491011265
5.4430000000000005,-0.3035945750258994
5.444,0.021117883191772116
5.445,0.37290467886614764
5.446,0.35936091787245067
5.447,0.08966975620735375
5.448,-0.27266689558920254
5.449,-0.53024501459723
5.45,-1.0343076859284057
5.4510000000000005,-1.3080578854575133
5.452,-1.9316653561670312
5.453,-1.686396369293258
5.454,-1.4514447481759367
5.455,-1.1146864694418865
5.456,-0.29058958971557286
5.457,-0.06867973810707717
5.458,0.6151860738076302
5.4590000000000005,0.6231161776343375
5.46,0.7573968730511493
5.461,0.7193499106449865
5.462,1.0049014210291263
5.463,1.0316402066680264
5.464,1.0872939050203512
5.465,1.1599198030717492
5.466,1.2120137778701732
5.4670000000000005,1.2060608610412156
5.468,1.6525094465016825
5.469,1.0184061650322298
5.47,1.0444430613156408
5.471,0.25167581916226367
5.472,-0.8742269870948152
5.473,-0.9004087487611778
5.474,-1.5332216778130587
5.4750000000000005,-1.752626609734833
5.476,-1.8281163674922292
5.477,-1.6635260595952726
5.478,-1.2114412167752013
5.479,-0.9433738470780453
5.48,-0.6152780013786304
5.481,-0.38927580490375163
5.482,-0.28569529922116643
5.4830000000000005,-0.17481584350817592
5.484,-0.10252909695322998
5.485,-0.6116551024216336
5.486,0.07549332737945322
5.487,0.42562868005328225
5.488,0.4640713838509967
5.489,0.7064069058935241
5.49,0.8548791331378643
5.4910000000000005,1.0093933106850357
5.492,1.1691200932347459
5.493,0.9749184077132081
5.494,0.6691220832615407
5.495,0.20661190214158776
5.496,0.2050273623324249
5.497,-0.3795713864856901
5.498,-0.46416002932452083
5.4990000000000006,-0.2907194216117864
5.5,-0.1103668966488905
5.501,0.08695553904629102
5.502,0.29892933499513563
5.503,0.437252929908868
5.5040000000000004,0.14473185164721983
5.505,-0.016839156713038816
5.506,-0.48161445944599246
5.507,-1.039582962824553
5.508,-1.022255191662777
5.509,-0.9428843280418975
5.51,-1.1950193701805543
5.511,-1.1236109748368182
5.5120000000000005,-0.5738380364876465
5.513,-0.6080801589292498
5.514,-0.010180623812905541
5.515,0.5031598661893935
5.516,0.31524102703173307
5.517,0.14658675770125495
5.518,0.20202090266588424
5.519,0.32998276615905164
5.5200000000000005,0.37010560634028977
5.521,0.5829408152940618
5.522,1.3515430234457377
5.523,1.6150872773218503
5.524,1.6695407417908739
5.525,1.9800891470273645
5.526,1.517199116188905
5.527,0.6779366412426586
5.5280000000000005,0.21732271593800798
5.529,-0.22654462667852854
5.53,-0.8108924930823641
5.531,-1.095049829831159
5.532,-1.0072802291263954
5.533,-1.4764639367591146
5.534,-1.6291791009160819
5.535,-1.0706065444733324
5.5360000000000005,-0.6739990223250213
5.537,-0.7905602086014681
5.538,-0.9358900536893698
5.539,-0.7335025229619362
5.54,-0.7771004321034828
5.541,-0.6605064078898771
5.542,-0.41542333763878625
5.543,0.21151300917067578
5.5440000000000005,0.38723499435643927
5.545,1.085814768338182
5.546,1.579452261876034
5.547,1.982332926211292
5.548,1.7711999739720135
5.549,1.4617713603845313
5.55,0.995065156350899
5.551,0.5921388126574275
5.5520000000000005,0.1878584896184476
5.553,-0.2826678817674093
5.554,0.09751279702877574
5.555,-0.0895284672926593
5.556,-0.4402845660326097
5.557,0.22569881098722572
5.558,-0.1727751353576568
5.559,0.22538352960169075
5.5600000000000005,-0.06372626081138028
5.561,-0.6882806333974977
5.562,-0.824745337909682
5.563,-1.250128762406997
5.564,-1.2756764503919857
5.565,-0.7688464363390825
5.566,-0.5262616049353037
5.567,-0.19082326808438743
5.5680000000000005,-0.28173802424152117
5.569,0.06540463216023293
5.57,0.5560182326183808
5.571,-0.13888263272077514
5.572,0.0013410477519472108
5.573,-0.44491136528979347
5.574,-0.26849852553488496
5.575,-0.36205481007769985
5.5760000000000005,-0.07248372261473225
5.577,0.134297603301816
5.578,1.1669778473766772
5.579,1.0571592325299415
5.58,1.579668534103579
5.581,1.9527087054891221
5.582,1.106629110854806
5.583,1.075272968097003
5.5840000000000005,0.7289538535996559
5.585,0.14454051984865118
5.586,-0.2632766187730236
5.587,-0.22637117021824615
5.588,-0.9279274142217083
5.589,-0.34154126266768736
5.59,-0.6725834364856269
5.591,-0.9044155763733182
5.5920000000000005,-0.9257206088791996
5.593,-0.8564645989062708
5.594,-1.4295872562033103
5.595,-1.4553900089450498
5.596,-1.8125294885634262
5.597,-1.5019503480681742
5.598,-1.121916478573955
5.599,-0.41689978967697194
5.6000000000000005,-0.5301088354374778
5.601,0.8937745056449253
5.602,1.2798494391668458
5.603,1.7827212594628707
5.604,1.4672411373151313
5.605,1.3588046998146175
5.606,1.0653125737276592
5.607,0.8704620521243753
5.6080000000000005,0.6348679214602144
5.609,0.5693700283396491
5.61,0.5601798516124868
5.611,0.322422229109451
5.612,0.5495065251188322
5.613,0.29799400475433724
5.614,-0.02317166685785131
5.615,0.06979276042156396
5.6160000000000005,-0.5782652298329117
5.617,-0.9019110158504897
5.618,-1.1182460912250902
5.619,-1.2226859549644633
5.62,-1.4348005773547483
5.621,-0.9981514929321479
5.622,-0.07401366463652626
5.623,-0.47153612295442227
5.6240000000000006,-0.09798843327809598
5.625,0.30911130638421896
5.626,0.5215798169535227
5.627,0.633174045455888
5.628,0.3200537012561259
5.6290000000000004,0.32492970421252193
5.63,-0.028701940509326396
5.631,-0.33225706749028616
5.632,-0.14824096596575234
5.633,0.18383989642163343
5.634,0.2991316257468881
5.635,0.7003804484640579
5.636,0.659333165681468
5.6370000000000005,0.4435719416130669
5.638,0.8592668291681017
5.639,0.5214328758688488
5.64,0.3571278453943407
5.641,0.02796198985683604
5.642,0.09185070188274214
5.643,-0.004484225205949389
5.644,-0.03321523153241243
5.6450000000000005,0.22413264495561225
5.646,0.2545399693194457
5.647,0.3617123618827739
5.648,-0.1391382746184769
5.649,-0.4702714826305422
5.65,-1.4022715615066175
5.651,-1.4556213189311673
5.652,-1.9819785888089765
5.6530000000000005,-1.7622879199237083
5.654,-1.6867769312022718
5.655,-1.0030583933810955
5.656,-0.0038482475056693666
5.657,-0.24434428984643625
5.658,0.5274361390177147
5.659,1.0261148332699508
5.66,0.8428559239898425
5.6610000000000005,0.9512299011777352
5.662,0.6890779068706637
5.663,1.1540081796994623
5.664,0.9610035556277361
5.665,1.2802519523946536
5.666,1.1589339661743956
5.667,1.3919328253030054
5.668,1.0970027850123671
5.6690000000000005,1.0586506262709543
5.67,0.706925445619117
5.671,0.3500654917688375
5.672,-0.10606394861432683
5.673,-0.9556427201002711
5.674,-1.517926823540091
5.675,-1.5574940373201522
5.676,-1.6901674611066437
5.6770000000000005,-2.2562594791641324
5.678,-1.3544445532563587
5.679,-0.8415225664007482
5.68,-0.3853525040894997
5.681,-0.3296476411711923
5.682,-0.218353750943049
5.683,0.35156063808735744
5.684,0.13962694214258214
5.6850000000000005,0.09441248999711763
5.686,-0.3712215763981289
5.687,-0.005693919346003162
5.688,0.30950656392253945
5.689,1.2501240212889357
5.69,0.629361919599499
5.691,1.4590788991632464
5.692,1.0594886284626317
5.6930000000000005,1.301792729394497
5.694,0.6298782114370253
5.695,0.4785611228369851
5.696,-0.3757320041382174
5.697,-0.4740229966948746
5.698,-0.19792570031032947
5.699,-0.046617548411373805
5.7,0.05469887576101573
5.7010000000000005,0.1340487188429818
5.702,0.24149760527598121
5.703,0.3458746294232177
5.704,0.4152157216889312
5.705,-0.0954306472779877
5.706,-0.5306120837655288
5.707,-0.9932859092495446
5.708,-1.1722214775776045
5.7090000000000005,-1.224603897874831
5.71,-1.1198825321880372
5.711,-0.9801377828274598
5.712,-0.3572205759388808
5.713,-0.5826369967622959
5.714,0.4104616073826464
5.715,-0.014907842655939488
5.716,-0.01259116319565634
5.7170000000000005,-0.2945014583551865
5.718,0.15122423292451845
5.719,0.13852540519247647
5.72,0.3145497099459612
5.721,0.8320357587860592
5.722,1.169609219280525
5.723,1.409314013107692
5.724,1.620875814202321
5.7250000000000005,1.6035928040530054
5.726,1.2703245929256386
5.727,1.0685938559869552
5.728,0.261604015969504
5.729,-0.47599246735343415
5.73,-0.8031927454168004
5.731,-0.7974380058842927
5.732,-1.2915444788135382
5.7330000000000005,-1.548150080573025
5.734,-1.2496591150608138
5.735,-0.8711899456768722
5.736,-1.261421513088444
5.737,-1.2127673041812221
5.738,-1.1139211985163562
5.739,-0.7926211560362526
5.74,-0.9304020317844877
5.7410000000000005,-0.5419540811717366
5.742,-0.33949355919796775
5.743,0.39595355207566324
5.744,0.8654225737706829
5.745,0.9692485210940559
5.746,1.4567716530519719
5.747,1.6168953234030194
5.748,1.9558357795413372
5.7490000000000006,1.2058223064518272
5.75,0.7795622833513127
5.751,0.5564056031561577
5.752,0.21380247666702323
5.753,-0.3862490025950551
5.7540000000000004,-0.13657744777657294
5.755,-0.014824442440556251
5.756,-0.16011804153422293
5.757000000000001,0.0003952700634064915
5.758,0.28200529917017536
5.759,0.03914473901187593
5.76,-0.46448049529386704
5.761,-1.0831375023237058
5.7620000000000005,-0.9423439851203222
5.763,-1.20247970308859
5.764,-1.085167355044314
5.765,-0.5637726843959401
5.766,-0.5497701725775952
5.767,-0.02663089828364762
5.768,-0.33236592485770877
5.769,0.37604078319663437
5.7700000000000005,-0.251788704871851
5.771,-0.03193581977975091
5.772,-0.4123192316970888
5.773,-0.36417883451126365
5.774,-0.6752426901247319
5.775,-0.35635894988757183
5.776,-0.49222362676325837
5.777,0.4311209199889484
5.7780000000000005,0.7126231130905842
5.779,1.4638344129266874
5.78,1.152986463328241
5.781,1.6229343345147746
5.782,1.4256957782870732
5.783,1.1326369498789355
5.784,0.8821802612911751
5.785,0.10400533090417255
5.7860000000000005,-0.1235055566804139
5.787,-0.23578583259897362
5.788,0.050303768860195
5.789,-0.40598997921203595
5.79,-0.49682016461647277
5.791,-0.7504133086264732
5.792,-0.6383624813645321
5.793,-1.224515021108728
5.7940000000000005,-1.4551486203189792
5.795,-1.8323262028622698
5.796,-1.4641606849672124
5.797,-1.7045808077415658
5.798,-1.333985122694127
5.799,-0.5804065280628147
5.8,-0.17799910739022737
5.801,0.42680998901521416
5.8020000000000005,1.1907870439674324
5.803,1.235557400908001
5.804,1.5322450053749246
5.805,1.3263626515134013
5.806,1.465687737372003
5.807,1.0004330942799158
5.808,0.3995358818463383
5.809,0.2681091600941425
5.8100000000000005,0.5751414722360323
5.811,0.20193336129099076
5.812,-0.06815057892257725
5.813,0.48944168684998
5.814,-0.15808713795789
5.815,-0.22855064163153202
5.816,-0.7741298082033651
5.817,-0.9149441612737889
5.8180000000000005,-1.5427594383398373
5.819,-1.1917805519141658
5.82,-1.3524470441339278
5.821,-1.148729363535329
5.822,-0.8107816300376353
5.823,-0.6264835495262728
5.824,0.07480223222775742
5.825,0.25787587729735906
5.8260000000000005,0.43455042281970147
5.827,0.050585288865888645
5.828,0.20957743771069964
5.829,0.36340398269849516
5.83,-0.269538882848634
5.831,-0.33619526374068265
5.832,0.10947819115876746
5.833,0.44301739653989136
5.8340000000000005,0.9371854311312251
5.835,1.0295563709169389
5.836,0.6041366207121779
5.837,0.7534825095301645
5.838,0.8119037739180465
5.839,0.33272710627049495
5.84,0.3491114667965159
5.841,0.012640938697993334
5.8420000000000005,0.02908313410367764
5.843,-0.1421478548707713
5.844,0.2595433107103773
5.845,0.24856613063387092
5.846,0.15081928419541643
5.847,-0.013648962195890457
5.848,-0.3698313732350738
5.849,-0.5389039148264176
5.8500000000000005,-1.0717671703064866
5.851,-1.2815188511473623
5.852,-1.5386949456284602
5.853,-1.6816682010296955
5.854,-1.3505530015367972
5.855,-1.3171849964405955
5.856,-0.9146134498966796
5.857,0.14262787124148057
5.8580000000000005,1.1502743457170326
5.859,0.5290814783613563
5.86,0.9372140113252828
5.861,0.5417614964259119
5.862,0.9264609116211165
5.863,0.9343386517106227
5.864,1.0547397071561246
5.865,0.9447090819491832
5.8660000000000005,1.1220095129997465
5.867,1.1175020602786667
5.868,1.4334054622002532
5.869,1.3006130611962867
5.87,0.5192921907653455
5.871,0.34260389829906984
5.872,-0.34406286557881766
5.873,-1.1324616183351364
5.8740000000000006,-1.5909844762610874
5.875,-1.764244275024732
5.876,-1.5197960854122012
5.877,-1.6467103211344314
5.878,-1.2258574951285615
5.8790000000000004,-0.8685238180245902
5.88,-0.6461128142120064
5.881,-0.45322347810886054
5.882000000000001,-0.2167642471281404
5.883,-0.12895328768375725
5.884,-0.04140782933076079
5.885,0.2928940249963853
5.886,0.4714297861625963
5.8870000000000005,-0.03452380434798569
5.888,0.4621234918869696
5.889,1.058060214475671
5.89,1.227780954709941
5.891,1.353917760970449
5.892,1.4413357528598443
5.893,1.0906180552602847
5.894,0.08647603497203915
5.8950000000000005,-0.03730255126338672
5.896,0.12732075728627282
5.897,-0.090106423906049
5.898,-0.5795593499675495
5.899,-0.12375745314261476
5.9,0.1704891721736551
5.901,0.14630267839619107
5.902,0.42930261799935965
5.9030000000000005,0.267391229086332
5.904,0.38061690245269014
5.905,-0.5034616934428089
5.906,-0.7382394864197688
5.907,-0.75902517494257
5.908,-1.106365111213027
5.909,-1.0013092360722542
5.91,-1.0620557938685355
5.9110000000000005,-0.7928312211752743
5.912,-0.5472829392278168
5.913,-0.14569239365910608
5.914,0.31395248984029683
5.915,-0.06473355707051145
5.916,0.12444323406199906
5.917,-0.027237413240262104
5.918,0.23105988826031698
5.9190000000000005,0.4198704182981322
5.92,0.673446186573606
5.921,0.5370913614388062
5.922,1.2019026437557327
5.923,1.796531742047485
5.924,1.3711966812036533
5.925,1.283041827517737
5.926,1.4041465083318978
5.9270000000000005,0.7292171960258617
5.928,0.22322311238854722
5.929,-0.16701233184838987
5.93,-0.7715816754624673
5.931,-1.607483210773736
5.932,-1.2079393050367664
5.933,-1.222105790812805
5.934,-1.1987065430872212
5.9350000000000005,-1.3519390834685476
5.936,-0.9270836301542315
5.937,-1.2339332072740286
5.938,-1.1813928101526794
5.939,-0.5814574472896572
5.94,-0.8503228533410436
5.941,-0.6733612961569173
5.942,-0.08792507348464546
5.9430000000000005,0.24606752429078038
5.944,0.7964323283363489
5.945,1.0834613569801388
5.946,1.6280930345678968
5.947,1.4837943112881207
5.948,1.8827615977048742
5.949,1.4869269217356216
5.95,0.9584094708420973
5.9510000000000005,0.9416549356422748
5.952,0.3447309726149169
5.953,-0.04959966410561033
5.954,-0.2851331257500436
5.955,-0.08847181733558185
5.956,-0.3800962339697802
5.957,-0.10228585333614348
5.958,0.4210599800388899
5.9590000000000005,-0.3680037169717608
5.96,-0.23364297926579605
5.961,-0.9100516979708695
5.962,-0.6889123481433528
5.963,-1.0823020304376132
5.964,-0.5797166355227223
5.965,-0.8125271593935284
5.966,-0.8638015246883434
5.9670000000000005,-0.3830356653252634
5.968,-0.062007980160663834
5.969,-0.09540130484845613
5.97,0.16502571269721758
5.971,-0.1119605840481866
5.972,-0.08497351888798511
5.973,0.11654243803735487
5.974,-0.35436240955324394
5.9750000000000005,-0.6406449888363019
5.976,0.0777921601281788
5.977,0.23006950735956228
5.978,0.7259265433096093
5.979,0.9243085319306868
5.98,1.3743556467065945
5.981,1.9804240864263971
5.982,0.8523761185119715
5.9830000000000005,0.8792589628216468
5.984,0.7523153025623237
5.985,0.08175333328513876
5.986,-0.15067901332702774
5.987,-0.1702602061433532
5.988,-0.6275677590058027
5.989,-0.4252962184011979
5.99,-0.6160285329445776
5.9910000000000005,-0.5517025820611298
5.992,-0.6301597202324112
5.993,-1.1742716284047126
5.994,-1.4228070858809225
5.995,-1.9089446086253339
5.996,-1.6012224908308486
5.997,-1.4929208328181425
5.998,-1.221375161668414
5.9990000000000006,-0.784626186714523
6.0,-0.3545661629244827
6.001,0.26993339348063317
6.002,0.34408438058187907
6.003,0.22756057282951417
6.0040000000000004,0.27197435117787083
6.005,0.6382376236713805
6.006,-0.09248255885678514
6.007000000000001,0.7169481705996841
6.008,0.5095127763308172
6.009,0.30031334982398694
6.01,0.0788083461068661
6.011,-0.16880476418624774
6.0120000000000005,-0.4206663090210786
6.013,-0.14929697248736457
6.014,-0.5672142777073562
6.015000000000001,-0.4184548452107816
6.016,-0.5864224721025836
6.017,-0.33770403530397664
6.018,-0.5338889151923474
6.019,-0.3135454868887435
6.0200000000000005,-0.20589198861601116
6.021,0.20399813381074788
6.022,0.10644752713887878
6.023,0.5222785304090133
6.024,0.1583502632546207
6.025,0.6527749576137979
6.026,0.4211110774174961
6.027,0.8638452416757083
6.0280000000000005,-0.12836736458876585
6.029,0.057238439328449284
6.03,0.18985528656001616
6.031,-0.27683807925259313
6.032,-0.40562648718031563
6.033,-0.11716751543761517
6.034,-0.6427208200219495
6.035,-0.443800040710621
6.0360000000000005,-0.7688128952387601
6.037,-0.13384937106893363
6.038,-0.2180852544377257
6.039,-0.24882124490139484
6.04,-0.15893682120645775
6.041,0.23753215263989733
6.042,0.35970511069570027
6.043,0.7836363358249879
6.0440000000000005,0.8350332707987291
6.045,0.593835531621569
6.046,0.4029647981230633
6.047,0.2119820916551567
6.048,0.41172809676168437
6.049,0.0223654762699102
6.05,-0.0738296026655941
6.051,-0.515420848923662
6.0520000000000005,-0.25435941827472086
6.053,-0.3657600837342046
6.054,-0.31821801339153855
6.055,-0.5946772250511636
6.056,-0.4705816966604943
6.057,-0.19846683585747352
6.058,-0.30837579386929004
6.059,-0.0633582985002515
6.0600000000000005,0.09377004339509741
6.061,0.057103747513332054
6.062,0.4368436817042195
6.063,0.38392084072014543
6.064,0.7371224850665183
6.065,0.794838144150745
6.066,0.5300598906206748
6.067,0.20885770777943352
6.0680000000000005,0.0985227525932175
6.069,0.2307831091806897
6.07,-0.309266137440501
6.071,0.0706909630865411
6.072,-0.2586850169580264
6.073,-0.47417103981342956
6.074,-0.23571282085432624
6.075,-0.383774177653401
6.0760000000000005,-0.2571087913527747
6.077,-0.4906209163915277
6.078,-0.27259676444040815
6.079,-0.24143772712779393
6.08,0.29171665087573007
6.081,-0.06564606089724542
6.082,0.41856762334190045
6.083,0.43774948665479835
6.0840000000000005,0.7041206232082181
6.085,0.4973441927539835
6.086,0.4290373463434943
6.087,0.7620734531241986
6.088,0.16371317104865182
6.089,-0.08317490561354202
6.09,0.10389139758110712
6.091,-0.21191971953820468
6.0920000000000005,-0.1567460175436364
6.093,-0.15773765226858721
6.094,-0.29860230406403065
6.095,-0.48465959555298976
6.096,-0.8542542384631738
6.097,-0.6666875319595331
6.098,-0.3665107686044417
6.099,0.042091907004370266
6.1000000000000005,0.30451321468782927
6.101,0.2176874184151099
6.102,0.10455796249095095
6.103,0.4940796858356118
6.104,0.5996840820697356
6.105,0.1672655325898581
6.106,0.3437095976811073
6.107,0.2268165233054677
6.1080000000000005,0.08346044231943983
6.109,-0.07402126701365994
6.11,0.05453628325721247
6.111,-0.2743736898674831
6.112,-0.3957527821437557
6.113,-0.4908353736986605
6.114,-0.3990422492303482
6.115,-0.490738852139464
6.1160000000000005,-0.5426372416910693
6.117,-0.477080952985413
6.118,-0.36555309667998304
6.119,-0.5176796795439582
6.12,0.3349283092167871
6.121,0.03879812043789749
6.122,0.3878635731669083
6.123,0.4564356147311742
6.1240000000000006,0.35384294123267035
6.125,0.584980373011615
6.126,0.380769463335289
6.127,0.6388963249725359
6.128,0.33617041805983444
6.1290000000000004,0.14530443619803585
6.13,0.03429943265181398
6.131,-0.38531770878390503
6.132000000000001,-0.18497201728938695
6.133,-0.4292161212341248
6.134,-0.4366118426495801
6.135,-0.283982471543077
6.136,-0.28025993972486524
6.1370000000000005,-0.14625894223400948
6.138,-0.22376887636904552
6.139,-0.28149802865016105
6.140000000000001,0.025817251368100983
6.141,-0.053561923979038195
6.142,0.27493287667790667
6.143,0.48913738789992484
6.144,0.21613565056628387
6.1450000000000005,0.3516678701291224
6.146,0.4693619497093264
6.147,0.42728929494457996
6.148,0.22647156316961797
6.149,0.10011274591727778
6.15,-0.18306011735357047
6.151,-0.2552811895277216
6.152,-0.10689643776849936
6.1530000000000005,-0.11478087310754354
6.154,-0.8618788855789328
6.155,-0.5166795468067448
6.156,-0.8234984880243681
6.157,-0.1801560162428179
6.158,-0.50143778758924
6.159,-0.006679550323645228
6.16,0.142485367103391
6.1610000000000005,-0.2276914003020979
6.162,0.665103185010987
6.163,0.35690171493314493
6.164,0.31035749331632867
6.165,0.40479922276772584
6.166,0.6162991770017074
6.167,0.3779296793628613
6.168,0.334980201270776
6.1690000000000005,0.4746577976041457
6.17,0.05439805870331052
6.171,-0.17242665035891647
6.172,-0.265204555934491
6.173,-0.3085793639164865
6.174,-0.29160450184542674
6.175,-0.3990132024568568
6.176,-0.4574740885440451
6.1770000000000005,-0.22513239672449126
6.178,-0.47416519030571147
6.179,-0.4956576945052676
6.18,-0.18898674537351332
6.181,-0.012238367446209708
6.182,0.16708148727367933
6.183,0.2807025720833506
6.184,0.6019014511627145
6.1850000000000005,0.18364005316122517
6.186,0.7236118725909291
6.187,0.45710689524724524
6.188,0.24314560850453834
6.189,0.23945638532110786
6.19,-0.20480937595588597
6.191,-0.03848091231534832
6.192,-0.3666442711142427
6.1930000000000005,-0.4909598841174808
6.194,-0.054685070625908105
6.195,-0.08403246701857414
6.196,-0.35518466064817356
6.197,-0.5901743023357531
6.198,-0.383337948851116
6.199,-0.4431498528294049
6.2,-0.2769674624493163
6.2010000000000005,-0.175486469146357
6.202,0.2904692929437141
6.203,0.22478147415148084
6.204,0.2013223614260342
6.205,0.7244195625391365
6.206,0.4216813194928395
6.207,0.4344194868574559
6.208,0.17432847353225833
6.2090000000000005,0.22158611982066923
6.21,0.057510526518302386
6.211,-0.03827901643146259
6.212,-0.29447269923036745
6.213,-0.17208136766645593
6.214,-0.4624864031662119
6.215,-0.8643551606425075
6.216,-0.3647295368982056
6.2170000000000005,-0.5083298140690323
6.218,-0.4108711033457909
6.219,-0.21768306384275152
6.22,-0.1275544580800788
6.221,-0.19525059329529426
6.222,0.27430416284320214
6.223,0.5109002464921186
6.224,0.5346311121705348
6.2250000000000005,0.1346747285535574
6.226,0.3474440028896493
6.227,0.3358590192123814
6.228,-0.01953423841939883
6.229,0.0500085238881693
6.23,-0.02120545314535862
6.231,-0.24398077198569362
6.232,-0.28399719316944094
6.2330000000000005,-0.45825357936335565
6.234,-0.23251009696086164
6.235,-0.15530166125880412
6.236,-0.5463147149832125
6.237,-0.5210035371366447
6.238,-0.6101107610956166
6.239,-0.28372564873172956
6.24,-0.030539432051524974
6.2410000000000005,0.09307628581634855
6.242,0.2964851492119891
6.243,0.3473140979585319
6.244,0.31222888138179655
6.245,0.36177747087436335
6.246,0.30067168281373685
6.247,0.6834789582014573
6.248,-0.04064300691264611
6.2490000000000006,0.07185414142226167
6.25,-0.35094504401196697
6.251,-0.21284813779109632
6.252,-0.2681146650341037
6.253,-0.20899239204957593
6.2540000000000004,-0.5544970715284345
6.255,-0.5803643806387887
6.256,-0.5068657906172177
6.257000000000001,-0.6599359708114199
6.258,-0.02376610084439379
6.259,-0.4254209420166265
6.26,-0.10146324850932123
6.261,0.523831647584081
6.2620000000000005,0.24891608771335272
6.263,0.7997669587370805
6.264,0.7349404717176076
6.265000000000001,0.6310655266412525
6.266,0.7000083939270447
6.267,0.7660541231819622
6.268,0.6157059190267846
6.269,0.39090748190021885
6.2700000000000005,-0.23222415048015968
6.271,-0.17588141201672752
6.272,-0.06476411419229941
6.273,-0.1323218863388133
6.274,-0.6060096331982305
6.275,-0.7126662178249346
6.276,-0.24204588627061863
6.277,-0.44089027981974394
6.2780000000000005,-0.4700189084463468
6.279,0.10749566979225875
6.28,-0.3437266465624757
6.281,0.13491580453162824
6.282,0.6303004751102452
6.283,0.23531401114270975
6.284,0.2725218615969435
6.285,0.836310967065103
6.2860000000000005,0.4430375048436708
6.287,0.358449345780012
6.288,0.30233129429629785
6.289,0.09770921592699769
6.29,0.089371640492553
6.291,-0.45223851991923414
6.292,-0.17976529703066074
6.293,-0.14328436950345635
6.2940000000000005,-0.6113302614120071
6.295,-0.4296401760929193
6.296,-0.480862563561398
6.297,-0.25126206522259886
6.298,-0.4179814749507055
6.299,-0.13844987218614896
6.3,-0.2166775245955883
6.301,-0.07563906895518877
6.3020000000000005,0.4051950347153206
6.303,0.5791019943465129
6.304,0.4768274354909657
6.305,0.5827931810701799
6.306,0.6410284282133561
6.307,0.39579616794964406
6.308,0.1726809251608794
6.309,-0.2152971646742408
6.3100000000000005,-0.19672720475327352
6.311,0.02594577709448939
6.312,-0.5933362292304398
6.313,-0.30306691417209936
6.314,-0.7816713804302178
6.315,-0.4317152437858638
6.316,-0.6783318341521162
6.317,-0.33704408938653757
6.3180000000000005,-0.40912529116771057
6.319,-0.22873869909954797
6.32,-0.1728280101626231
6.321,0.10325975319778204
6.322,-0.1082825140513754
6.323,0.9266666263374175
6.324,1.0089237917825873
6.325,0.2154205232125604
6.3260000000000005,0.44060496174150393
6.327,0.5090075855814193
6.328,0.5037432706341276
6.329,0.20805401440346677
6.33,-0.18782975548595487
6.331,-0.3126863415017683
6.332,-0.46733397622043726
6.333,-0.3019976137609952
6.3340000000000005,-0.4989952789798284
6.335,-0.5402147291416708
6.336,-0.49470006674250677
6.337,-0.3785951268863277
6.338,-0.34906309596432095
6.339,-0.08125005059594628
6.34,-0.06847271536725125
6.341,-0.01978286676472507
6.3420000000000005,0.08606335805211818
6.343,0.3760350175241297
6.344,0.45106977387003816
6.345,0.4968666582952427
6.346,0.37407307344839563
6.347,0.142062503426496
6.348,0.5191849800469986
6.349,0.1547214438122389
6.3500000000000005,-0.25811434513805204
6.351,0.0566501291821451
6.352,-0.3104516463824613
6.353,-0.44389799245067946
6.354,-0.5265461952371476
6.355,-0.2276313706947029
6.356,-0.22386351215646938
6.357,-0.4523727874782141
6.3580000000000005,-0.6275209442531373
6.359,-0.2421706362775788
6.36,-0.15922949335190942
6.361,0.05283659740956824
6.362,0.34125513079131203
6.363,0.2565773052522422
6.364,0.4729931070798916
6.365,0.7574596086964536
6.3660000000000005,0.7500825618225211
6.367,0.9955646459137051
6.368,0.38164221659110065
6.369,0.2013393230066847
6.37,0.045120814071930984
6.371,-0.19466041894431263
6.372,-0.16919544150965526
6.373,-0.5393996552649551
6.3740000000000006,-0.21159549518166632
6.375,-0.5898651369223596
6.376,-0.4117991165267115
6.377,-0.31335709215319446
6.378,-0.17358436185444404
6.3790000000000004,-0.4687565538306264
6.38,0.15934712731042128
6.381,0.3665772845556259
6.382000000000001,0.3201453986664313
6.383,0.38362060631976713
6.384,0.6212192739028818
6.385,0.41907555158119586
6.386,-0.032467064048285255
6.3870000000000005,0.5583568630866684
6.388,0.04676633915062228
6.389,0.5417175762330194
6.390000000000001,0.31914862459430254
6.391,0.3325537506829781
6.392,-0.0006593444220073796
6.393,-0.2121341175191309
6.394,-0.6103226237591856
6.3950000000000005,-0.1789587661946616
6.396,-0.4684870938814414
6.397,0.09955873765039153
6.398000000000001,-0.3209611005897175
6.399,-0.36167173652120654
6.4,0.019555026046089795
6.401,0.1354182965405176
6.402,0.5415757770358876
6.4030000000000005,0.5248429828182106
6.404,0.3314914950886691
6.405,0.4476496767548615
6.406,0.5433874186585451
6.407,0.5556115690173025
6.408,0.16300371101196431
6.409,0.3549512429158916
6.41,0.12882999606578205
6.4110000000000005,0.17647888570283526
6.412,-0.28587776566930817
6.413,-0.4470784346346712
6.414,-0.26281668564579885
6.415,-0.20131068965968069
6.416,-0.5339088054573226
6.417,-0.4034580994545654
6.418,-0.23648602154384482
6.4190000000000005,-0.275630951965302
6.42,-0.2395851009611314
6.421,0.1814298830959117
6.422,0.8172282799353482
6.423,0.460789622887746
6.424,0.49567983631563867
6.425,0.8759504058941736
6.426,1.0378482257412376
6.4270000000000005,0.520860961595353
6.428,0.3034832753119088
6.429,0.13181732019576795
6.43,-0.14801371274196667
6.431,0.06312786103933041
6.432,-0.2559436841427018
6.433,-0.9891974368848822
6.434,-0.4591957665917148
6.4350000000000005,-0.40874495891955653
6.436,-0.41197424788653997
6.437,-0.3055379067971126
6.438,0.09889572753880244
6.439,0.10648158442540895
6.44,-0.03915315489658815
6.441,0.2060568816050146
6.442,0.4981399149086353
6.4430000000000005,0.30447277350065516
6.444,0.21402991776824326
6.445,0.6245573517942034
6.446,0.5696302152422772
6.447,0.5444207531581526
6.448,0.5087269259019265
6.449,0.4668964948308031
6.45,0.04704226452636509
6.4510000000000005,0.07589634060479719
6.452,-0.3602987833728947
6.453,-0.9924700569464
6.454,-0.1770278003627238
6.455,-0.26994576712746365
6.456,-0.4235535733141341
6.457,-0.28375633926534377
6.458,-0.25431552206787866
6.4590000000000005,-0.10114379546926126
6.46,0.07885472897752203
6.461,0.022362054489863725
6.462,0.35425829704235096
6.463,0.016422242439465107
6.464,0.4719039379108903
6.465,0.1197539961173571
6.466,0.557590116356878
6.4670000000000005,0.23335781029085048
6.468,0.19744335547201503
6.469,-0.17786159572330199
6.47,0.3772375441341492
6.471,-0.12869082799209053
6.472,-0.30444315245460446
6.473,-0.289047705504425
6.474,-0.1848157121376095
6.4750000000000005,-0.6354144269683746
6.476,-0.18746680193359821
6.477,-0.6814416244855412
6.478,0.027112985962353675
6.479,-0.2660398470910398
6.48,-0.10004202625017178
6.481,0.08539219072536912
6.482,0.406128918295635
6.4830000000000005,0.4188262325322385
6.484,0.4322686068496598
6.485,0.888428507936329
6.486,0.7220517831231814
6.487,0.2372717963295929
6.488,0.39574960400942
6.489,0.29341002273314654
6.49,0.05383376718148111
6.4910000000000005,0.15817817282121033
6.492,-0.4020166722201954
6.493,-0.5236550917471068
6.494,-0.5108853866706041
6.495,-0.3906717763986877
6.496,-0.3554851519798448
6.497,-0.4381030837981909
6.498,-0.047096498535522696
6.4990000000000006,-0.008667449150843443
6.5,0.01282539207763844
6.501,-0.1617746369340739
6.502,0.171849999602456
6.503,0.2926349971007997
6.5040000000000004,0.8440620387657514
6.505,0.9013385525775482
6.506,0.37191866600316204
6.507000000000001,0.4378064432519641
6.508,0.17904654707431605
6.509,0.22525034008353423
6.51,0.0954863303587252
6.511,-0.2592443711928595
6.5120000000000005,-0.44163546833810297
6.513,-0.5808706356762467
6.514,-0.47716832191976954
6.515000000000001,-0.9423623755602765
6.516,-0.39852055021325
6.517,-0.36879635346048506
6.518,-0.018796893304030726
6.519,-0.5320296104012233
6.5200000000000005,0.1468007124594973
6.521,0.3165047056683395
6.522,0.1929042116699959
6.523000000000001,0.25665067204555736
6.524,0.4997182627036447
6.525,0.20225761169465534
6.526,0.7021469503281225
6.527,0.3088343267720054
6.5280000000000005,0.1985659945379692
6.529,0.11907324947629247
6.53,0.2810278392885625
6.531,-0.0056811995806017035
6.532,-0.2723652471932685
6.533,-0.3514751786868874
6.534,-0.23413985250400493
6.535,-0.6724845245614827
6.5360000000000005,-0.32150627224280637
6.537,-0.5742414353308248
6.538,-0.3888080202234178
6.539,-0.2370100658413692
6.54,-0.6402149333045023
6.541,-0.1345855149808257
6.542,0.22989042324980635
6.543,0.30626185700313496
6.5440000000000005,0.5118589196501218
6.545,0.46399800892570237
6.546,0.3432732216316685
6.547,0.044376788643260834
6.548,0.42564057456348203
6.549,0.11299652945812622
6.55,0.3114741305137595
6.551,0.2969033396863891
6.5520000000000005,-0.5878903137546911
6.553,-0.3678442214769077
6.554,-0.3440283981396598
6.555,-0.4283778140380073
6.556,-0.6471926016756994
6.557,-0.35965802837557137
6.558,-0.4592020318470863
6.559,-0.19373760295357154
6.5600000000000005,0.17473045943428947
6.561,0.35557289656244695
6.562,0.11351758824029023
6.563,0.5431034718905067
6.564,0.3617112046747749
6.565,0.5108916826341989
6.566,0.5695311866003145
6.567,0.6309221404003822
6.5680000000000005,0.3745741941445158
6.569,0.15272004720745294
6.57,-0.27655327840966515
6.571,-0.13478774809630095
6.572,-0.3813331816903432
6.573,-0.46259876714492376
6.574,-0.5989125876917015
6.575,-0.4679762706739325
6.5760000000000005,-0.2521809104128495
6.577,-0.5265759187106923
6.578,0.02878294522129282
6.579,0.028619616126580094
6.58,-0.05036510906437635
6.581,0.18965222637584278
6.582,0.10477765228362337
6.583,0.3712182561834432
6.5840000000000005,0.29367855613257515
6.585,0.3504055025180819
6.586,0.45633548044644145
6.587,0.5260346424223541
6.588,0.04157593566486245
6.589,0.04207568533008091
6.59,0.2148679536781258
6.591,0.24246326200973314
6.5920000000000005,-0.3507788262484745
6.593,-0.31725859449933586
6.594,-0.13390273484392834
6.595,-0.24783514605071255
6.596,-0.9382064446483473
6.597,-0.7771677307713911
6.598,0.13623350962347774
6.599,-0.10075257691893882
6.6000000000000005,-0.1091596544617066
6.601,0.10977023024393326
6.602,0.06946873650715077
6.603,0.4071437659890661
6.604,0.016780529959175894
6.605,0.29568378152486113
6.606,0.4538233730104007
6.607,0.24947091513829078
6.6080000000000005,0.3614329886289548
6.609,0.15193059167476317
6.61,0.04305824869361387
6.611,-0.5384829007332719
6.612,-0.3782359246633888
6.613,-0.039698611156749
6.614,-0.4765299926441803
6.615,-0.6524398499320213
6.6160000000000005,-0.37368318616472246
6.617,-0.10181194895600026
6.618,0.15221799885991588
6.619,-0.3490900517371518
6.62,-0.11503684947460115
6.621,-0.03885708897990689
6.622,0.5082365693260501
6.623,-0.055385793835375396
6.6240000000000006,0.556475819256189
6.625,0.6732245583827815
6.626,0.2912793924814379
6.627,0.6382217776252961
6.628,-0.014908719456349806
6.6290000000000004,-0.040720197401518804
6.63,0.16704240460165487
6.631,-0.3787708748910332
6.632000000000001,-0.4094541976151752
6.633,-0.3085108874012841
6.634,-0.55412439491517
6.635,-0.33020839172320116
6.636,-0.577979598074297
6.6370000000000005,-0.28298425711112085
6.638,-0.1245651197668092
6.639,0.012618816923085696
6.640000000000001,0.10666417370451464
6.641,0.40689609109801184
6.642,0.5646912004055393
6.643,0.37697060275894356
6.644,0.4391205264349598
6.6450000000000005,0.47922063628196193
6.646,0.5552739573016833
6.647,0.6725394320003224
6.648000000000001,0.41683462061610044
6.649,0.18471606509758348
6.65,0.23714964435654348
6.651,-0.3049850172667121
6.652,-0.41809637679145134
6.6530000000000005,-0.3578384991068858
6.654,-0.6793219617798174
6.655,-0.8286188353163816
6.656000000000001,-0.5120064265663014
6.657,-0.3210635757895785
6.658,0.07122916925299572
6.659,-0.1015413818472414
6.66,-0.15814150824123796
6.6610000000000005,0.03930444935349579
6.662,-0.15556138628481492
6.663,0.4996509696378554
6.664,0.274761889935783
6.665,0.48020404319320353
6.666,0.20626667864011272
6.667,0.23120523511247448
6.668,0.6385099020908256
6.6690000000000005,0.12142837003986193
6.67,0.20013348707614476
6.671,-0.17758675389479966
6.672,0.11195644370855351
6.673,-0.4465038035486973
6.674,-0.428395733620887
6.675,-0.16418810235554582
6.676,-0.42281113435019607
6.6770000000000005,-0.5784464521254262
6.678,-0.31447308466107793
6.679,-0.07754534733359396
6.68,0.03240063326769996
6.681,0.05171818150901833
6.682,0.43166750684978067
6.683,0.4421770317153768
6.684,0.5698637227437902
6.6850000000000005,0.225568028968056
6.686,0.18256410815489116
6.687,0.308057066981786
6.688,0.2910196121829648
6.689,0.40474779686173745
6.69,0.06055688171654085
6.691,-0.29564867308503007
6.692,-0.22837685756461962
6.6930000000000005,-0.26825021637361246
6.694,-0.2415106127373494
6.695,-0.48526121304577713
6.696,-0.015108133650201971
6.697,-0.15572887356778753
6.698,-0.38220209586170206
6.699,-0.48734542783931245
6.7,-0.08469050616042459
6.7010000000000005,0.7442008500288048
6.702,0.298484081235219
6.703,0.06533723246289153
6.704,0.4468089418390396
6.705,0.2915186710756479
6.706,0.3749917112751206
6.707,0.2742955790974414
6.708,0.43550783963667494
6.7090000000000005,0.3480320906761635
6.71,-0.12176212210502477
6.711,-0.5432891010883604
6.712,-0.27846825584189944
6.713,0.03578646458486601
6.714,-0.6118256211141069
6.715,-0.4812082529895823
6.716,-0.142957531331866
6.7170000000000005,-0.2945154262594582
6.718,-0.33459491754378845
6.719,-0.20013462392391418
6.72,0.353924892111809
6.721,0.6518311868416955
6.722,0.6959345283946271
6.723,0.31862437766226875
6.724,0.27108172171352385
6.7250000000000005,0.5241529032461567
6.726,0.4049129961707712
6.727,0.39607163554684566
6.728,0.10837843493388805
6.729,0.17942060906562232
6.73,0.39934749070184977
6.731,-0.20052553672618123
6.732,-0.14523352293254974
6.7330000000000005,-0.3108236288420447
6.734,-0.297298144706178
6.735,-0.853859862390286
6.736,-0.41140352118201384
6.737,-0.7596783727304723
6.738,0.04852190465148659
6.739,-0.24986234835194068
6.74,-0.4583626302115159
6.7410000000000005,0.4377128352332341
6.742,0.5982734391639737
6.743,0.5755876075020493
6.744,0.6924111869900585
6.745,0.5778378486771081
6.746,0.32377808771265254
6.747,0.4785234076417356
6.748,0.42260338935235686
6.7490000000000006,0.2932105373061953
6.75,0.05235322429634057
6.751,-0.27158522598425133
6.752,-0.345736891494434
6.753,-0.9087288864329268
6.7540000000000004,-0.946889248798873
6.755,-0.36378615298259465
6.756,-0.6261826322147468
6.757000000000001,-0.35583259679565427
6.758,-0.4024346114048573
6.759,0.18070418737618077
6.76,0.06729589799814292
6.761,-0.12022699333152323
6.7620000000000005,0.2970807506578478
6.763,0.4882252267831474
6.764,0.6244364227243417
6.765000000000001,0.6626159860554223
6.766,0.20390243708001543
6.767,0.6367373025605754
6.768,0.30809672618721984
6.769,-0.003478821277739158
6.7700000000000005,-0.01744785107540123
6.771,-0.35347282257263163
6.772,-0.6516397032358665
6.773000000000001,-0.3755284122270453
6.774,-0.5400662195230495
6.775,-0.6639224439909904
6.776,-0.3870903774488013
6.777,-0.45871621749721103
6.7780000000000005,-0.03397983173298125
6.779,-0.240558091982379
6.78,0.18432081181257554
6.781000000000001,0.21753620661952805
6.782,0.21688656377574403
6.783,0.22146874092987817
6.784,0.18575678911719162
6.785,0.6089209362850445
6.7860000000000005,0.5843109979562295
6.787,0.2995432610193183
6.788,0.3566651691414222
6.789,0.5419198255967612
6.79,-0.0738613156611793
6.791,-0.11909514550764114
6.792,-0.6722918082204425
6.793,-0.5227511299703713
6.7940000000000005,-0.9394755625810394
6.795,-0.7340835680104155
6.796,-0.1517200455428278
6.797,-0.7063164845983236
6.798,-0.6435671364346741
6.799,0.03652993595270895
6.8,-0.07632902599899852
6.801,0.15637281995834482
6.8020000000000005,0.16211477851602824
6.803,0.30950300900724104
6.804,0.9505521813309428
6.805,0.7124936071575212
6.806,0.10190041706112446
6.807,0.395957766107681
6.808,0.2688014872548481
6.809,-0.2778414670839585
6.8100000000000005,0.0013163930545479754
6.811,-0.04929597172948018
6.812,-0.11731101095073271
6.813,-0.3975348033699789
6.814,-0.4030033047915622
6.815,-0.5147689485309758
6.816,0.004919844862507294
6.817,-0.600042509899569
6.8180000000000005,-0.005058160439018522
6.819,-0.27583652973073836
6.82,0.2306450846661091
6.821,-0.08793083076080152
6.822,0.3710381904245021
6.823,0.23667648592267515
6.824,0.4531446752249962
6.825,0.5844485211761495
6.8260000000000005,0.17573327990452453
6.827,-0.06628297015727214
6.828,0.4356858375659698
6.829,0.03258250739380576
6.83,0.06655304108611647
6.831,-0.203639035967097
6.832,-0.18064638346260192
6.833,-0.4818481016681446
6.8340000000000005,-0.4829379730841237
6.835,-0.27196111202055284
6.836,-0.425584819792127
6.837,-0.5148449865875127
6.838,-0.3842508825312437
6.839,-0.5731635384880468
6.84,-0.011820211481545585
6.841,0.4634418786681248
6.8420000000000005,0.22503435084278844
6.843,0.5458578346297605
6.844,0.2383396943949886
6.845,0.45741631123799925
6.846,0.034081527994625105
6.847,0.7100198624953313
6.848,0.22921443180283882
6.849,-0.10865189279072113
6.8500000000000005,-0.040011798935234995
6.851,-0.0701978452899842
6.852,-0.4716033017375724
6.853,-0.5947545815481545
6.854,-0.4692369739076229
6.855,-0.6618152328678744
6.856,-0.362293300044379
6.857,-0.191795728738642
6.8580000000000005,-0.07441476941403374
6.859,-0.10530628920897789
6.86,0.10809190180480423
6.861,0.2343136531678889
6.862,0.10881002810973789
6.863,0.3709913073883549
6.864,0.6797574408334848
6.865,0.6538323764885517
6.8660000000000005,0.5757287092921175
6.867,0.11093739331508151
6.868,0.16381042518557543
6.869,0.1892376582831356
6.87,0.22711458694250072
6.871,-0.0065940916764837265
6.872,-0.30569062560045684
6.873,-0.7584900873368109
6.8740000000000006,-0.46916194534164934
6.875,-0.5372421586758684
6.876,-0.7720732935866206
6.877,-0.45595322369822083
6.878,-0.703030264836056
6.8790000000000004,0.17987623738902536
6.88,-0.19977809017738873
6.881,0.4010467632956776
6.882000000000001,-0.2126176311400062
6.883,0.76308241324521
6.884,0.5379551688833806
6.885,0.5366127597532238
6.886,0.149249673390362
6.8870000000000005,0.5680756691127961
6.888,0.2685182962885767
6.889,0.16601164268474503
6.890000000000001,0.1856307192039156
6.891,-0.15342851690167772
6.892,-0.06716562057069894
6.893,-0.3859003444286952
6.894,-0.5187778557174934
6.8950000000000005,-0.40925228087376947
6.896,0.03785180875889277
6.897,-0.5796177395517204
6.898000000000001,-0.48313993229587726
6.899,-0.40696899289655497
6.9,-0.1198529985531005
6.901,0.3216343242074857
6.902,0.4994670762286231
6.9030000000000005,0.5239692233017229
6.904,0.3871867187792614
6.905,0.14382107374874648
6.906000000000001,0.3398243498579946
6.907,0.49702816660212457
6.908,0.20328822123768403
6.909,0.25672926300520316
6.91,-0.0019417682202083762
6.9110000000000005,-0.1905481150701897
6.912,-0.3722959498751741
6.913,-0.1791448696095046
6.914,-0.33086511388446904
6.915,-0.13994326308933214
6.916,-0.3164641497720653
6.917,-0.45473402845781197
6.918,-0.13230839882416492
6.9190000000000005,-0.5031138589458479
6.92,-0.47234498824484555
6.921,0.15156239047076625
6.922,0.017201572325396153
6.923,0.13398404144500087
6.924,0.13909614092475825
6.925,0.5442334482721934
6.926,0.5135790960653147
6.9270000000000005,0.44211721800474424
6.928,0.5575364494463105
6.929,-0.029260261155284156
6.93,0.18107297356364913
6.931,-0.1604152441757171
6.932,-0.3331017502135886
6.933,-0.39309293333375417
6.934,-0.5472411974981691
6.9350000000000005,-0.46349567235466715
6.936,-0.3195150452447757
6.937,-0.3900343141899994
6.938,-0.18297430805278464
6.939,-0.0633459604863242
6.94,-0.03757380568990398
6.941,0.07548091160101156
6.942,0.6064814345536217
6.9430000000000005,0.11158045347253825
6.944,0.07626543784393786
6.945,0.7187805030964134
6.946,0.2700442708409265
6.947,0.3760126679087197
6.948,-0.03563553446932244
6.949,0.1348805553159788
6.95,0.03325133000905087
6.9510000000000005,-0.033305125400297744
6.952,-0.08111983644842843
6.953,-0.4390684402169332
6.954,-0.519714358106234
6.955,-0.21939790814660876
6.956,-0.5204710113708335
6.957,-0.8228036704807256
6.958,-0.4988105734454157
6.9590000000000005,-0.18467517981938392
6.96,-0.036332141468546374
6.961,0.14346316251929486
6.962,0.11798020434580997
6.963,0.6274795678426415
6.964,1.0257428576069598
6.965,0.3887529041344331
6.966,0.6365309524448189
6.9670000000000005,0.2693060743030019
6.968,0.4215073832789492
6.969,0.20957992462524383
6.97,0.006125733334765477
6.971,-0.4861200844402939
6.972,-0.33930483130528205
6.973,-0.3309571538219141
6.974,-0.17824215226931794
6.9750000000000005,-0.36703707383009576
6.976,-0.4116007193945473
6.977,-0.41481753449828773
6.978,-0.21595546856199485
6.979,0.09447506606045328
6.98,0.34002822690934775
6.981,0.14965435151305848
6.982,-0.11582614492964294
6.9830000000000005,0.5869057668821159
6.984,0.4099209416775887
6.985,0.44000964495412265
6.986,0.41447670788218927
6.987,0.3328302256102174
6.988,0.39523210198327885
6.989,0.2109494286593163
6.99,0.06927587577477089
6.9910000000000005,0.0029521642878124754
6.992,-0.04467281724327238
6.993,-0.16158276218284176
6.994,-0.598913368348602
6.995,-0.42482585480024126
6.996,-0.09933162910904308
6.997,-0.6232948134269116
6.998,-0.5307003111673219
6.9990000000000006,-0.2425572391618252
7.0,0.008277595762243092
7.001,0.18411783601093573
7.002,0.22734995512365863
7.003,0.0966862490802669
7.0040000000000004,0.6815287073820381
7.005,0.12319423715539546
7.006,0.6172422372251397
7.007000000000001,0.014908973236437917
7.008,0.02115303642140892
7.009,0.5608205035856579
7.01,-0.39915960502759185
7.011,-0.22179754093113627
7.0120000000000005,-0.22208935066637203
7.013,-0.5271676245099274
7.014,-0.814537217994934
7.015000000000001,-0.570117184902518
7.016,-0.6096082511434825
7.017,-0.532725002904922
7.018,-0.35845243653962344
7.019,-0.1238166712769257
7.0200000000000005,0.39071707181188053
7.021,-0.12723721002517085
7.022,0.26443379534048445
7.023000000000001,0.3273891408062767
7.024,0.4548145763191198
7.025,0.17968531507858482
7.026,0.5928131747393287
7.027,0.19099089485524867
7.0280000000000005,0.13285998182053732
7.029,0.08053484671039335
7.03,0.21185519201874004
7.031000000000001,-0.16711703025195895
7.032,-0.2552558637709348
7.033,-0.8668889929277112
7.034,-0.44166947132314605
7.035,-0.5089081874529411
7.0360000000000005,-0.7500718139748338
7.037,-0.5078705394875199
7.038,-0.2745995077359137
7.039000000000001,-0.26156303150439375
7.04,-0.14596133833220085
7.041,-0.05846795942274119
7.042,0.8232311531506844
7.043,0.3721416213811212
7.0440000000000005,-0.10504823129410656
7.045,0.5501566069386012
7.046,0.3821136114116506
7.047,0.3213463722126139
7.048,0.13373092611622855
7.049,0.23921324354446483
7.05,0.07859087071365432
7.051,0.013238256862732056
7.0520000000000005,-0.31806729650468196
7.053,-0.7204591084714341
7.054,-0.6879552298943576
7.055,-0.6466914965391208
7.056,-0.48506102461312495
7.057,-0.6352368377742984
7.058,-0.16109126134885757
7.059,0.020665186309127975
7.0600000000000005,0.13101819079531987
7.061,0.14551338762347255
7.062,0.22279596127126078
7.063,0.6150644356257507
7.064,0.6545765458726361
7.065,0.43419266671686946
7.066,0.5804231027328824
7.067,0.30091728451273164
7.0680000000000005,0.4423240876561365
7.069,0.08839988270077773
7.07,0.3549059634262224
7.071,0.15844915265694906
7.072,-0.528075805847799
7.073,-0.2849568539093162
7.074,-0.5907188006539392
7.075,-0.5977534252121901
7.0760000000000005,-0.3245955552282229
7.077,-0.7454059356167462
7.078,-0.5766285025073379
7.079,-0.5778455806765785
7.08,0.04583714771675826
7.081,0.09990339084430674
7.082,0.45312860538290434
7.083,0.27178212134677665
7.0840000000000005,0.3058682226929988
7.085,0.5362117502309183
7.086,0.6456304770505689
7.087,0.2885492245944739
7.088,-0.07204539244245056
7.089,0.16470271382325144
7.09,-0.017313798193843224
7.091,-0.06600593618731142
7.0920000000000005,-0.2041982951258111
7.093,-0.11551909455781978
7.094,-0.34984844175884977
7.095,-0.4177924677598661
7.096,-0.4234721527448203
7.097,-0.29269754805238335
7.098,0.13649598519647943
7.099,-0.5328320350268941
7.1000000000000005,-0.3236044162774942
7.101,0.23211406176214675
7.102,0.4357365870634172
7.103,0.38844926836414967
7.104,0.4971478488621972
7.105,0.5044227996720765
7.106,0.5266813322381864
7.107,0.5530856165062075
7.1080000000000005,0.49770348387418967
7.109,0.025997955233422215
7.11,0.19983112831567676
7.111,-0.15988657988373695
7.112,-0.07310237169472694
7.113,-0.727445925710477
7.114,-0.6307154103288383
7.115,-0.7478688867199087
7.1160000000000005,-0.37412399892658776
7.117,-0.38655046449168406
7.118,-0.5403628887852205
7.119,-0.5321575018549819
7.12,0.28625981166068765
7.121,0.3104423314386411
7.122,0.2907359191301343
7.123,0.05018502762877658
7.1240000000000006,0.1305640480630309
7.125,0.7067870251143855
7.126,0.4894461258684411
7.127,0.44091939890424736
7.128,0.11853058276959427
7.1290000000000004,0.14819385274820998
7.13,-0.09356439668487725
7.131,-0.47193556665769937
7.132000000000001,-0.5338455681813461
7.133,-0.26400860769444884
7.134,0.09453306657806598
7.135,-0.561682524084207
7.136,-0.1788769397899313
7.1370000000000005,-0.2324054755573482
7.138,-0.26408563372042465
7.139,-0.2544506261077594
7.140000000000001,-0.44232542055836194
7.141,0.04854131434635167
7.142,0.20461396430776327
7.143,0.42993902035642184
7.144,0.250922207183405
7.1450000000000005,0.39022321006727334
7.146,0.36059742051957805
7.147,0.5372876498583199
7.148000000000001,0.6376727131279019
7.149,0.08802357126387639
7.15,-0.03080815083337184
7.151,-0.08744218079129572
7.152,-0.5422435648152768
7.1530000000000005,-0.14817804896801012
7.154,-0.741587934172314
7.155,-0.5954996570221903
7.156000000000001,-0.9237508085478349
7.157,-0.3180275812590991
7.158,-0.20422716261530452
7.159,-0.15252785354507445
7.16,0.34507346436315095
7.1610000000000005,0.1168539650341393
7.162,0.12506147387722188
7.163,0.4646815949850267
7.164000000000001,0.5541945179779421
7.165,0.3506486082443834
7.166,0.49610649506886134
7.167,0.4294263112199117
7.168,0.20700804739358905
7.1690000000000005,0.07919775669998391
7.17,-0.0965993249268295
7.171,-0.1567170584971271
7.172,-0.7199290544841401
7.173,-0.4725914892087999
7.174,-0.7623911913297305
7.175,-0.43762890479439265
7.176,-0.48460826067994334
7.1770000000000005,-0.3791358076520189
7.178,-0.09130441517959395
7.179,-0.06029536907430777
7.18,-0.3229990684695918
7.181,-0.1058322424664154
7.182,-0.018701732773595825
7.183,0.3080673517019241
7.184,0.3548687861131351
7.1850000000000005,0.12617412472683842
7.186,0.6423861054647769
7.187,0.4387945128967333
7.188,-0.07519519135959246
7.189,0.2968171440769837
7.19,-0.034354901002247966
7.191,-0.6172333011403119
7.192,-0.3910180443597656
7.1930000000000005,-0.4179026602412623
7.194,-0.51557369973827
7.195,-0.3567319183646156
7.196,-0.34459392502990266
7.197,-0.8836892775544816
7.198,-0.40811603065551305
7.199,-0.25445132277883975
7.2,-0.026663837828646647
7.2010000000000005,0.19648099502290273
7.202,0.32783939708879706
7.203,0.4100586872187494
7.204,0.6174596097858723
7.205,0.0875364164258629
7.206,0.39914227578844047
7.207,0.647695005041786
7.208,0.36923557315442573
7.2090000000000005,-0.00235638571919905
7.21,-0.05711475747326432
7.211,-0.13049733541615133
7.212,-0.378252685510913
7.213,-0.35496186083855213
7.214,-0.5863797184096659
7.215,-1.058200614360209
7.216,-0.25067580435971965
7.2170000000000005,-0.6021039040038519
7.218,-0.0029843216627968294
7.219,-0.5085968473948376
7.22,-0.004013368235922884
7.221,-0.029183840799448912
7.222,0.25079781027641934
7.223,0.5331535885136072
7.224,0.7025117810042891
7.2250000000000005,0.5275791172160895
7.226,0.4754036867473918
7.227,0.4259166309451129
7.228,0.28881383218208967
7.229,0.347416525321025
7.23,0.19888244608252348
7.231,0.024418161771489283
7.232,-0.328397816181245
7.2330000000000005,-0.3374008705539786
7.234,-0.29979867298770835
7.235,-0.36064057442042885
7.236,-0.4813658346807255
7.237,-0.5506108030793183
7.238,-0.3725728732522793
7.239,-0.31077988805822426
7.24,0.11956098663517319
7.2410000000000005,0.8291213025328508
7.242,0.5857728471675643
7.243,0.4413036334839086
7.244,0.09863245859492353
7.245,0.12289832190196359
7.246,0.7071990787785245
7.247,0.31419264018118737
7.248,0.314057340672011
7.2490000000000006,0.01714995992731483
7.25,0.04426310345574529
7.251,-0.08351536346042195
7.252,-0.16563466071747804
7.253,-0.7885170739807372
7.2540000000000004,-0.6519173783722267
7.255,-0.5697557225183909
7.256,-0.6963288994102182
7.257000000000001,-0.06609507350263732
7.258,-0.1382351148640285
7.259,-0.40441602205799776
7.26,0.16014170450203646
7.261,0.5564629138216189
7.2620000000000005,0.4327682942229124
7.263,0.17203265528418943
7.264,0.4800565544354068
7.265000000000001,0.5669892170950641
7.266,0.38712251528536273
7.267,0.30022557475354844
7.268,0.13876603287687814
7.269,0.17068752040093854
7.2700000000000005,-0.21009598603943003
7.271,-0.19972359912804058
7.272,-0.551152120867308
7.273000000000001,-0.5664827076377219
7.274,-0.1437848966858591
7.275,-0.665951441515098
7.276,-0.43310875471458116
7.277,-0.24872255692927553
7.2780000000000005,-0.347343386862939
7.279,-0.11628743051681278
7.28,-0.21808636559702257
7.281000000000001,0.11261654500027085
7.282,0.43963495735481756
7.283,0.5605112154105529
7.284,0.49066462845982406
7.285,0.14146430192180265
7.2860000000000005,0.44874363796633054
7.287,0.1846292360059807
7.288,0.23745289224656804
7.289000000000001,0.3609911969772565
7.29,0.1553171337841333
7.291,-0.32096096833148025
7.292,-0.1618542898295555
7.293,-0.21308664379318085
7.2940000000000005,-0.3157626174866737
7.295,-0.5905925651403446
7.296,-0.32878392669964135
7.297,-0.1944150318952695
7.298,-0.4350046037855735
7.299,-0.24897579954359372
7.3,0.3345755613436212
7.301,-0.07106358796629117
7.3020000000000005,0.25995980091762283
7.303,0.55930338553493
7.304,0.19692444817396781
7.305,0.5260760316223977
7.306,0.4565765266393302
7.307,0.19369768304262935
7.308,0.33512305356250655
7.309,-0.08288234449281287
7.3100000000000005,-0.31929330701033215
7.311,-0.11272778290628004
7.312,-0.46089681397894144
7.313,-0.23923437739382442
7.314,-0.4292857503710553
7.315,-0.44558276038649913
7.316,-0.32521018152369296
7.317,-0.30793029454129095
7.3180000000000005,-0.5076984943026551
7.319,-0.256582019411564
7.32,0.2865368506680965
7.321,0.03830843985368157
7.322,0.5183257816368027
7.323,0.18637567725789592
7.324,0.21303587814718428
7.325,0.6293307983712493
7.3260000000000005,0.7986190117981191
7.327,0.12900310843829205
7.328,0.4346224573425964
7.329,0.597861501908563
7.33,0.037668675898672205
7.331,-0.02431909386898662
7.332,-0.3132685070045376
7.333,-0.43559510163987264
7.3340000000000005,-0.6195866831799173
7.335,-0.6569067978956744
7.336,-0.7008696733609182
7.337,-0.4513422652475529
7.338,-0.5059067815920814
7.339,-0.3014100478552755
7.34,0.08361385579147441
7.341,0.30777523733683365
7.3420000000000005,0.4388667942531983
7.343,0.6627640244127997
7.344,0.8202461299433521
7.345,0.41723055664484143
7.346,0.08039023978804455
7.347,0.7029496594928448
7.348,0.14559656348115363
7.349,-0.09879279864900886
7.3500000000000005,-0.2597777842172467
7.351,0.07577427958691549
7.352,-0.42425694319287777
7.353,-0.5808061928407804
7.354,-0.34224124944342443
7.355,-0.2854297727677447
7.356,-0.5925637255788315
7.357,-0.5626248910908901
7.3580000000000005,-0.31432462716103315
7.359,-0.06131279354936943
7.36,0.14751529100218871
7.361,0.24385176649291834
7.362,0.12656197971156263
7.363,0.47722685698030765
7.364,0.4548416091086728
7.365,0.6988825952821586
7.3660000000000005,0.42066183064397966
7.367,0.2631213642000692
7.368,0.07573247522676996
7.369,-0.08296894630197305
7.37,-0.04262516252310149
7.371,0.05089949606875496
7.372,-0.281550747566533
7.373,-0.16004157331882077
7.3740000000000006,-0.16409123476907111
7.375,-0.6875499554357354
7.376,-0.528418510871517
7.377,-0.3025512162719852
7.378,-0.30606506651936616
7.3790000000000004,-0.1936537132938786
7.38,-0.10627140773852797
7.381,-0.257086573435962
7.382000000000001,0.17741885209881458
7.383,0.22274218775041144
7.384,0.6580504344863425
7.385,0.5208347763619374
7.386,0.27614017340218533
7.3870000000000005,0.32758482116006965
7.388,0.24941127028746052
7.389,-0.16184870304584562
7.390000000000001,0.4750503620732331
7.391,-0.5956348243362726
7.392,-0.7338467137582478
7.393,-0.14821077123573445
7.394,-0.41581429072820303
7.3950000000000005,-0.5439207325270391
7.396,-0.6127529332490566
7.397,-0.6242667583857662
7.398000000000001,-0.42824577888571114
7.399,-0.24502295073268893
7.4,-0.1331036545183951
7.401,0.518087506907142
7.402,0.1560175001712604
7.4030000000000005,0.694245607261164
7.404,0.8077445568888209
7.405,0.7079005154432935
7.406000000000001,0.37850435037162067
7.407,-0.06614888370874888
7.408,0.24346894508957026
7.409,-0.130724325827283
7.41,-0.2378699146314329
7.4110000000000005,0.0952635563002002
7.412,-0.10168957755181982
7.413,-0.5214422946636792
7.414000000000001,-0.4822471112127632
7.415,-0.695697777044749
7.416,-0.30072812732029086
7.417,-0.40296930805547726
7.418,-0.19514263532940257
7.4190000000000005,-0.40542039663610163
7.42,0.16529704227846645
7.421,-0.1350341218075999
7.422000000000001,0.052938682810849125
7.423,0.5686385330385251
7.424,0.4726722320973643
7.425,0.6632133330109593
7.426,0.7791971128037457
7.4270000000000005,0.6553305518314436
7.428,0.37162880842081825
7.429,0.03457433685898981
7.43,-0.024838930625642266
7.431,0.06279983789917512
7.432,0.12704828871212548
7.433,-0.49298981430221156
7.434,-0.5128266850991887
7.4350000000000005,-0.7050810995000714
7.436,-0.12258252106275458
7.437,-0.44094837478694116
7.438,-0.5783531554592692
7.439,0.26479700157766095
7.44,0.024328724351496123
7.441,0.17916388065390979
7.442,0.24893168434271226
7.4430000000000005,0.688956056102901
7.444,0.666679562333215
7.445,0.5277482194510398
7.446,0.4950764117487818
7.447,0.14590186739848743
7.448,0.08945239524086818
7.449,0.21076234513917935
7.45,0.20051823440207753
7.4510000000000005,-0.17949232092633788
7.452,-0.32855909232983666
7.453,-0.488522745917856
7.454,-0.1630911190792415
7.455,-0.674168211666838
7.456,-0.18561513367077365
7.457,-0.402688597808711
7.458,-0.12128732129914319
7.4590000000000005,0.001783600352953607
7.46,-0.07202747756473103
7.461,0.4715159810997375
7.462,0.3103295881503614
7.463,0.4672354302908928
7.464,0.5089399575823352
7.465,0.4865824059031248
7.466,0.7321557586794255
7.4670000000000005,0.5711804836995142
7.468,0.6035279077654377
7.469,0.3307204558754268
7.47,-0.13290890900131344
7.471,0.16169657546768884
7.472,-0.4559352297869045
7.473,-0.36338634226847066
7.474,-0.1212401345719199
7.4750000000000005,-0.12454384455852902
7.476,-0.1961489376864649
7.477,-0.5037501651667432
7.478,-0.07614457258539281
7.479,-0.15496847144264173
7.48,0.233493270624595
7.481,-0.05677160781750931
7.482,0.4446618200095173
7.4830000000000005,0.6629706092093341
7.484,0.6440593922220118
7.485,0.47269417363937044
7.486,0.692834524194885
7.487,0.7012852020120723
7.488,0.1666418469666855
7.489,0.3644053666071271
7.49,-0.19019759715902793
7.4910000000000005,-0.40552347527198196
7.492,-0.21386961973338148
7.493,-0.26047960119961633
7.494,-0.5381171018855739
7.495,-0.47869195585749336
7.496,-0.5076663463998995
7.497,-0.2052292427911459
7.498,-1.0095949622743485
7.4990000000000006,0.12198105612109042
7.5,-0.1410309462478571
7.501,-0.25616369164536434
7.502,0.345443672576874
7.503,0.09726980171595107
7.5040000000000004,0.5182754824906952
7.505,0.4197068564053016
7.506,0.09157416543804398
7.507000000000001,0.3501544850725686
7.508,0.45395344383245684
7.509,0.17403331241518433
7.51,-0.11984402676219416
7.511,0.22329122945774885
7.5120000000000005,-0.2358575113311658
7.513,-0.36397566315308255
7.514,-0.6177788751914498
7.515000000000001,-0.8342169298650712
7.516,-0.4875241564868996
7.517,-0.6725526526304868
7.518,-0.3250726519001806
7.519,-0.23198039350890276
7.5200000000000005,-0.0007283434697741646
7.521,0.14228913050997682
7.522,0.30898360548102033
7.523000000000001,0.5475357405013843
7.524,0.7269963551380723
7.525,0.2776013533269981
7.526,0.7225688958816949
7.527,-0.03044200787423934
7.5280000000000005,-0.18981584778557803
7.529,0.04336401430176963
7.53,0.002878511428425879
7.531000000000001,-0.04603663001737149
7.532,-0.3552116409475819
7.533,-0.37814111770381076
7.534,-0.7995988105387508
7.535,-0.5820408279747562
7.5360000000000005,-0.2007782475050195
7.537,-0.36027186930911675
7.538,-0.5518063557770609
7.539000000000001,-0.17574669633520046
7.54,0.15701587934894468
7.541,0.6109445469415629
7.542,0.4262975671649232
7.543,-0.004335724874925617
7.5440000000000005,0.2565039520007943
7.545,0.42223275406800337
7.546,0.5976225219953701
7.547000000000001,0.3184162094761717
7.548,0.11743768642326105
7.549,0.21737238869994002
7.55,-0.16001117863408962
7.551,-0.02824736394133609
7.5520000000000005,-0.4707177994707513
7.553,-0.21034276674512423
7.554,-0.46384313071338695
7.555,-0.6255909973937337
7.556,-0.20911282835478978
7.557,-0.45284647168764364
7.558,-0.15724913003864663
7.559,0.15882329717149385
7.5600000000000005,-0.1673528449237197
7.561,0.3078136574915564
7.562,0.31589312224856464
7.563,0.3018635584441087
7.564,0.4568070647718684
7.565,0.3389049443985531
7.566,0.7903553907649103
7.567,0.30694828961459
7.5680000000000005,0.02695890074530355
7.569,0.15510653677660882
7.57,-0.11668270458337353
7.571,-0.5874956953022821
7.572,-0.3974267837056328
7.573,-0.6799153142649936
7.574,-0.5331244174142719
7.575,-0.37431526646203817
7.5760000000000005,-0.315237299652086
7.577,-0.3583175395755051
7.578,-0.35339588992063375
7.579,0.009167180613961462
7.58,0.3183885559544599
7.581,0.30761972131451243
7.582,0.5119161958909898
7.583,0.5691410522913449
7.5840000000000005,0.08781251423290115
7.585,0.9152333942912182
7.586,0.3193289286597596
7.587,0.45939319594339356
7.588,0.5584806448990374
7.589,-0.1608832135117555
7.59,-0.05304295236245922
7.591,-0.4127638995838053
7.5920000000000005,-0.46049951797556865
7.593,-0.3201171850228316
7.594,-0.47313164672901425
7.595,0.09891930107249836
7.596,-0.7057540394561885
7.597,-0.6098554623838398
7.598,-0.38739271530570696
7.599,-0.35371655618575104
7.6000000000000005,0.07788531240846866
7.601,0.1520404174786132
7.602,0.1889533389511334
7.603,0.2748808485724501
7.604,0.3061057002517915
7.605,0.2626206461930616
7.606,0.5964289786423611
7.607,0.7971639964821332
7.6080000000000005,0.06944265559498902
7.609,-0.23024734176408515
7.61,-0.10802992670985206
7.611,-0.4866618712751903
7.612,-0.40844372294560716
7.613,-0.44072441799464224
7.614,-0.4885710445389934
7.615,-0.5667277862087099
7.6160000000000005,-0.6853794385728833
7.617,-0.19950888962208968
7.618,-0.34081814514480935
7.619,-0.20464126289583112
7.62,0.34507548180610237
7.621,-0.17519263016325118
7.622,0.3540530324720538
7.623,0.446167389393269
7.6240000000000006,0.1452457195488827
7.625,0.38390612110729216
7.626,0.39701931338486424
7.627,0.16509862807163359
7.628,0.19206515299811489
7.6290000000000004,0.13598494399362396
7.63,-0.17931836236387078
7.631,-0.3781427109400366
7.632000000000001,-0.39315123211499625
7.633,-0.4911561649057952
7.634,-0.6170807874573992
7.635,-0.4931715107265669
7.636,-0.44511266121431287
7.6370000000000005,-0.7303196783920867
7.638,-0.14911724521433417
7.639,-0.032440795554046234
7.640000000000001,0.022356077780924983
7.641,0.18740096531442801
7.642,0.35535490032786743
7.643,0.4897899033377182
7.644,0.6184240976460573
7.6450000000000005,0.3357404375264846
7.646,0.807345426804113
7.647,0.4231899837731723
7.648000000000001,0.040545080733559
7.649,0.27191014847869094
7.65,-0.11376326458156158
7.651,-0.1902869321020536
7.652,-0.2667727287483136
7.6530000000000005,-0.5727660872395406
7.654,0.03166464507990657
7.655,-0.6373350281491583
7.656000000000001,-0.27696792078315874
7.657,-0.3730564520358616
7.658,-0.38492384948771585
7.659,-0.18065950310166765
7.66,0.21909670634716605
7.6610000000000005,0.3140333381888558
7.662,0.2776094071477621
7.663,0.2064550270323292
7.664000000000001,0.5469575616306337
7.665,0.23620277211221863
7.666,0.7383513990968472
7.667,0.6591447289773407
7.668,0.1549481853447925
7.6690000000000005,0.050569188219842645
7.67,-0.17074793999640595
7.671,-0.35161968002749144
7.672000000000001,-0.2881894746214126
7.673,-0.49592403763300624
7.674,-0.7166315976739356
7.675,-0.4472473153436071
7.676,-0.3683589489018852
7.6770000000000005,-0.062479324251373036
7.678,-0.33579792918383583
7.679,-0.22081789599868684
7.68,0.03931510042967942
7.681,0.17942088139053253
7.682,0.13248723227974807
7.683,0.5131003252308243
7.684,0.28748631926408635
7.6850000000000005,0.6900732172042371
7.686,0.2159276127322295
7.687,0.6104074363808352
7.688,0.10319807248685126
7.689,-0.16782022317497772
7.69,-0.4579573248217996
7.691,0.1613450893387292
7.692,-0.0469048157184061
7.6930000000000005,-0.5307689670411071
7.694,-0.6313196962893179
7.695,-0.7770751232085404
7.696,-0.7466578675024291
7.697,-0.6248002137351194
7.698,-0.3008618075952324
7.699,-0.29117336279581485
7.7,0.38428002531786476
7.7010000000000005,0.31802448871660804
7.702,-0.0875029658147955
7.703,0.27982075461860817
7.704,0.6088452753574226
7.705,0.5696436248398354
7.706,0.4463455475864846
7.707,0.6783814345144282
7.708,0.3467712255521549
7.7090000000000005,0.14977975235691648
7.71,0.03038194963213882
7.711,0.027387863266338686
7.712,0.2957458855248879
7.713,-0.2835854749931922
7.714,-0.6348420141056639
7.715,-0.17709766675930722
7.716,-0.2874517217189192
7.7170000000000005,-0.8429820028500972
7.718,0.04262632826297258
7.719,-0.0358300253264949
7.72,-0.20683215405532301
7.721,0.24548935012099277
7.722,0.4102213047133543
7.723,0.1371037320844014
7.724,0.257013120047841
7.7250000000000005,0.5324029601405358
7.726,0.5949506769094236
7.727,1.0262885988889487
7.728,-0.07564230868933974
7.729,0.1596903169559938
7.73,0.2750615180266873
7.731,-0.11877981867808446
7.732,-0.17060179463141908
7.7330000000000005,-0.2815694554297536
7.734,-0.7511080159451182
7.735,-0.4047106161611467
7.736,-0.7270031774180956
7.737,-0.3603661071294566
7.738,-0.8062359589183817
7.739,-0.23958568603991737
7.74,-0.3426996856005976
7.7410000000000005,0.11174769687871722
7.742,0.5992592341610048
7.743,0.33786559524727866
7.744,0.3379766921119623
7.745,0.6717548865708071
7.746,0.29617098225663124
7.747,0.6125019816212215
7.748,0.3114734306455395
7.7490000000000006,0.31508907688945653
7.75,0.26552514734208327
7.751,-0.13756546803961855
7.752,-0.23245722165633714
7.753,-0.3286817876475334
7.7540000000000004,-0.3628224217633867
7.755,-0.48664442112297734
7.756,-0.1529729039576992
7.757000000000001,-0.3077579898467824
7.758,-0.1278681001785553
7.759,-0.26976977426414706
7.76,-0.05114534543020382
7.761,0.24148783776548455
7.7620000000000005,0.37308642313800006
7.763,-0.001085501961044566
7.764,0.62808359518709
7.765000000000001,0.39076417111593553
7.766,0.4491221659755529
7.767,0.3513670874084378
7.768,0.3931414779549872
7.769,0.02901871750008833
7.7700000000000005,0.26975906729717014
7.771,-0.27171235791966325
7.772,-0.1948395090557105
7.773000000000001,-0.20004279703448663
7.774,-0.3274676988820659
7.775,-0.32458348762913997
7.776,-0.6050886685261513
7.777,-0.4782568363423432
7.7780000000000005,-0.27675400941892825
7.779,0.11855711904206631
7.78,0.34356090465897793
7.781000000000001,0.015017419811411137
7.782,0.6493739956999076
7.783,0.28090266998147434
7.784,0.28944785369138515
7.785,0.9798847256042682
7.7860000000000005,0.45481079505306554
7.787,0.4738515249743421
7.788,0.22540996507392652
7.789000000000001,-0.0681435703508407
7.79,0.016478390953598675
7.791,-0.23760315666756665
7.792,-0.7824678580541353
7.793,-0.7254371003030273
7.7940000000000005,-0.7540208614732192
7.795,-0.4806273115006778
7.796,-0.3200206372833671
7.797000000000001,-0.3683963909252339
7.798,-0.15132951390878618
7.799,0.05642842357931102
7.8,-0.0423980125519705
7.801,0.02176535187209469
7.8020000000000005,0.4185373143005354
7.803,0.4887747146878489
7.804,0.42858552489687585
7.805000000000001,0.3106890224702046
7.806,0.8432921287419494
7.807,0.28606057013027286
7.808,0.11054734194282093
7.809,0.0671068259109551
7.8100000000000005,-0.08543025329875488
7.811,-0.099258121047337
7.812,-0.15795345447714174
7.813,-0.5230898387891468
7.814,-0.518808265537243
7.815,-0.7160732263520327
7.816,-0.5287539743084237
7.817,0.07851733869859978
7.8180000000000005,-0.01941987590842542
7.819,-0.5361838340528906
7.82,-0.14371212297512528
7.821,-0.10747150060788904
7.822,0.1811080843076459
7.823,0.3292106631657185
7.824,-0.008900815884548052
7.825,0.5999322104377609
7.8260000000000005,0.4078263147438967
7.827,0.5229927765423215
7.828,0.27093866900308844
7.829,0.5574692249010283
7.83,-0.09890459363106541
7.831,-0.227975941328877
7.832,-0.2583401148984281
7.833,-0.22557995679880022
7.8340000000000005,-0.5639514994387174
7.835,-0.6299514644278263
7.836,-0.3916379373884608
7.837,-0.47943068994627136
7.838,-0.392208113580362
7.839,0.023106384346883196
7.84,0.07368059371935798
7.841,0.15474088988402282
7.8420000000000005,0.2576192016059277
7.843,0.25178319507309854
7.844,0.3939682682686596
7.845,0.7092651880916332
7.846,0.5167007402271379
7.847,0.4250693727106623
7.848,-0.006490172265769145
7.849,-0.048587949264973396
7.8500000000000005,-0.16371554298075774
7.851,-0.15606483820807351
7.852,-0.38487087052502517
7.853,-0.22060103829848848
7.854,-0.46144500638920866
7.855,-0.6903752092369366
7.856,-0.5273628522233145
7.857,-0.415331859501339
7.8580000000000005,-0.2787318228070086
7.859,-0.6421259312489306
7.86,0.08815051707913013
7.861,-0.03390694191396654
7.862,0.25380577170563356
7.863,0.6787246476814695
7.864,0.1422351258237342
7.865,0.5133751971869845
7.8660000000000005,0.6941070205488249
7.867,0.8417216733414131
7.868,0.12790208137554449
7.869,0.03374183652017476
7.87,0.2076490834299762
7.871,0.14634100052401108
7.872,-0.5115017535492534
7.873,-0.6586396952397173
7.8740000000000006,-0.3419912139675247
7.875,-0.5562289620454034
7.876,-0.4100968416845716
7.877,-1.1135204698945698
7.878,-0.17746297125665125
7.8790000000000004,-0.06051671926406123
7.88,0.04961343442415259
7.881,0.07450222578347704
7.882000000000001,0.4998851499169427
7.883,0.3298491015503317
7.884,0.014870531732678438
7.885,0.5241807182742253
7.886,0.5395894093373264
7.8870000000000005,0.3524224091380425
7.888,0.4226011441839129
7.889,0.29946496837149605
7.890000000000001,-0.10254374588304387
7.891,-0.352264728990125
7.892,-0.07466310512390975
7.893,-0.04300765205537571
7.894,-0.2877810055102978
7.8950000000000005,-0.34327881934812376
7.896,-0.4748491825490035
7.897,-0.29801229994343004
7.898000000000001,-0.4719669639730455
7.899,-0.33380668538101593
7.9,-0.09026361558297515
7.901,0.21334860697365754
7.902,0.6603565198222395
7.9030000000000005,0.18668790142743252
7.904,0.2728359660819261
7.905,0.2302833533406523
7.906000000000001,0.6035929715919075
7.907,0.8514092913926599
7.908,0.03859174619260625
7.909,0.2717274242764073
7.91,0.2514842515358835
7.9110000000000005,0.3847797926847782
7.912,-0.23482241975343743
7.913,-0.6711858173184215
7.914000000000001,-0.4633337002278329
7.915,-0.4898671154380051
7.916,-0.44588765715438067
7.917,-0.6048506551427586
7.918,-0.18244147735231964
7.9190000000000005,-0.22205808361452695
7.92,0.12385512980979609
7.921,0.1683895734586555
7.922000000000001,0.6465137457964252
7.923,0.5914175626987443
7.924,0.11684341288668226
7.925,0.25529792351483827
7.926,0.5322814638785983
7.9270000000000005,0.2909849889299027
7.928,0.33485897986364727
7.929,-0.054494940674341213
7.930000000000001,-0.48484248354254045
7.931,0.09285524346185037
7.932,-0.23582884563717815
7.933,-0.705078667970076
7.934,-0.6548710442299501
7.9350000000000005,-0.7480989880764986
7.936,-0.41927915139409333
7.937,-0.4702009693071152
7.938,-0.40241749964684936
7.939,-0.014064777382128357
7.94,-0.2966418672542259
7.941,0.03786703007145295
7.942,0.07062640705882181
7.9430000000000005,0.8425370158950651
7.944,0.20583514562670457
7.945,0.3516862752605875
7.946,0.5350315938952112
7.947,0.3954727725319539
7.948,0.33594872102466367
7.949,-0.24392225541416654
7.95,-0.015937263237531474
7.9510000000000005,0.2790027673163568
7.952,-0.3478089999671449
7.953,-0.2636510777502855
7.954,-0.5627547674517945
7.955,-0.5305247964747255
7.956,-0.4976665712667671
7.957,-0.6633522762831516
7.958,-0.42366280574153103
7.9590000000000005,-0.1571371405259648
7.96,-0.5943603871595504
7.961,0.45434687969103427
7.962,0.5648349033941158
7.963,0.041764294465606255
7.964,0.47911504281073763
7.965,0.316250759331497
7.966,0.4022266947481973
7.9670000000000005,0.31786699402098123
7.968,0.3099493112290366
7.969,0.0707180421655613
7.97,0.05092742965201744
7.971,-0.12367342487628795
7.972,-0.21338970931757367
7.973,-0.29221581217812115
7.974,-0.743442958424136
7.9750000000000005,-0.6126973267266853
7.976,-0.5476792117740655
7.977,-0.2897052239891534
7.978,-0.13233076854604076
7.979,-0.20857591331508435
7.98,0.24147118460479253
7.981,0.2349159143963793
7.982,0.10074065853821479
7.9830000000000005,0.2431113535330751
7.984,0.5064832398282112
7.985,0.4823893983679905
7.986,0.3871182967810309
7.987,0.4085359274432139
7.988,0.25199748545436257
7.989,0.49095623293384927
7.99,0.15259272193301318
7.9910000000000005,-0.11988443960926068
7.992,-0.5507443233778784
7.993,-0.2990923437961185
7.994,-0.9774816934801462
7.995,-0.6023460350045016
7.996,-0.366613593986031
7.997,0.03891161038987384
7.998,-0.1069874886615318
7.9990000000000006,-0.23862991430947322
8.0,0.10776210869089971
8.001,0.6368109781935125
8.002,0.8524550919756395
8.003,1.3546371188873993
8.004,1.8968283169490257
8.005,1.3907575096239102
8.006,1.559364561185102
8.007,1.5564179994942036
8.008000000000001,0.42853276340845425
8.009,0.9007831955837923
8.01,0.612274056315639
8.011000000000001,0.46382540413364787
8.012,0.15980484525398997
8.013,0.672618508860723
8.014,0.26352167673211835
8.015,-0.043361382038496044
8.016,-0.548182021377217
8.017,-1.2154221453867442
8.018,-1.3117322603948107
8.019,-1.455712261959248
8.02,-1.5864448258006552
8.021,-1.129236567515666
8.022,-1.192648834551012
8.023,-0.24726668853912198
8.024000000000001,0.3592510085825462
8.025,0.6249423639809802
8.026,0.30019116720255
8.027000000000001,0.5561744059402716
8.028,0.23548307852361974
8.029,0.13276009168953132
8.03,0.0007950143538184573
8.031,-0.3352587326635505
8.032,0.020842146696369232
8.033,0.3543169456502152
8.034,0.7868681439284236
8.035,0.6840266402472102
8.036,0.953793096523033
8.037,1.022051293248663
8.038,1.0473530833156568
8.039,0.50086077250145
8.040000000000001,0.07614690322439477
8.041,0.11097536094749687
8.042,-0.21947704479482702
8.043000000000001,0.009407868310358367
8.044,0.10565200256732657
8.045,-0.06588897144997463
8.046,-0.049442439275921346
8.047,0.3428449247122948
8.048,-0.23736703257180128
8.049,-0.6494458766637512
8.05,-0.820299593768175
8.051,-1.630177694882266
8.052,-1.6838219469830582
8.053,-1.49113974672298
8.054,-1.6875575797459097
8.055,-0.980739889009786
8.056000000000001,-1.0753428181879925
8.057,-0.1868782280571774
8.058,0.931022882122414
8.059000000000001,0.41351892172430466
8.06,0.8592926470720031
8.061,1.1079562337797584
8.062,0.7472391424014597
8.063,1.142212366179511
8.064,0.852477685468866
8.065,1.150260084261283
8.066,1.152018648508822
8.067,1.4528102577863593
8.068,1.4572324515246147
8.069,0.937804365940202
8.07,0.9230793802707697
8.071,0.4027441125201084
8.072000000000001,-0.18000961673325
8.073,-1.1934929319232435
8.074,-2.015884647426161
8.075,-1.4759232423564645
8.076,-1.81677494284764
8.077,-1.022471747246809
8.078,-1.1756610442441378
8.079,-0.8545069179669026
8.08,-0.5262598523776487
8.081,-0.4383634583632149
8.082,0.4466214144547005
8.083,-0.03551471678811828
8.084,0.061976361181885514
8.085,-0.04684724938340759
8.086,0.32099869330679115
8.087,0.2562440064857259
8.088000000000001,0.6581932196359025
8.089,0.9125553323951568
8.09,0.909766038735532
8.091,1.4596440222469145
8.092,1.329766394398316
8.093,0.9128055045326179
8.094,0.7704759375256949
8.095,0.44051745929902
8.096,-0.428496593712729
8.097,-0.38970317804057114
8.098,-0.43167544994919016
8.099,0.05890633264538442
8.1,-0.40206193398497797
8.101,0.455623053974293
8.102,0.567522350210079
8.103,0.2852757171209973
8.104000000000001,0.13299601950245296
8.105,-0.4454371990343353
8.106,-0.4788903550714988
8.107,-0.5085268336945072
8.108,-1.2631167730962187
8.109,-0.8624880698632069
8.11,-1.1046713112008328
8.111,-0.9766533794318446
8.112,-0.47328031275366406
8.113,0.2170702570235154
8.114,0.03380152709700493
8.115,-0.312650968119309
8.116,-0.05974210285598708
8.117,0.10944821647271395
8.118,-0.06980217389243301
8.119,0.1073619046132087
8.120000000000001,0.5910180684321298
8.121,0.6670263683435674
8.122,0.8636472327935196
8.123,1.0646260585020757
8.124,1.8247757019872548
8.125,1.8058908111619187
8.126,1.149289489033949
8.127,1.5351264352066685
8.128,0.591900887266575
8.129,-0.04410914957632567
8.13,-1.0386055461778487
8.131,-1.3334337953891198
8.132,-1.5040166002583741
8.133000000000001,-0.7934273083974727
8.134,-1.531919566763946
8.135,-0.6796002861885206
8.136000000000001,-1.6553110255345862
8.137,-1.2777078091926084
8.138,-0.8183283922051143
8.139,-1.0993403282418177
8.14,-1.149673977361102
8.141,-0.5202396114912623
8.142,-0.2954678437049728
8.143,0.13949680098257666
8.144,0.7045735748005372
8.145,1.2683302695987426
8.146,1.4177639377011444
8.147,1.4960121290012143
8.148,1.713844237381525
8.149000000000001,1.4322593877928367
8.15,0.9557940764695845
8.151,0.7358426810945795
8.152000000000001,-0.019688121654260426
8.153,0.00209159722964862
8.154,-0.2970109602537941
8.155,0.04773149938336138
8.156,-0.39206550591905
8.157,0.1445186038672166
8.158,-0.14767247287561452
8.159,0.06584973054765891
8.16,-0.36207951460551396
8.161,-0.9788038665943726
8.162,-0.7298084887067503
8.163,-0.7305677962885119
8.164,-1.2820424712518197
8.165000000000001,-1.0796379141856367
8.166,-0.4244216262736476
8.167,-0.20518973741194946
8.168000000000001,0.05021937325903714
8.169,0.15091358568469831
8.17,0.5018034285769242
8.171,0.11873758168756882
8.172,-0.02639849574957165
8.173,-0.163775756289234
8.174,-0.04853061394468117
8.175,-0.2334366514390649
8.176,-0.05930376416865983
8.177,0.1154030732769632
8.178,0.648587435180144
8.179,1.405838576601708
8.18,1.4558076151673853
8.181000000000001,0.9714366455048735
8.182,1.1212797728786443
8.183,0.6343937527153444
8.184000000000001,0.3489152763637826
8.185,0.05025086354236663
8.186,0.15897020140036572
8.187,-0.15419813648521388
8.188,-0.5509076875381974
8.189,0.17225667829080726
8.19,-0.845726740554414
8.191,-0.5464341540792934
8.192,-0.8096531041609606
8.193,-0.6275096946512013
8.194,-1.1589548595978425
8.195,-1.4949902318341697
8.196,-1.6324140868064216
8.197000000000001,-1.913300612062313
8.198,-1.1680047925937846
8.199,-1.0244829566548268
8.2,0.12581215599159362
8.201,0.8252722594934022
8.202,1.1352122984964803
8.203,1.4860972068177805
8.204,1.5666650516628566
8.205,1.7114741956250796
8.206,1.4905084251453182
8.207,1.2800593960272315
8.208,0.5893157553050361
8.209,0.5670625683411542
8.21,0.5505330441833454
8.211,0.7849254631422218
8.212,-0.013234732592814935
8.213000000000001,0.4430869806589086
8.214,-0.2873971516874466
8.215,-0.13579098285868685
8.216,-0.7561741506115911
8.217,-1.662039468205604
8.218,-1.54024269477383
8.219,-1.823400109528109
8.22,-1.1754917671279739
8.221,-0.9115677134915339
8.222,-0.8902037745309149
8.223,-0.22759185840668128
8.224,-0.14215224532823506
8.225,0.32433872733990293
8.226,0.18680060914975577
8.227,0.27299071862371016
8.228,0.587318767216614
8.229000000000001,-0.459914278212916
8.23,-0.09045658147056994
8.231,-0.001978749901028365
8.232,-0.09203123497418575
8.233,0.07105371674948596
8.234,0.24046247815893462
8.235,0.9173909520012773
8.236,0.9296455060517393
8.237,1.0056413096574273
8.238,0.9484862307790152
8.239,0.6449053224846024
8.24,0.4057242309664084
8.241,0.03407309362214447
8.242,-0.06772745933403858
8.243,-0.3474424308918598
8.244,0.19396973205395143
8.245000000000001,0.11162895442772437
8.246,0.16971032589328355
8.247,-0.13683276855804738
8.248,0.14004592693022588
8.249,-0.6237794866457032
8.25,-0.9718654175838517
8.251,-1.5376497646725333
8.252,-1.449780506567566
8.253,-1.7637744350796232
8.254,-1.743587076351432
8.255,-0.8197520146884609
8.256,-1.0256980081032654
8.257,-0.031721631312583286
8.258000000000001,0.7647721396650853
8.259,0.7373376619306701
8.26,0.7179950930075059
8.261000000000001,1.2014492121241687
8.262,1.2370455143631405
8.263,0.7249218312976711
8.264,1.0212416419223593
8.265,1.2597709671757238
8.266,1.2565512115222406
8.267,1.324411816664788
8.268,1.3537259694912658
8.269,1.1186987334204808
8.27,1.063860043784747
8.271,0.011560352883607183
8.272,-0.4572396498207716
8.273,-0.5712697875890319
8.274000000000001,-1.4400571609917119
8.275,-1.839861572895661
8.276,-1.9835855226995465
8.277000000000001,-1.7115653158473862
8.278,-1.8260490379591148
8.279,-0.9201403141650399
8.28,-0.6600700801655153
8.281,-0.40000235321618
8.282,0.05149122486092472
8.283,-0.26142367931667854
8.284,-0.26252427233267706
8.285,0.01302013903179651
8.286,0.11465080508221547
8.287,0.5438772868762418
8.288,0.3728079946882127
8.289,0.9401604839067514
8.290000000000001,1.1836420365813536
8.291,1.3128502682913061
8.292,1.0549195516848522
8.293000000000001,0.8025079830273683
8.294,0.9472259950382486
8.295,0.26026863559372715
8.296,0.19659232706852275
8.297,-0.542829511082444
8.298,-0.11094509188212154
8.299,0.08260164424758701
8.3,0.5403726563556236
8.301,0.20533997092618184
8.302,0.4008901001718418
8.303,0.17107361260346698
8.304,-0.0553586535459914
8.305,-0.3380089903781412
8.306000000000001,-0.7892928881607459
8.307,-1.040467654201173
8.308,-1.4603311540942894
8.309000000000001,-1.352095506490191
8.31,-1.1938341768834089
8.311,-0.5402645363470179
8.312,-0.6129144916364557
8.313,-0.24255849561017587
8.314,-0.3132741378430279
8.315,0.037191193032595014
8.316,-0.3865309926559441
8.317,0.1828616380057369
8.318,0.04679727760994226
8.319,0.14726358602676237
8.32,0.23026228857339445
8.321,0.9727050023805013
8.322000000000001,1.3248770232497873
8.323,1.5882383984670494
8.324,1.5332339255492982
8.325,2.0467168221618914
8.326,1.257911866163598
8.327,1.0772803152984445
8.328,0.4969906178180661
8.329,-0.09339298605728788
8.33,-0.5303370886099394
8.331,-1.176377877792509
8.332,-1.4448420296438806
8.333,-1.3585446430919177
8.334,-1.0739800130611252
8.335,-0.6503364543984367
8.336,-0.9432334579083436
8.337,-1.2749466337876214
8.338000000000001,-1.016189209489032
8.339,-0.720002757689964
8.34,-1.186517883136527
8.341,-0.8470304144759845
8.342,-0.014685175982949383
8.343,0.07030627114708173
8.344,0.5880553234958753
8.345,1.036446951043483
8.346,1.4913891409715483
8.347,1.538626356110447
8.348,1.5508548264302078
8.349,1.1212262980938035
8.35,1.2938859523889505
8.351,0.3791095683906275
8.352,0.09762699179477388
8.353,-0.31237231338467203
8.354000000000001,-0.47592932972131774
8.355,0.05890270487654775
8.356,-0.066119541864461
8.357,0.10740536259075216
8.358,0.3379684619896922
8.359,-0.31304030121714344
8.36,0.07600105933652135
8.361,-0.9862176042739599
8.362,-0.7199625740590943
8.363,-0.898862053779862
8.364,-1.4603113021366587
8.365,-0.8307624603766953
8.366,-0.7038486856622184
8.367,-0.6503451290746394
8.368,-0.21848483858074258
8.369,0.11741628347243412
8.370000000000001,0.454233430839888
8.371,0.13042037305878662
8.372,-0.348610852235954
8.373,0.08949087379575987
8.374,-0.4055392996272119
8.375,0.030577198565487906
8.376,-0.037162656811244435
8.377,0.09348334135091349
8.378,0.5959441281113634
8.379,1.0129405484200642
8.38,1.7296038811374004
8.381,1.5224484406897505
8.382,1.529446381302403
8.383000000000001,1.1125385486908885
8.384,0.7166401879158533
8.385,0.17845042983356973
8.386000000000001,-0.16773098115304558
8.387,0.06494384818172577
8.388,-0.27217464705338834
8.389,-0.2461273793315973
8.39,-0.392742345501969
8.391,-0.718018910028856
8.392,-0.6879302847811845
8.393,-1.2752715239525152
8.394,-1.0989094416903584
8.395,-1.3157047496895653
8.396,-1.501555952685173
8.397,-1.153526506817787
8.398,-1.4158166067291056
8.399000000000001,-1.0657023498040004
8.4,0.01685054895662416
8.401,0.7395682213279848
8.402000000000001,1.456204049194912
8.403,1.952722888461514
8.404,1.504703795082126
8.405,1.3979229784622151
8.406,1.2511397127639492
8.407,0.9260085039589461
8.408,1.0146468529095019
8.409,0.47744482194585003
8.41,0.5651864780589716
8.411,0.6256597196781172
8.412,0.49722452048028715
8.413,0.0699145713810681
8.414,-0.11738070572375389
8.415000000000001,-0.11894270437821536
8.416,-0.5595203488158954
8.417,-1.1395016909861049
8.418000000000001,-1.6947353827064338
8.419,-1.5758327350362495
8.42,-1.8056341867471084
8.421,-1.4182241415651373
8.422,-0.9433587393898122
8.423,-0.3033194204580082
8.424,0.15920322056646863
8.425,0.4624941484222961
8.426,0.5526956733418611
8.427,0.2118865178307952
8.428,0.15730754303635833
8.429,-0.09344542767086862
8.43,-0.21661102450882555
8.431000000000001,0.08855978862975974
8.432,0.18028527206908532
8.433,0.4690434822712678
8.434000000000001,0.5823771950217381
8.435,0.7757030605858684
8.436,1.1879666868715026
8.437,0.8539582570912837
8.438,0.5630673519763162
8.439,0.8884383700031793
8.44,0.3826674524734399
8.441,-0.09697074088781246
8.442,0.3368229733959635
8.443,-0.08278805953436875
8.444,0.3202870719687514
8.445,0.167962393224479
8.446,0.2927922409756195
8.447000000000001,0.25029095555781855
8.448,-0.2226426256535165
8.449,-0.6751199774088573
8.45,-0.7264597470918135
8.451,-1.3156382850365012
8.452,-1.942680102023008
8.453,-1.3004876835856227
8.454,-1.474681243640103
8.455,-0.7643748673239414
8.456,-0.7114089165964852
8.457,0.2667103665147447
8.458,0.6919769910322973
8.459,0.5252114159318395
8.46,0.6186911952044034
8.461,0.9747114496621923
8.462,0.3850375054337025
8.463000000000001,0.8751778183905827
8.464,1.0164957301837705
8.465,1.1465874349941085
8.466,1.032945014456499
8.467,1.3965614826981185
8.468,1.482376013449933
8.469,1.0863883054225898
8.47,0.6575466161493281
8.471,0.599915676633207
8.472,-0.5593007264077361
8.473,-1.4732198563815064
8.474,-1.5198324735308397
8.475,-1.2668997734435903
8.476,-1.6737397439083384
8.477,-1.616281791672622
8.478,-0.9123912636567582
8.479000000000001,-0.9857604529185551
8.48,-0.6871459504452342
8.481,-0.49135480095955947
8.482,-0.09747951947434791
8.483,0.0010011097039404337
8.484,0.08887654174036996
8.485,-0.4399302088275595
8.486,0.2873528662666869
8.487,0.05564385774747327
8.488,0.6183263429829652
8.489,1.2797501535500215
8.49,1.2333125607555473
8.491,1.1758193198060836
8.492,1.3610341234538734
8.493,1.0583293704420802
8.494,0.411307824167127
8.495000000000001,0.5319780031721301
8.496,-0.06636635677768217
8.497,-0.23533819564328712
8.498,-0.3167968060236519
8.499,-0.3878420010524019
8.5,0.2312208266965952
8.501,0.22132349967520037
8.502,0.16768792495258633
8.503,0.5199733844481539
8.504,-0.030053103288937427
8.505,-0.44394906273138346
8.506,-0.7268952236491922
8.507,-0.6858770441741744
8.508000000000001,-1.4111160511268153
8.509,-1.318228979417369
8.51,-1.5174927911177174
8.511000000000001,-0.7040499447695259
8.512,-0.2989327559807893
8.513,-0.31515335996377375
8.514,-0.2406275937690704
8.515,0.16476151521128113
8.516,0.020201857166151943
8.517,0.2113370960704883
8.518,-0.02432741259495813
8.519,0.4649699535130212
8.52,0.5401377246814051
8.521,0.5611377722337425
8.522,1.0571463476075686
8.523,1.6337813626409483
8.524000000000001,1.4353739763341966
8.525,1.6045420404462245
8.526,1.2779567450492741
8.527000000000001,1.2244318909067782
8.528,0.24475327958788215
8.529,-0.44322885165510606
8.53,-0.5766087104777718
8.531,-1.322785654444587
8.532,-1.4098261799050966
8.533,-1.2523285261907227
8.534,-1.3489851299591569
8.535,-0.8861983789107252
8.536,-0.7494774967854902
8.537,-1.0053173678996081
8.538,-0.9208000880406096
8.539,-0.8775560211661081
8.540000000000001,-1.1177175004182285
8.541,-0.4080052991204333
8.542,-0.15362798736851993
8.543000000000001,0.3929462439528643
8.544,0.5622692743990026
8.545,1.0683439282377802
8.546,1.761352198920489
8.547,1.5807265520215605
8.548,2.0086755115289234
8.549,1.2141478049819052
8.55,1.0532737300371564
8.551,0.5793269444544394
8.552,0.0904587553907922
8.553,-0.6279422736708522
8.554,-0.45615002619979017
8.555,-0.2557388500649258
8.556000000000001,-0.04935755053686601
8.557,0.06984887550468968
8.558,-0.20965769065706963
8.559000000000001,0.12313258528718216
8.56,-0.4349684711177866
8.561,-0.6170794996712006
8.562,-0.8266132085101667
8.563,-1.282190487960026
8.564,-0.7988539769916231
8.565,-1.011842983023034
8.566,-0.5106038094764127
8.567,-0.1054364552849473
8.568,0.15867816243769814
8.569,0.5592071516181804
8.57,0.34015237637679685
8.571,0.3279932953891729
8.572000000000001,0.0775540712185862
8.573,-0.6818822995321738
8.574,-0.5656288854457108
8.575000000000001,-0.567174915081436
8.576,-0.24666839490760215
8.577,0.16970055945157603
8.578,0.9478447596858898
8.579,0.9894621266896153
8.58,1.4721609402004467
8.581,1.3742139069939119
8.582,1.602844654815058
8.583,0.8435226164020545
8.584,0.4559926811221944
8.585,-0.03152638648909101
8.586,-0.003949503718037983
8.587,-0.40381257861115943
8.588000000000001,-0.5783884880889356
8.589,-0.41221077764164216
8.59,-0.7208953923875773
8.591,-0.6852579990188934
8.592,-0.9363681519800346
8.593,-1.3322046378601173
8.594,-1.4346215575230414
8.595,-1.769345664076248
8.596,-1.1430192923442668
8.597,-1.5175426835233548
8.598,-1.1680152884513064
8.599,-0.6962050846361729
8.6,-0.3822455156722073
8.601,0.7071447566329047
8.602,1.1211983302630988
8.603,1.7793310183446358
8.604000000000001,1.7946120739717175
8.605,1.6171700697385203
8.606,1.191278610747161
8.607,1.1651406940707942
8.608,0.7162103912253559
8.609,0.2852364087676438
8.61,0.5001124063516563
8.611,0.8690156054096789
8.612,0.40213290337819896
8.613,0.12259657640281696
8.614,0.25312699199075567
8.615,-0.050982393604959514
8.616,-0.8223459653284525
8.617,-1.0077457146685576
8.618,-1.5320263036663713
8.619,-1.290950852668222
8.620000000000001,-1.0404945502449066
8.621,-1.2832538234067548
8.622,-0.7625079466249941
8.623,-0.2990493268455346
8.624,0.2944461774568599
8.625,0.3186011683938241
8.626,0.578309598676084
8.627,0.06635599481088628
8.628,0.3628277571095966
8.629,0.07017298233615937
8.63,-0.07440081264058927
8.631,0.19390823922860562
8.632,0.16222252946859686
8.633000000000001,0.8125917229866152
8.634,0.6947620871464298
8.635,0.8336619636553538
8.636000000000001,0.9434001978698324
8.637,1.0124485543804713
8.638,0.775779033757194
8.639,0.7879789880005827
8.64,0.504295716141723
8.641,0.11135032205598419
8.642,0.17876012706363598
8.643,-0.2523328989294596
8.644,0.20657525801878596
8.645,0.2677729430011925
8.646,0.046599460328499154
8.647,0.08415418900755006
8.648,0.07254154975929103
8.649000000000001,-0.5887478118551197
8.65,-1.0649323076254615
8.651,-1.3402569519898002
8.652000000000001,-1.6097344670020919
8.653,-1.6604500696719047
8.654,-1.4707066232807697
8.655,-1.1142781887178868
8.656,-0.9397042929765764
8.657,0.0709637846634249
8.658,0.7790067651496397
8.659,0.8755179805383607
8.66,0.9539204977762834
8.661,0.9277295951382429
8.662,0.8603917407209787
8.663,0.6938770519362736
8.664,0.5950547194147409
8.665000000000001,1.1597731099398105
8.666,1.2138176373591478
8.667,1.4782609991188274
8.668000000000001,1.140807238887632
8.669,1.3446655055606327
8.67,1.1260562338811875
8.671,0.052302641505056174
8.672,-0.6867763558237077
8.673,-0.7805859312962408
8.674,-1.3692669044293655
8.675,-1.5015961731938448
8.676,-1.6547744514124636
8.677,-1.2577077248867679
8.678,-1.2686755258774176
8.679,-0.7769804304387016
8.68,-0.8096187961646868
8.681000000000001,-0.20504555663622354
8.682,-0.06178702910312059
8.683,-0.21906517822297109
8.684000000000001,0.007905881492263386
8.685,-0.1880558977640123
8.686,0.3075802759088106
8.687,0.46190896716231844
8.688,0.3531830972071456
8.689,0.5982764318278926
8.69,1.102051719381891
8.691,0.8341753149953852
8.692,1.5708938061728683
8.693,0.7226013237145501
8.694,0.6476950733735719
8.695,0.12773156036227085
8.696,-0.12776769688735556
8.697000000000001,-0.5686990016694549
8.698,-0.4427418308559038
8.699,-0.424170049096387
8.700000000000001,-0.0610108554286268
8.701,0.5167439876856651
8.702,0.3485544463937653
8.703,0.23255371788260035
8.704,0.6755298258825679
8.705,-0.02819362382873991
8.706,-0.48137257795284893
8.707,-1.2988881431056996
8.708,-1.534390699360726
8.709,-1.2798476744127916
8.71,-1.3694491666946202
8.711,-0.8280718804946869
8.712,-0.7137974343052397
8.713000000000001,-0.5179680459406218
8.714,0.22530939463931837
8.715,0.5125547792429457
8.716,0.18153994778456245
8.717,0.15285805578999562
8.718,0.40001805001548046
8.719,0.3209191885405326
8.72,0.46472576681138705
8.721,0.7085055719631338
8.722,1.0743429663582864
8.723,1.518729013454141
8.724,1.6016811694230924
8.725,1.6891442183639267
8.726,1.2344146108818868
8.727,1.122792327227856
8.728,0.30591212773063947
8.729000000000001,-0.07053718392716624
8.73,-0.7579071580528759
8.731,-0.8657036264932891
8.732,-0.8930552979728723
8.733,-1.433023922824916
8.734,-1.2478359706858277
8.735,-0.8507192864882384
8.736,-0.8531256641152456
8.737,-0.9252289955091694
8.738,-0.8608240012973548
8.739,-1.1304189811792273
8.74,-0.9037284156689857
8.741,-0.5300792305520335
8.742,-0.15242873487098418
8.743,0.22991501715393323
8.744,0.3731473454972243
8.745000000000001,0.9918131949037841
8.746,1.4258607530468388
8.747,1.6450949548076286
8.748,1.34707728820803
8.749,1.388739713166279
8.75,0.7566674338637933
8.751,0.39472435840020303
8.752,0.2948424567975476
8.753,-0.13003485511049948
8.754,-0.2745677918416346
8.755,-0.21233790854882575
8.756,0.10413293138894014
8.757,0.08429929832706001
8.758000000000001,0.2307963372305003
8.759,-0.14082021459828264
8.76,-0.29235313806350727
8.761000000000001,-0.48168163586341967
8.762,-0.5750702959123559
8.763,-1.0358671371411976
8.764,-1.1838683276822097
8.765,-1.3560127759411296
8.766,-0.5563527063390583
8.767,-0.3287330204151336
8.768,-0.4241569532193865
8.769,0.2568380231672739
8.77,0.1702300163232235
8.771,0.10739250994920957
8.772,0.21414214031284406
8.773,-0.09795902975131299
8.774000000000001,-0.27897932487124644
8.775,-0.14383766836761222
8.776,-0.17075472507687017
8.777000000000001,0.4920896113112375
8.778,1.0096179274271224
8.779,1.440908838607707
8.78,1.3117368659753201
8.781,1.5519642215892662
8.782,1.1258402169979984
8.783,1.2196816460081013
8.784,0.8046339618430667
8.785,0.15746552593238175
8.786,0.3132733937223557
8.787,-0.7344738035348377
8.788,-0.2605388948887458
8.789,-0.8623645310112549
8.790000000000001,-0.8647858353052122
8.791,-0.7138834924101374
8.792,-1.148322114343041
8.793000000000001,-0.9871676075282504
8.794,-1.2409892423303448
8.795,-2.172435344022789
8.796,-1.3087842613794867
8.797,-1.64446388003926
8.798,-1.2708936192471854
8.799,-0.5625428038708425
8.8,0.3058534092182277
8.801,0.6754443298259798
8.802,0.9488509551612484
8.803,1.4002133889868493
8.804,1.3030304777516886
8.805,1.2166548329980293
8.806000000000001,1.340678403731392
8.807,1.1100346566048176
8.808,0.533396595859384
8.809000000000001,0.4399367783893461
8.81,0.7089506239257759
8.811,0.43554848515329564
8.812,0.5101409769611542
8.813,0.2881463676539699
8.814,0.2313702234623794
8.815,-0.19271570009548236
8.816,-0.7393392860083782
8.817,-0.9522897707743355
8.818,-1.344409532782513
8.819,-1.4422360991798042
8.82,-1.3982674797510117
8.821,-0.6133943462873322
8.822000000000001,-0.7773644105817586
8.823,-0.5270212423523424
8.824,0.0805702876349132
8.825000000000001,0.1053566543112181
8.826,0.40436527034882125
8.827,-0.005203691508876784
8.828,0.26669590511020724
8.829,0.029403790682333827
8.83,-0.425538825896053
8.831,-0.002914902048731932
8.832,-0.016472674825787556
8.833,0.6296028583448798
8.834,0.4927344790301147
8.835,0.8388596134389747
8.836,0.7179182905170048
8.837,0.9388755011968127
8.838000000000001,1.0814986971703011
8.839,0.6289258683509238
8.84,0.04267661037066767
8.841,-0.020458808537154247
8.842,-0.0031438898800302643
8.843,0.26360533467859554
8.844,0.500171761470397
8.845,0.49684218606330005
8.846,0.06628255600167046
8.847,0.01306674509988974
8.848,-0.757098636868083
8.849,-0.42120545231163153
8.85,-0.9358643653748078
8.851,-1.7823368276288996
8.852,-1.318245066553167
8.853,-1.584915191789217
8.854000000000001,-1.6394182126447419
8.855,-1.1464810134106478
8.856,-0.7859677450396996
8.857,0.1513536347169305
8.858,0.36319214805113176
8.859,0.32945694607098547
8.86,0.4816023160638454
8.861,0.9903699758674317
8.862,0.9505486701502153
8.863,1.2686915526095834
8.864,1.0054800456086879
8.865,0.9561098268088988
8.866,1.1711847377519522
8.867,1.3507512318934107
8.868,1.1329012472672038
8.869,0.9857268403593811
8.870000000000001,0.7588469017625715
8.871,-0.13409922049839063
8.872,0.01639826311923459
8.873,-1.0866946764717167
8.874,-1.4408577895654604
8.875,-1.58593908782993
8.876,-1.8313583077596989
8.877,-1.50489388815904
8.878,-1.5014893274308363
8.879,-0.9177591269344137
8.88,-0.2200409111356274
8.881,-0.22517493748432715
8.882,-0.34737330206414074
8.883000000000001,-0.08459920357417866
8.884,-0.20953670568566554
8.885,0.07354907483291706
8.886000000000001,-0.21611642571353495
8.887,0.2414619782792165
8.888,0.8474379904785979
8.889,1.0205567611925686
8.89,1.1345415538821384
8.891,1.1800301007295277
8.892,0.9386611016128753
8.893,1.0881359531910313
8.894,0.5174159683581163
8.895,0.30427822479692596
8.896,0.13873568031696454
8.897,-0.15324209612901527
8.898,-0.10689986677750049
8.899000000000001,-0.3542033583997741
8.9,-0.004650543315553023
8.901,0.2512043056642627
8.902000000000001,0.35881979062525493
8.903,-0.2249309828701569
8.904,-0.04944536399761651
8.905,-0.44424552719426724
8.906,-0.7255804623334206
8.907,-0.7716465046369836
8.908,-0.6981319228861749
8.909,-1.3747233601186322
8.91,-0.919060583986859
8.911,-0.8823256576197887
8.912,-0.25659765332550594
8.913,-0.18297975103866454
8.914,-0.03063704337299548
8.915000000000001,-0.18068783668705762
8.916,0.028779822090018253
8.917,0.17039685996937887
8.918000000000001,-0.24033132167554555
8.919,0.39900414754022173
8.92,0.4883118279851626
8.921,0.8161608819511492
8.922,1.3090187064784975
8.923,1.415575325876788
8.924,1.626672038329606
8.925,1.5217314017402408
8.926,1.1621086350991985
8.927,0.7804778674739268
8.928,0.25103110776895626
8.929,-0.20491095480243604
8.93,-1.1274400979966197
8.931000000000001,-1.0094407445834264
8.932,-1.508896660000472
8.933,-1.184470620239282
8.934000000000001,-1.1125211591962902
8.935,-0.8271276814153556
8.936,-1.0622788148139195
8.937,-1.0481260864548412
8.938,-0.8922334717658157
8.939,-1.092769372505715
8.94,-0.9622329774053554
8.941,-0.32246825502644205
8.942,-0.7783586816012922
8.943,0.18375886997886798
8.944,0.47703503059259744
8.945,1.073857297203215
8.946,1.4521298476636546
8.947000000000001,2.025217643888661
8.948,1.893610039778927
8.949,1.3282194346598395
8.950000000000001,1.1439504688796893
8.951,0.3022430619601378
8.952,0.34767508331178876
8.953,-0.17719900446128806
8.954,-0.33114665457372083
8.955,-0.18510655393788955
8.956,-0.09541169956937186
8.957,-0.0773522998584673
8.958,-0.030253822581712816
8.959,0.22075394057787434
8.96,-0.44138680159164334
8.961,-0.6065106335361735
8.962,-1.1490348682676343
8.963000000000001,-1.3376589637506546
8.964,-0.8733500974368217
8.965,-0.9967898862313413
8.966,-0.5110434726639715
8.967,-0.43399171866511477
8.968,-0.021764117255135544
8.969,-0.026330242637579493
8.97,0.25703039053585197
8.971,0.14652153608368446
8.972,-0.016020172573969746
8.973,-0.34641763781063994
8.974,-0.28289407879966316
8.975,-0.3120086605081502
8.976,-0.19294197197395044
8.977,-0.07702930370213551
8.978,0.9225730629368823
8.979000000000001,0.8773769245815601
8.98,1.6061851765739228
8.981,1.1017452006003512
8.982,1.0670720571866144
8.983,0.9999193098778676
8.984,0.8650677572733697
8.985,0.15467558888311533
8.986,-0.05150752243923128
8.987,-0.011215501918967419
8.988,-0.11397366907433232
8.989,-0.7556311995874557
8.99,-0.44581191578803503
8.991,-0.36061717248716624
8.992,-0.7462027567669942
8.993,-0.8651712747866074
8.994,-1.2048407716253673
8.995000000000001,-1.8648199794576532
8.996,-1.5895559349467823
8.997,-1.1696178046028143
8.998,-1.0182422752122973
8.999,-0.8605805378270672
9.0,0.4414480692302026
9.001,0.7821470461603091
9.002,1.0315038645136685
9.003,1.3057003101930413
9.004,1.5848459937882595
9.005,1.369732812865454
9.006,1.274969432996206
9.007,0.8694563196461553
9.008000000000001,0.7479455551460553
9.009,0.6606058301070434
9.01,0.5459230721508529
9.011000000000001,0.5312007701494362
9.012,0.05307178456180395
9.013,0.43393485126313097
9.014,0.05605294769069495
9.015,-0.5640958899502326
9.016,-0.831111573899828
9.017,-0.9631400611951598
9.018,-1.3279423038421418
9.019,-1.3332786001003174
9.02,-1.263199961411994
9.021,-1.0348650111565305
9.022,-0.5641598410435936
9.023,-0.30412636360359546
9.024000000000001,0.19502223789947407
9.025,0.16669783333769306
9.026,0.3424385654749208
9.027000000000001,-0.17745543690558357
9.028,-0.08865131153360858
9.029,0.07945775481260714
9.03,-0.48197662409523506
9.031,-0.05767100291342936
9.032,-0.13836516681372701
9.033,0.3302179086188203
9.034,0.8965385424018391
9.035,0.9634038001646966
9.036,1.4114602149266453
9.037,0.9827129773147113
9.038,0.9206161842697123
9.039,0.5540581578631971
9.040000000000001,0.12426527216127456
9.041,0.20068242271034992
9.042,0.0029922630662277214
9.043000000000001,0.4667254382270488
9.044,0.03666071009506354
9.045,0.05679805774857963
9.046,0.13852714235107996
9.047,0.03363038878186464
9.048,-0.36137643129549
9.049,-0.5251805754257148
9.05,-1.0630671371620348
9.051,-1.4600090841674944
9.052,-1.5535452615953063
9.053,-1.8890017167593642
9.054,-1.8548389184967469
9.055,-1.0283608578118133
9.056000000000001,-0.41133279612719276
9.057,-0.33087097016535943
9.058,0.162673693849225
9.059000000000001,0.6255675154694422
9.06,1.0141125813671759
9.061,1.0243069473281605
9.062,0.9210980966914606
9.063,0.9824929342833544
9.064,0.8162102342591958
9.065,1.4202154403398053
9.066,1.3653335009831582
9.067,1.4876001123355551
9.068,1.0669993450468327
9.069,1.4882213527797419
9.07,0.8635500597794445
9.071,0.12781083801190052
9.072000000000001,-0.1895200968344253
9.073,-1.1953788702096275
9.074,-1.5331129176019023
9.075000000000001,-1.7685782150719425
9.076,-1.813106794468809
9.077,-1.7893691522746402
9.078,-1.106180352535726
9.079,-1.16999087661421
9.08,-0.29895364226287346
9.081,0.0813998100916534
9.082,-0.14629703886572415
9.083,0.007921369274670007
9.084,-0.010095614896085639
9.085,0.03152235838049089
9.086,-0.014765887387318648
9.087,0.20722655424889375
9.088000000000001,0.46773407657486943
9.089,0.778580788822853
9.09,1.1855382322202304
9.091,1.3817910262346453
9.092,0.9141923538065686
9.093,1.3407182055930904
9.094,0.5715629700963962
9.095,-0.019438842051828942
9.096,0.01995828380127987
9.097,-0.24592744823759002
9.098,-0.30255968356281604
9.099,-0.07834391797648407
9.1,0.14281583675333603
9.101,0.3213128771672297
9.102,0.7443625765379693
9.103,0.1700041947268269
9.104000000000001,0.25660661686655095
9.105,-0.13601810979429368
9.106,-0.5039406146920737
9.107,-1.0502687497703949
9.108,-1.5919255501408758
9.109,-0.9092358653516017
9.11,-1.0646203807895036
9.111,-1.02867135870842
9.112,-0.5325517085605469
9.113,-0.4441032375619196
9.114,-0.23386852964796312
9.115,0.16101987797054607
9.116,0.3629441976232326
9.117,0.008525587246991512
9.118,0.5377497517218723
9.119,0.34019476682083816
9.120000000000001,0.6205264362697281
9.121,0.6886791303195576
9.122,0.9810902384229315
9.123,1.5399168631382814
9.124,1.2150243219155112
9.125,1.4766169029809473
9.126,1.542073436711485
9.127,0.9061820875219491
9.128,0.466984569437975
9.129,-0.4438460751568672
9.13,-0.5289561559429883
9.131,-0.8950805023851904
9.132,-1.2350762510321043
9.133000000000001,-0.9124386543322489
9.134,-0.9942913838850915
9.135,-0.8888604231556825
9.136000000000001,-0.8637435777645234
9.137,-1.0636941369663946
9.138,-0.8567413601491304
9.139,-1.074084818136887
9.14,-0.9689234295481237
9.141,-0.635477815392238
9.142,-0.6741177743529903
9.143,0.1447807882135293
9.144,0.5309259660641376
9.145,1.24758086234453
9.146,1.6824793298911174
9.147,2.1134776708276712
9.148,1.7118902594277883
9.149000000000001,1.6673789746094352
9.15,0.7908816585121128
9.151,0.7853379732974461
9.152000000000001,0.04796479685518479
9.153,-0.09691235249393108
9.154,-0.24449964255821122
9.155,-0.25768265933919765
9.156,-0.13749514938792065
9.157,-0.020047721608569397
9.158,-0.2351164744007135
9.159,-0.2833968118094667
9.16,-0.07322013423529952
9.161,-0.49730745253855696
9.162,-0.6374082405204847
9.163,-0.9689082500903659
9.164,-1.3361100458095845
9.165000000000001,-1.2491121410144368
9.166,-0.3026953487169497
9.167,-0.2585172084956986
9.168000000000001,-0.29249364524518745
9.169,0.302980730885296
9.17,0.1484369041450928
9.171,-0.028498042033456697
9.172,-0.11324072644526038
9.173,-0.23877167401581115
9.174,-0.40569094575913295
9.175,-0.1422243086505549
9.176,-0.22603503127185554
9.177,0.07402011005169867
9.178,0.7279348222119539
9.179,1.09169674367117
9.18,1.2465871065132559
9.181000000000001,1.3454480928362869
9.182,1.2046395397442438
9.183,1.2993575113799394
9.184000000000001,0.23099047211952878
9.185,0.19423544575364482
9.186,-0.14916943137165006
9.187,-0.29628651540330897
9.188,-0.6505569374906138
9.189,-0.5295539646141576
9.19,-0.25132251666023037
9.191,-1.0734326472974827
9.192,-0.6148485082743398
9.193,-1.1484199741390755
9.194,-1.152243915378432
9.195,-1.1899563648598859
9.196,-1.5813114081818036
9.197000000000001,-1.5720118448491558
9.198,-1.1193584662389016
9.199,-0.8729898182707051
9.200000000000001,0.05902237276745642
9.201,0.8264977898016094
9.202,1.2430613438521205
9.203,1.509032974819962
9.204,1.5136765222630604
9.205,1.692479940134981
9.206,0.9595814990428284
9.207,1.0973198391070556
9.208,0.9384275885950433
9.209,0.7092447930689145
9.21,0.7201112402812526
9.211,0.3369139640741948
9.212,0.39580285136927795
9.213000000000001,0.48412496104138214
9.214,0.14030025880057911
9.215,-0.22708080240135958
9.216000000000001,-0.6973369057226901
9.217,-1.1312520579069707
9.218,-1.6676053098521346
9.219,-1.6502887044508279
9.22,-1.2133901833902603
9.221,-1.2856631936381113
9.222,-0.8990534727311442
9.223,-0.42163411322778444
9.224,0.3460180173780138
9.225,0.2308232096532678
9.226,0.2154881057128864
9.227,-0.0474586370922625
9.228,0.09386761558596227
9.229000000000001,-0.16485775202086167
9.23,-0.12198413820261389
9.231,-0.08633531175333786
9.232,-0.018100026957964477
9.233,0.3403364277381239
9.234,0.6652051421110335
9.235,0.48823288089123595
9.236,1.261229289753845
9.237,0.938157482096402
9.238,1.1042245998718707
9.239,0.8319081796224639
9.24,0.16480749539295733
9.241,0.24123893899025375
9.242,-0.09292394907038015
9.243,-0.19669840857020976
9.244,0.48261929411992954
9.245000000000001,0.1942860300859918
9.246,0.3923770327998533
9.247,0.33476443866343575
9.248,-0.24368143287543442
9.249,-0.5085777704354149
9.25,-0.6488644469593257
9.251,-1.465515760423018
9.252,-1.4985889187690045
9.253,-1.2858208597098602
9.254,-1.514152774244007
9.255,-1.0325416590751604
9.256,-0.6688587145896341
9.257,-0.5264552693706701
9.258000000000001,0.2521526367229662
9.259,0.7736000660577759
9.26,1.0146323487710178
9.261000000000001,1.0343727676250252
9.262,0.4462882818650806
9.263,0.8927312244899615
9.264,1.050443739435098
9.265,1.2906548592136113
9.266,0.9638136880850898
9.267,1.1192808621647687
9.268,1.3879111843152079
9.269,1.1811789081039739
9.27,0.9075356692058412
9.271,0.38541953666321027
9.272,-0.1717087526863317
9.273,-1.0130809409145736
9.274000000000001,-1.3343728682978602
9.275,-1.7032492357951798
9.276,-1.8301721839813534
9.277000000000001,-1.6332670271185055
9.278,-1.2414116326095461
9.279,-0.3563673261030045
9.28,-0.44674180029373667
9.281,-0.020697441645794817
9.282,-0.2871764157606228
9.283,-0.15650485641153927
9.284,-0.08856658628693392
9.285,-0.2151429442243689
9.286,0.2691335983544382
9.287,0.5090987681168566
9.288,0.684956634666698
9.289,1.1745030551772655
9.290000000000001,0.8179063821259176
9.291,0.9459345369613867
9.292,1.3362991818883667
9.293000000000001,1.1091981015518457
9.294,0.7706104607860431
9.295,0.13422457967609736
9.296,0.11679093089017539
9.297,-0.4627068519547172
9.298,-0.26526037141241415
9.299,-0.3924483407109027
9.3,-0.49332758612848016
9.301,0.3747861888351421
9.302,0.14480268881219224
9.303,0.39751656071953323
9.304,0.23102798366652746
9.305,-0.3096146188968279
9.306000000000001,-0.2715764163329974
9.307,-1.0241492386140667
9.308,-1.594930889011878
9.309000000000001,-1.3510588671191726
9.31,-1.470719871923148
9.311,-0.9699573475233595
9.312,-0.5620288842140121
9.313,-0.09077864869807395
9.314,0.018467281993275332
9.315,0.14969182715611173
9.316,-0.05535317632314776
9.317,0.16226066712884077
9.318,0.0873950892847394
9.319,0.5635877986712209
9.32,0.15130840970357468
9.321,0.9337552905011394
9.322000000000001,1.5528610703325894
9.323,1.3147018820953553
9.324,1.618880248356256
9.325000000000001,1.4213312325371543
9.326,1.5047784323725144
9.327,0.8791517230315794
9.328,0.44553833881634386
9.329,-0.2226542297793389
9.33,-0.890154017331475
9.331,-0.9903678076437071
9.332,-1.2214395308053896
9.333,-1.2781518838901726
9.334,-1.378115890154047
9.335,-1.184679558438881
9.336,-1.241245159215259
9.337,-0.8875396843772173
9.338000000000001,-0.7584243681629484
9.339,-0.8629894357232437
9.34,-1.0232943157125967
9.341000000000001,-0.6081064513633633
9.342,-0.2576548788488331
9.343,0.024102911096221966
9.344,0.7586506538898729
9.345,1.4248814015481732
9.346,1.4649105453539488
9.347,1.424675118859049
9.348,1.642126155724015
9.349,1.4956331015723365
9.35,0.9998893152953175
9.351,0.07178446167448149
9.352,0.19191583370230164
9.353,-0.07502750191121575
9.354000000000001,-0.07783768298714827
9.355,-0.14807206170884468
9.356,-0.22687576708197357
9.357,-0.14441759064465615
9.358,0.2822677919117954
9.359,0.2193465778841746
9.36,0.011048474233051109
9.361,-0.5939432795489114
9.362,-0.8602960453562072
9.363,-1.264827481222977
9.364,-0.9342302607257553
9.365,-0.8041314968366416
9.366,-0.745381952141787
9.367,-0.4651374789937096
9.368,-0.15957173510657838
9.369,0.08897527083184613
9.370000000000001,0.07552450069018277
9.371,0.02889864893776145
9.372,-0.37971789573114334
9.373,-0.28639117963900446
9.374,-0.6691185437339028
9.375,-0.2096903062353868
9.376,0.019226445551824053
9.377,0.26533098439561476
9.378,0.7654693442383205
9.379,1.2484241052181493
9.38,1.4520636580770385
9.381,1.512202146373687
9.382,1.4292665690381448
9.383000000000001,0.8639712324480476
9.384,0.7889929836039709
9.385,0.5818387878704041
9.386000000000001,0.006405833600325692
9.387,-0.34758425678237476
9.388,-0.8192024601283308
9.389,-0.7086737955048872
9.39,-0.5052464669340769
9.391,-0.7444215770471395
9.392,-0.798599606994932
9.393,-1.0337396150083882
9.394,-1.5133361950970687
9.395,-1.2896007802889757
9.396,-1.8179583261525525
9.397,-1.2394950490098524
9.398,-1.1160544056533885
9.399000000000001,-0.7918075703431774
9.4,-0.04742477814169896
9.401,0.5650711816258182
9.402000000000001,1.1041152660052462
9.403,1.2932665604974811
9.404,1.6478082409907329
9.405,1.4192157969887698
9.406,1.207144364339612
9.407,0.9533922938305117
9.408,0.5129907374446804
9.409,0.8655629367683904
9.41,0.3463191077354757
9.411,0.3213757831924443
9.412,0.14684656618585584
9.413,0.4773381848792355
9.414,0.1771043464485234
9.415000000000001,-0.4835774274780924
9.416,-0.3395444320424873
9.417,-1.1121320288005432
9.418000000000001,-1.5478393787651294
9.419,-1.5253043697369297
9.42,-1.2483314576987747
9.421,-1.0629903501890976
9.422,-0.6005332806865774
9.423,-0.6785755419178732
9.424,0.08246921688776791
9.425,0.10775148169190751
9.426,0.3316039665556164
9.427,0.2246017236702952
9.428,0.47850079373376914
9.429,-0.23086680138215335
9.43,-0.0705859809834101
9.431000000000001,-0.48716925429011465
9.432,-0.09217039890509579
9.433,0.334876168305197
9.434000000000001,0.5933628178875519
9.435,0.7433445055399479
9.436,1.042254019874247
9.437,1.0383733106641668
9.438,0.9893833698245362
9.439,0.7601611840219793
9.44,0.41362492951001584
9.441,0.23137743172194308
9.442,-0.3232378438246628
9.443,-0.04113316031490984
9.444,0.16689899158707977
9.445,0.3600305367491382
9.446,-0.11688483035469249
9.447000000000001,0.10625365912812654
9.448,-0.28813586286971227
9.449,-0.7135071420689625
9.450000000000001,-1.2091508854887112
9.451,-1.4323434235932317
9.452,-1.9121670331942053
9.453,-1.7610315047473464
9.454,-1.9471741861777614
9.455,-1.1469069358171637
9.456,-0.9017967030003982
9.457,-0.10475473536672573
9.458,0.4017403582187581
9.459,0.7510896995648297
9.46,0.8789647107190351
9.461,0.867328113725823
9.462,1.1783099930667005
9.463000000000001,0.7865900584917037
9.464,0.696070930225297
9.465,1.2550409986773725
9.466000000000001,1.2428628039169636
9.467,1.6715466186266887
9.468,1.2925689475453241
9.469,1.1814409032208428
9.47,0.9091592208648862
9.471,0.38658516558985223
9.472,-0.6029490697535004
9.473,-1.033486181060767
9.474,-1.2651571025944508
9.475,-1.982961391548523
9.476,-1.9924150635631626
9.477,-1.6443728778752313
9.478,-0.9203209831259476
9.479000000000001,-0.9151535447131619
9.48,-0.4406408130499045
9.481,0.11969802670542512
9.482,0.058872630081249655
9.483,0.09430758668437689
9.484,0.1884448178838803
9.485,-0.17862530444755048
9.486,-0.10109211679005195
9.487,0.40041474208607153
9.488,0.9205147747377527
9.489,1.1365841617603845
9.49,1.2324012070093175
9.491,1.3303500460260584
9.492,0.9949599082399841
9.493,0.9581009139476072
9.494,0.6359865931581951
9.495000000000001,-0.05391092619070165
9.496,-0.24202584940385896
9.497,-0.2880155123171959
9.498,-0.09372174678189155
9.499,-0.09044103846350482
9.5,-0.018832555709548338
9.501,-0.09110426993808918
9.502,0.17182507211207296
9.503,0.455237145062828
9.504,-0.15649797064389226
9.505,-0.5704214221388154
9.506,-0.3325340476758024
9.507,-0.9659650129157082
9.508000000000001,-1.295422892453948
9.509,-1.1721620137633197
9.51,-1.1633736950738764
9.511000000000001,-1.308699977892857
9.512,-0.42128537927621557
9.513,-0.11424969500514617
9.514,0.08944673983708967
9.515,0.13546536648486024
9.516,-0.1459352500911704
9.517,0.40992249767262545
9.518,-0.007746036847333687
9.519,0.4259407706719256
9.52,0.4271547067790167
9.521,1.058467367724694
9.522,1.1231078756161794
9.523,1.4312435386783355
9.524000000000001,1.8936248384322611
9.525,1.5067704103696051
9.526,1.3706230570401838
9.527000000000001,1.1832059127267511
9.528,0.20013976093378938
9.529,0.1722249847144074
9.53,-0.6474950850215117
9.531,-1.0584289467249843
9.532,-1.3920736669064446
9.533,-1.642876883861231
9.534,-1.2322802726796276
9.535,-1.2108579405066093
9.536,-1.2588644306935224
9.537,-0.7696108328373579
9.538,-0.987889992852814
9.539,-1.1117122538332616
9.540000000000001,-0.7219889594180359
9.541,-0.8986509619150325
9.542,-0.4750872625952207
9.543000000000001,0.05301758732952381
9.544,0.6794306343620018
9.545,1.1345106541515628
9.546,1.2472059730093321
9.547,1.6605090321257607
9.548,1.784770100236366
9.549,1.5006236455875743
9.55,1.0710519954776303
9.551,0.4261488972577702
9.552,0.23026893066753207
9.553,-0.2244123790008944
9.554,-0.5341067387943211
9.555,-0.225291018119666
9.556000000000001,-0.17161984725851298
9.557,0.018477491871555285
9.558,0.4836513492805095
9.559000000000001,0.03783236047818073
9.56,-0.10882081647321698
9.561,-0.7597184688329416
9.562,-0.4218094516464483
9.563,-0.9907392513205038
9.564,-1.0805413677522058
9.565,-1.0078995988632173
9.566,-0.5661722918905343
9.567,-0.7174762557981628
9.568,0.20950394317384996
9.569,-0.06570834170543888
9.57,0.0714741172018246
9.571,0.1624928847490199
9.572000000000001,-0.07763658414609155
9.573,-0.27084054383950806
9.574,-0.14244288631490448
9.575000000000001,-0.5831141953171003
9.576,-0.3081491877592734
9.577,0.262540275252472
9.578,0.8226051242476521
9.579,1.1832512751823965
9.58,1.1976837984155946
9.581,1.3233296822620326
9.582,1.2566042155284134
9.583,0.9087918339148896
9.584,0.8283655216576105
9.585,0.38027351432675816
9.586,-0.10155766659658301
9.587,-0.2638799114419291
9.588000000000001,-0.4429062330037864
9.589,-0.36982939602727727
9.59,-0.5665925203570105
9.591000000000001,-0.3725802964270112
9.592,-1.129810663753479
9.593,-0.8356680596676138
9.594,-1.2512182495943434
9.595,-1.3703011756977084
9.596,-1.7885424500801583
9.597,-1.5988325801457874
9.598,-1.331531339878471
9.599,-0.7150946267114889
9.6,-0.06297076417375831
9.601,0.9040401763378866
9.602,0.958550856862925
9.603,1.6242721370529734
9.604000000000001,1.4890918314768293
9.605,1.4936667844872753
9.606,1.3915304133655546
9.607,1.4927585529713272
9.608,0.3664936723282053
9.609,0.8473978115591825
9.61,0.9484757489528157
9.611,0.44501561314733734
9.612,0.4608064340208438
9.613,0.7181564037741635
9.614,0.235925432353097
9.615,-0.14958084344496209
9.616,-0.6086058702078273
9.617,-1.1563778952264663
9.618,-1.185286347953022
9.619,-1.7685334897377762
9.620000000000001,-1.6622132610169154
9.621,-1.3249097076369494
9.622,-0.8412490354240123
9.623,-0.30134889433009254
9.624,0.03456691458521423
9.625,0.2994169172919317
9.626,0.16862506006334504
9.627,0.7113617357158688
9.628,-0.03196395472648028
9.629,-0.08273476653666477
9.63,-0.05137435702331292
9.631,-0.24545840839881128
9.632,0.41969577267154834
9.633000000000001,0.033041934846188725
9.634,0.7170099012232066
9.635,0.7757811998993609
9.636000000000001,0.9690308829074261
9.637,0.8664751813853959
9.638,1.004418139981472
9.639,0.6222694170597675
9.64,0.10244287786849099
9.641,-0.030669331874783864
9.642,0.09448550836127043
9.643,-0.5873714547204099
9.644,0.46565194369900936
9.645,0.4947157066657553
9.646,0.3088897381003453
9.647,0.0005997450247069575
9.648,-0.3319832143834233
9.649000000000001,-0.16163616144538484
9.65,-0.9271505139191989
9.651,-1.3936440022277652
9.652000000000001,-1.741504998973976
9.653,-1.531414457877945
9.654,-1.3530015997664218
9.655,-1.095934863071684
9.656,-0.5110549275560096
9.657,-0.12050848086472321
9.658,0.5223136239860043
9.659,0.6250887243512595
9.66,1.2878111353349742
9.661,1.199814374737806
9.662,1.031467469696704
9.663,0.8444393823259384
9.664,1.1294492063633388
9.665000000000001,1.2600058431919456
9.666,1.0206641585759726
9.667,1.1176214959797086
9.668000000000001,1.0153561455386877
9.669,1.1425811553877294
9.67,1.0913684288658931
9.671,0.35259712843408464
9.672,-0.5285512465481669
9.673,-0.7632288252072712
9.674,-1.364745627555179
9.675,-1.4956532437702494
9.676,-1.5012953550463173
9.677,-1.3058638744853714
9.678,-1.285883535785449
9.679,-0.46575419354199726
9.68,-0.7099390985079423
9.681000000000001,-0.21792667544052413
9.682,0.21861015763691138
9.683,-0.15504453636676496
9.684000000000001,-0.019636391481372403
9.685,0.19994709186567267
9.686,0.25350410712748594
9.687,0.31978387464332114
9.688,0.8581058820231509
9.689,0.6876610630496907
9.69,1.4053670682667998
9.691,0.8748615155619055
9.692,1.100910078798404
9.693,1.0522987847749508
9.694,0.3818503241771359
9.695,-0.11060292624393231
9.696,0.222619020361828
9.697000000000001,-0.24144299953351023
9.698,-0.49988457045068363
9.699,-0.429200591116808
9.700000000000001,-0.19861132960381433
9.701,0.2032673602598788
9.702,0.17164088064368957
9.703,0.057645869166811664
9.704,0.03609323614015971
9.705,-0.03232580456696654
9.706,-0.3982439067112732
9.707,-0.8966902960958603
9.708,-1.0931983268109025
9.709,-1.228013728944961
9.71,-1.5777363046012034
9.711,-0.3699262116620471
9.712,-0.5777563468618211
9.713000000000001,-0.10480000528526684
9.714,0.6315475541362631
9.715,0.0798770558305838
9.716000000000001,0.3262854240697791
9.717,0.3880404495792258
9.718,0.18997466733029406
9.719,0.12014358315776011
9.72,0.3881475519926443
9.721,0.9064633976095884
9.722,1.251248083456714
9.723,1.4711166113158816
9.724,1.6730262847490933
9.725,1.4112086808387163
9.726,1.4449932922166113
9.727,1.1085713189071402
9.728,0.5453302853913891
9.729000000000001,-0.25582888045986
9.73,-0.924956987975073
9.731,-0.9265794465336155
9.732,-1.2777093612489514
9.733,-1.1777013666766227
9.734,-1.439304432733943
9.735,-1.2414808588994262
9.736,-0.6607357202234682
9.737,-1.019192129127908
9.738,-0.933593114046997
9.739,-1.2682644228161568
9.74,-0.8570187294456517
9.741,-0.4802601411290245
9.742,-0.1857678288126411
9.743,-0.08050053315867212
9.744,0.4516595365068015
9.745000000000001,1.3543134730729407
9.746,1.655218261640506
9.747,1.4363672905187954
9.748,1.4959659795585494
9.749,1.4949589644047474
9.75,0.8463845390055088
9.751,0.46876445116197973
9.752,0.4806694559690197
9.753,0.09009842514427391
9.754,-0.4886086727831107
9.755,-0.11891856523287431
9.756,-0.08169974857578319
9.757,-0.1427111127363581
9.758000000000001,-0.009684096347888315
9.759,-0.12207988728332175
9.76,0.13041114209343152
9.761000000000001,-0.47332303897749056
9.762,-0.8670530623299639
9.763,-1.047163414000532
9.764,-0.844023325014901
9.765,-0.802638081397099
9.766,-0.5843202765954526
9.767,-0.14914017164423027
9.768,-0.3304111048374205
9.769,0.19570988254809774
9.77,0.10811389689773734
9.771,0.12122193576660052
9.772,-0.008889588355527223
9.773,-0.3875034785086717
9.774000000000001,-0.13811328252006738
9.775,-0.4027446110265751
9.776,-0.35358686376540194
9.777000000000001,0.3467893393325716
9.778,0.4963091405068605
9.779,1.3186345434551368
9.78,1.4569121773000013
9.781,1.409997303392334
9.782,1.4648101544677572
9.783,1.3589584580961267
9.784,0.661786981548538
9.785,0.32212817450487785
9.786,-0.019003170319682752
9.787,-0.12348209875882243
9.788,0.023896525675432878
9.789,-0.13743903367520516
9.790000000000001,-0.588486705557442
9.791,-0.7705908853777681
9.792,-0.8029967414074592
9.793000000000001,-1.0721471505379954
9.794,-1.3547084758973067
9.795,-1.4957754643787475
9.796,-1.5889725970460384
9.797,-1.3875284588539256
9.798,-1.0507899962827734
9.799,-0.7617196955879142
9.8,-0.10480101247974154
9.801,0.5799160292646942
9.802,0.9918113329344146
9.803,1.5525448283335348
9.804,1.8525586923877526
9.805,1.4100106444534801
9.806000000000001,1.6695491376051474
9.807,1.0067410262639596
9.808,1.0093854745247484
9.809000000000001,0.632354538209265
9.81,0.7202362023898546
9.811,0.8209763131908846
9.812,0.246240652034455
9.813,0.1482639262831328
9.814,0.14699391720874402
9.815,-0.5041905548441463
9.816,-0.6406978340838689
9.817,-0.9523334843900638
9.818,-1.5577261814841779
9.819,-1.7426743340846833
9.82,-1.5455378101086534
9.821,-1.001337748607171
9.822000000000001,-0.6387716748670004
9.823,-0.2549093119126028
9.824,0.0776681981530844
9.825000000000001,0.20917059311139408
9.826,0.4840378431596588
9.827,0.2316249178910903
9.828,0.21815626189369697
9.829,-0.349872957984067
9.83,-0.4023305241011318
9.831,-0.1104642874992713
9.832,0.23932551567084503
9.833,0.10419921332624182
9.834,0.756940185853967
9.835,0.6202779676709809
9.836,1.153718701139066
9.837,0.978281996635281
9.838000000000001,0.5423021312053004
9.839,0.7229100624609243
9.84,0.4404988434087911
9.841000000000001,0.1268883585367664
9.842,0.05869958243005015
9.843,0.17606269650138517
9.844,0.24628530212077976
9.845,0.3467551777002126
9.846,0.726723840304874
9.847,-0.0343588807850633
9.848,-0.27047908619253647
9.849,-0.4167484250211736
9.85,-0.961828902288465
9.851,-1.6605672886875116
9.852,-1.8708574145503385
9.853,-1.6708275358907763
9.854000000000001,-1.6022205426133838
9.855,-1.3345585252462542
9.856,-0.639016214952834
9.857,-0.09658641908137153
9.858,0.4700897938591216
9.859,0.7013245525751314
9.86,0.9237576404903008
9.861,0.9512852020558921
9.862,1.1778722069601704
9.863,0.8144941816166299
9.864,1.012529424911332
9.865,1.1025073056477528
9.866,1.196711313154355
9.867,1.0492976248838466
9.868,1.0306431305236181
9.869,1.4073503648198264
9.870000000000001,1.2378143317904213
9.871,0.04131352989786238
9.872,-0.36375120171862735
9.873,-0.6542813821502321
9.874,-1.4150186558395652
9.875,-1.5164026913680293
9.876,-1.7964924631090815
9.877,-1.7670538733365806
9.878,-1.3525710619434839
9.879,-0.7047816820499869
9.88,-0.4234420280527059
9.881,-0.3552365675703612
9.882,0.10295260027702877
9.883000000000001,0.0935536696391045
9.884,-0.22602754435485237
9.885,-0.18584895594866246
9.886000000000001,-0.003803913776239398
9.887,-0.024566141615236736
9.888,0.4639037808441085
9.889,1.0831846938567644
9.89,0.786942314614449
9.891,1.1561949001946468
9.892,1.1030498296071258
9.893,0.8340893699061299
9.894,0.3353584299145676
9.895,0.07296059078743494
9.896,0.1305028007994804
9.897,-0.2546460107424865
9.898,-0.2648787600024004
9.899000000000001,-0.1649601498088214
9.9,0.1039218157271279
9.901,0.40856093593624787
9.902000000000001,0.47648486032601567
9.903,0.5620885321105391
9.904,0.04180866057079534
9.905,-0.3016501431411285
9.906,-0.5201320916643748
9.907,-0.6415454420901345
9.908,-1.1607175499322484
9.909,-1.682017136616214
9.91,-1.422045381222252
9.911,-0.6925479690730927
9.912,-0.6401489787010207
9.913,-0.09307778844910358
9.914,0.12553152890677757
9.915000000000001,0.09930704675905083
9.916,0.08683066647666104
9.917,-0.09274811686335227
9.918000000000001,-0.14524822288130018
9.919,0.18709222397059175
9.92,0.10487393774866804
9.921,0.9618849328079506
9.922,1.2296416212960886
9.923,1.8466351727211214
9.924,1.8527330710093153
9.925,2.0973974117845384
9.926,1.4212756956338795
9.927,1.0160450443945843
9.928,0.42079498774137347
9.929,-0.14091631681115896
9.93,-0.5415630060818166
9.931000000000001,-1.4188025797569852
9.932,-1.597797138123979
9.933,-1.2863094789462313
9.934000000000001,-1.2599917300433303
9.935,-1.0371761482436361
9.936,-0.8514695066373132
9.937,-1.0685303850559589
9.938,-0.7485268507004554
9.939,-1.1897735276972523
9.94,-0.7248487367963494
9.941,-0.700174310328149
9.942,-0.5493447436730914
9.943,-0.017065534777442617
9.944,0.6308235889719709
9.945,1.2009182143905595
9.946,1.6387732126747319
9.947000000000001,1.4758205813854353
9.948,1.8328207771596152
9.949,1.255880643143452
9.950000000000001,1.0764900378843685
9.951,0.7686618778459381
9.952,0.04066546398815231
9.953,-0.021528296137439215
9.954,-0.579645455189765
9.955,-0.14661056531352695
9.956,-0.0981148805993192
9.957,-0.013523075288961694
9.958,0.3182597451406352
9.959,-0.5171068392421989
9.96,-0.25265097106126366
9.961,-0.7017496512858863
9.962,-0.7736987401654685
9.963000000000001,-0.7123699647405752
9.964,-0.8451880946935127
9.965,-0.9238116000527421
9.966000000000001,-0.6588045456645151
9.967,-0.5387158256859665
9.968,-0.2946835598673917
9.969,-0.06323312655635169
9.97,0.16607539507039631
9.971,0.23128878292782207
9.972,-0.17870398755267697
9.973,-0.1970243876148575
9.974,-0.5527913614698482
9.975,-0.318965535427212
9.976,-0.27077729043618126
9.977,0.2423947482852407
9.978,0.9926284580019298
9.979000000000001,1.0482973240281412
9.98,1.745892762162007
9.981,1.582973207065582
9.982000000000001,1.5269758372538054
9.983,1.0996707525098988
9.984,0.33213931247896183
9.985,0.5383716585834584
9.986,-0.20160608108750244
9.987,-0.14439553077758124
9.988,-0.4549318440693668
9.989,-0.3558929908728118
9.99,-0.31098442876456495
9.991,-0.5718006919388727
9.992,-0.7886965306675459
9.993,-0.6134612376929409
9.994,-1.235386519064002
9.995000000000001,-1.287646111826195
9.996,-1.9505560689869976
9.997,-1.693286096535028
9.998,-1.4889491132195878
9.999,-0.523964736109045
